物业编号,面积㎡,房龄,楼层,朝向,到市中心距离km,到最近地铁距离km,学区,经度,纬度,成交期,成交单价元每平
H00001,121.2,20.5,6,东南,21.884,0.632,0,116.353962,39.964751,20,31434.6
H00002,106.5,7.5,14,东,7.452,3.229,1,116.31835,39.862033,5,52596.7
H00003,135.8,24.7,20,南,8.205,2.694,1,116.515872,40.078738,12,38180.3
H00004,154.0,7.8,29,东,15.589,0.343,1,116.36768,39.721409,19,57758.0
H00005,101.8,3.9,18,东,3.264,1.769,0,116.396424,39.892087,6,51381.1
H00006,159.5,1.7,13,北,23.451,1.909,1,116.263639,39.7601,24,47052.3
H00007,99.5,5.4,4,北,17.895,3.162,0,116.119306,40.094974,24,40154.4
H00008,153.3,28.3,24,北,18.697,0.625,1,116.080996,39.880855,17,45330.3
H00009,122.2,14.5,17,西,12.244,2.027,1,116.52377,39.993005,6,41498.2
H00010,85.5,13.2,8,南,24.796,2.445,0,116.492336,39.738856,5,20032.6
H00011,91.8,20.0,2,东,9.115,0.484,1,116.467802,40.056598,1,30490.6
H00012,121.6,23.8,16,北,20.126,4.541,0,116.1446,39.874483,20,44378.4
H00013,156.5,21.0,19,南,21.303,2.143,0,116.07536,39.957729,16,43313.8
H00014,91.6,2.7,24,东,2.67,2.44,1,116.024503,39.98936,7,60206.4
H00015,94.4,15.2,20,东南,23.707,2.343,1,116.39897,39.984227,12,31730.5
H00016,47.5,15.8,4,东,17.742,1.37,1,116.423772,39.808698,24,25086.6
H00017,157.9,12.5,29,南,1.106,2.33,0,116.381769,39.954818,14,79179.7
H00018,156.6,3.2,3,西,13.728,3.131,1,116.322218,39.717759,8,57828.8
H00019,114.3,6.8,16,南,22.192,2.327,1,116.1799,40.08612,21,58123.6
H00020,100.3,0.7,6,东南,9.079,2.769,0,116.185362,39.896064,4,51318.8
H00021,104.9,6.7,30,东南,1.302,3.444,1,116.114209,39.760274,22,60045.6
H00022,117.6,23.1,13,东,13.231,2.518,0,116.23988,39.78433,3,27074.9
H00023,93.1,7.5,18,西南,15.212,0.374,1,116.100388,40.048371,9,44557.3
H00024,71.1,2.8,22,东,6.832,3.485,0,116.548455,39.989087,11,37255.7
H00025,140.4,23.9,9,北,16.899,1.277,0,116.143398,40.060157,18,34338.5
H00026,150.1,23.3,4,南,5.555,4.155,1,116.101886,39.898333,16,53411.7
H00027,103.6,2.4,18,北,20.666,3.518,0,116.284307,39.840511,17,38932.7
H00028,63.8,28.2,27,南,17.719,1.736,0,116.237465,40.027701,1,28497.4
H00029,102.7,3.1,27,西,20.383,2.645,1,116.120263,40.024107,13,51293.0
H00030,87.5,17.7,21,南,20.069,3.729,1,116.296811,39.99715,22,31200.6
H00031,49.9,18.3,28,西南,14.063,3.99,1,116.287822,40.097271,6,25372.4
H00032,145.0,4.7,1,南,11.756,4.031,0,116.498937,40.071972,11,41276.9
H00033,139.2,5.8,5,北,7.513,4.898,0,116.053365,40.02733,9,75019.2
H00034,130.7,22.2,29,南,7.228,1.792,1,116.475528,40.051783,4,58949.5
H00035,79.0,15.9,23,东南,17.371,3.616,0,116.395266,39.805963,23,36234.0
H00036,79.2,7.8,2,东,9.13,3.548,0,116.436819,39.860513,5,38392.1
H00037,148.2,22.4,18,东,2.027,3.726,1,116.149449,39.878487,10,61289.1
H00038,58.5,15.1,18,东,9.966,4.499,0,116.03321,39.957425,21,32723.8
H00039,82.5,6.6,19,南,5.396,1.629,1,116.399004,40.021797,11,47851.9
H00040,119.8,13.1,29,南,24.16,4.698,1,116.294634,40.090314,5,51944.9
H00041,156.0,20.5,4,西,17.515,1.552,0,116.534813,39.874511,4,47077.0
H00042,87.7,16.7,22,东,11.861,2.01,1,116.423902,39.886418,12,36245.9
H00043,64.3,11.1,17,南,23.253,2.757,0,116.530162,39.946295,17,25957.1
H00044,57.6,26.3,22,东,15.036,1.485,1,116.116846,40.076873,21,29855.6
H00045,85.6,24.8,23,南,3.577,0.272,1,116.164423,40.039138,21,46119.1
H00046,97.9,3.8,22,东,14.097,1.007,0,116.177977,39.930556,3,43615.7
H00047,73.1,24.9,1,西,10.406,4.388,1,116.357491,39.930206,8,30824.9
H00048,120.3,7.8,8,东,20.243,2.443,1,116.449123,40.002642,24,48199.3
H00049,85.9,15.3,10,北,12.548,4.944,1,116.42862,39.910018,5,27976.6
H00050,101.4,4.0,24,东,24.744,3.599,0,116.28835,39.708516,22,33517.2
H00051,119.7,6.9,23,东南,23.681,0.489,1,116.52144,39.971591,24,47850.8
H00052,150.7,26.0,24,南,19.014,1.177,0,116.347789,39.981615,23,54702.9
H00053,113.7,22.8,12,东南,11.297,0.594,0,116.264314,40.010714,23,46181.8
H00054,156.8,27.1,25,东,21.019,4.691,1,116.369476,39.773913,18,46763.7
H00055,51.8,21.5,24,南,20.591,2.976,0,116.57755,39.912175,11,22281.6
H00056,67.9,6.7,18,西,22.664,3.443,0,116.40175,39.706319,24,28641.9
H00057,61.5,14.6,22,南,21.336,2.376,0,116.282728,39.928144,12,28448.0
H00058,59.3,10.6,3,南,7.563,0.805,1,116.143878,40.063772,17,41888.6
H00059,132.4,28.9,9,西,16.496,1.114,1,116.459931,40.048785,15,32017.0
H00060,119.0,13.5,24,东南,15.532,4.734,1,116.189686,39.979756,3,35086.3
H00061,114.5,27.4,20,南,14.724,2.544,0,116.051254,39.825499,16,42392.3
H00062,78.5,26.3,27,南,12.14,3.04,1,116.011139,39.82114,10,29589.1
H00063,134.1,11.5,19,东南,24.599,4.034,1,116.430613,40.072246,12,50533.7
H00064,64.1,6.9,1,西,11.221,0.841,0,116.152047,39.817842,18,39021.9
H00065,66.2,26.0,23,南,24.817,0.744,0,116.31285,40.053137,21,26498.6
H00066,153.0,2.6,23,南,22.351,1.7,0,116.387725,39.716503,9,51427.0
H00067,75.7,3.6,12,东,23.76,2.32,1,116.048167,39.988335,9,38301.1
H00068,149.0,20.4,9,南,13.512,4.727,0,116.037685,39.781003,17,54149.5
H00069,108.0,9.1,25,东南,10.251,3.854,0,116.046438,39.755547,12,40435.5
H00070,116.1,10.3,7,北,11.22,2.564,0,116.007125,39.788732,16,50910.4
H00071,117.8,0.9,25,东,6.928,4.749,1,116.073438,40.086365,13,64884.9
H00072,71.0,23.8,8,东,12.721,2.941,1,116.542066,39.718017,14,31128.2
H00073,139.0,5.2,8,东南,12.793,2.421,1,116.267009,39.733234,6,53736.4
H00074,148.7,4.5,9,南,6.6,4.975,1,116.376475,39.855757,2,68184.9
H00075,117.9,0.0,25,东南,9.081,3.954,1,116.185945,39.715342,7,53987.7
H00076,122.8,19.5,16,南,4.445,0.854,1,116.462587,39.865686,16,48249.6
H00077,112.3,4.8,22,南,24.004,4.591,0,116.239278,39.826447,10,41731.9
H00078,88.3,11.5,27,东南,19.969,4.239,0,116.175626,40.004644,4,36356.6
H00079,122.9,24.0,10,南,9.098,4.452,1,116.527508,40.050582,17,37027.6
H00080,111.0,10.6,14,南,7.721,3.615,0,116.567479,39.961355,13,41281.5
H00081,125.6,29.5,30,南,6.801,4.905,1,116.481795,39.738727,10,41349.2
H00082,114.2,20.6,29,南,8.488,3.427,0,116.422373,39.737239,5,42191.8
H00083,145.4,6.5,11,西,13.225,3.616,1,116.512727,39.990335,2,53131.4
H00084,127.8,25.0,26,东南,18.389,4.203,0,116.428806,40.046727,20,36877.2
H00085,60.1,22.2,3,北,23.229,2.476,1,116.485359,39.772372,24,20582.3
H00086,120.9,28.6,11,西,3.273,0.613,1,116.221067,39.911069,21,42920.8
H00087,134.8,28.2,9,东,8.208,1.12,0,116.436001,39.704782,3,32319.6
H00088,78.3,20.1,20,西,11.219,1.624,0,116.577174,40.018447,1,29145.4
H00089,88.5,27.0,14,西,23.053,1.165,1,116.451815,39.823804,15,25610.1
H00090,69.9,8.9,18,西,21.12,3.997,0,116.458398,39.89752,18,30640.6
H00091,62.9,25.6,23,南,3.564,1.063,1,116.534064,40.081516,4,24982.2
H00092,96.2,5.8,11,南,16.64,2.702,0,116.474675,39.992517,18,51601.1
H00093,106.7,29.2,11,北,14.443,2.375,1,116.565698,39.963644,15,29503.0
H00094,105.4,14.8,20,北,10.332,0.929,1,116.098063,39.783592,20,49848.9
H00095,107.5,17.9,29,东,14.849,0.384,0,116.171513,39.740661,1,50539.0
H00096,77.7,4.0,28,南,5.93,3.549,0,116.41238,39.983814,18,40099.8
H00097,56.3,20.3,8,西,10.439,1.093,0,116.273797,39.82029,23,32362.3
H00098,152.3,19.3,27,南,18.361,0.333,1,116.398604,40.047596,18,48941.3
H00099,64.8,1.8,20,西,14.252,1.389,1,116.170052,39.935538,9,44028.4
H00100,151.9,6.1,26,南,24.267,3.427,0,116.22963,39.760686,6,42207.4
H00101,150.3,20.7,27,东,19.879,3.918,0,116.126659,39.711545,16,34592.3
H00102,96.0,18.2,8,东,4.603,0.668,0,116.363008,40.042513,1,45598.1
H00103,126.2,19.1,10,西,17.661,2.082,1,116.001022,39.879359,2,40905.3
H00104,66.3,8.4,9,北,13.057,4.908,1,116.15019,40.034805,15,38515.8
H00105,156.7,10.5,2,西南,16.588,4.764,1,116.093323,39.942685,20,58755.9
H00106,119.0,24.4,26,北,21.56,1.886,0,116.505326,39.857594,12,29829.8
H00107,91.0,15.7,22,西南,12.72,0.205,0,116.33165,40.083431,16,41354.9
H00108,133.5,15.5,2,南,9.168,2.229,0,116.50909,39.961063,13,48180.2
H00109,83.3,13.1,6,西,19.547,4.18,1,116.342825,39.862078,24,32474.5
H00110,155.2,9.4,3,南,3.798,3.311,0,116.009476,40.076081,16,64006.1
H00111,77.5,29.4,21,南,24.747,3.599,1,116.154955,39.950624,23,32543.5
H00112,74.9,29.5,6,西南,18.972,3.821,1,116.422248,39.951022,15,21152.2
H00113,102.6,29.1,19,南,17.659,0.561,0,116.038772,39.905729,7,35450.1
H00114,117.3,18.9,10,南,9.116,4.582,0,116.454607,39.921591,1,28873.3
H00115,73.7,0.1,26,西南,18.356,4.769,1,116.0307,39.931026,3,43324.6
H00116,111.2,28.5,8,西,8.042,2.322,1,116.334849,39.912149,6,28886.7
H00117,116.8,18.7,18,南,13.106,1.818,1,116.556951,39.926771,17,46369.1
H00118,46.8,18.4,27,东,12.007,0.606,1,116.263673,39.735178,21,30292.2
H00119,154.3,19.1,9,东,10.178,2.213,0,116.345314,40.024428,24,50290.8
H00120,89.4,4.5,21,西,18.709,4.164,0,116.002709,39.955354,11,43174.8
H00121,148.9,22.1,6,南,21.747,4.378,1,116.484703,40.058992,21,43660.2
H00122,154.1,20.9,29,东南,4.78,4.459,1,116.187044,39.904956,24,73455.1
H00123,70.8,26.4,2,南,2.955,0.172,0,116.09672,39.78601,11,32191.9
H00124,148.5,24.6,27,东,18.572,4.667,0,116.526074,39.891939,14,46640.5
H00125,105.2,25.6,8,北,20.096,3.365,1,116.509445,39.744862,11,26521.7
H00126,101.4,14.2,26,南,21.141,2.497,0,116.206347,39.983299,5,33398.5
H00127,101.1,5.7,13,东,19.185,4.399,1,116.226447,39.928892,23,53641.6
H00128,107.6,15.4,10,东,3.839,0.837,1,116.27937,39.903932,11,40162.3
H00129,68.1,8.0,12,南,16.796,0.925,0,116.376792,39.863782,22,29105.5
H00130,81.4,26.7,27,北,16.783,2.04,1,116.137487,39.996579,9,35180.6
H00131,114.6,2.5,19,东南,4.118,1.196,1,116.557047,40.087232,4,48490.9
H00132,94.3,15.5,20,南,24.38,0.384,1,116.043132,39.977247,16,39995.9
H00133,131.0,10.0,7,东南,10.143,0.967,0,116.177322,39.87354,6,48984.4
H00134,49.2,14.4,21,南,19.713,2.072,0,116.02758,39.893897,15,29205.2
H00135,153.5,28.7,14,南,18.699,1.141,0,116.289542,39.807283,16,50692.0
H00136,97.8,25.5,12,北,9.0,1.049,1,116.011073,39.78175,23,38580.3
H00137,154.2,21.8,18,北,11.856,0.427,0,116.38184,39.861052,11,41587.1
H00138,105.2,22.8,13,东,7.741,0.849,1,116.354278,39.979794,1,41553.9
H00139,70.7,7.4,5,东,15.263,4.904,0,116.544925,39.956789,8,25850.8
H00140,121.3,0.1,1,南,23.092,4.727,1,116.213794,39.715571,8,40248.5
H00141,51.3,6.6,5,东南,14.516,1.95,1,116.486992,39.928477,21,32779.7
H00142,153.7,15.0,18,南,22.204,3.074,1,116.576175,39.808531,12,44405.5
H00143,73.3,13.9,26,南,14.213,4.04,0,116.547264,40.09647,3,29308.1
H00144,61.3,12.5,28,北,22.757,3.756,0,116.151085,39.905143,16,26354.0
H00145,112.0,12.2,26,东,16.975,1.007,0,116.560638,39.831294,1,36693.5
H00146,76.8,14.8,22,东南,2.723,4.385,1,116.277168,40.059271,14,51207.3
H00147,75.6,17.4,28,西南,22.43,3.946,1,116.184997,40.073842,19,31179.2
H00148,123.6,28.4,2,东南,2.875,1.813,0,116.568401,39.701596,20,35484.3
H00149,68.9,3.7,5,东南,10.369,2.555,0,116.165379,40.008432,4,42207.3
H00150,158.6,7.8,30,北,13.63,1.624,0,116.38057,39.789818,11,50371.1
H00151,147.6,21.9,19,西,13.153,4.186,0,116.191647,40.031525,6,39034.8
H00152,123.9,19.9,2,北,4.705,0.859,1,116.516531,39.932206,2,44233.0
H00153,55.7,6.2,16,南,13.306,1.168,0,116.295903,39.951812,3,27448.2
H00154,114.1,29.2,16,西,13.348,4.986,0,116.499085,39.75653,4,23861.2
H00155,138.3,0.3,3,南,17.97,4.939,1,116.289215,39.760612,12,55071.1
H00156,100.2,1.8,23,北,24.706,1.506,1,116.560545,39.966935,6,41452.8
H00157,84.4,19.9,7,北,17.625,0.521,0,116.430114,39.873568,14,35203.8
H00158,78.0,13.0,18,南,19.697,1.675,0,116.407762,39.838737,22,29002.0
H00159,99.7,6.1,13,北,19.983,4.379,1,116.022352,39.764383,10,37693.3
H00160,139.8,17.1,30,北,15.29,4.526,1,116.446724,39.775555,20,53111.0
H00161,142.3,8.8,15,西,4.287,2.175,0,116.40405,39.99001,22,72555.5
H00162,73.7,4.5,23,北,11.708,3.076,1,116.097037,40.069673,20,41075.4
H00163,92.5,3.0,4,西,14.983,1.543,1,116.291499,40.049623,15,43185.4
H00164,138.3,5.3,16,南,15.768,4.948,1,116.416964,39.927271,4,59231.8
H00165,90.7,8.0,16,南,12.664,3.135,0,116.576495,40.041901,3,31505.2
H00166,127.7,20.0,6,南,5.935,1.631,0,116.455388,39.876416,1,40023.2
H00167,126.2,9.7,20,南,11.758,1.399,0,116.02982,39.869941,18,48035.6
H00168,122.6,20.9,17,东,20.95,4.479,0,116.142452,39.812038,8,38915.3
H00169,120.8,27.3,30,西南,17.084,4.835,1,116.471597,39.965329,15,37877.9
H00170,122.7,10.0,4,东,7.88,0.484,0,116.376654,39.708381,2,52430.1
H00171,153.2,16.0,3,南,14.796,4.135,1,116.299796,39.800516,10,38942.9
H00172,84.2,25.2,18,西,5.328,3.17,1,116.349522,39.917949,14,36490.5
H00173,154.5,28.5,1,南,17.113,3.654,0,116.106019,40.087922,6,43556.5
H00174,149.6,26.9,17,北,20.689,2.446,0,116.251074,39.73594,16,43496.8
H00175,103.8,12.4,17,东,3.95,2.344,0,116.466438,39.989753,18,37665.5
H00176,54.9,26.9,24,南,1.736,1.146,1,116.099871,39.929019,5,32653.0
H00177,112.1,4.8,10,南,10.526,0.882,0,116.196762,39.795605,11,57335.2
H00178,105.5,29.2,17,北,15.531,2.859,1,116.250421,40.094232,20,37912.5
H00179,48.1,19.7,18,西,8.173,1.177,0,116.084627,39.849491,21,31709.0
H00180,106.5,1.3,24,西,14.918,0.584,0,116.287157,39.782506,13,47658.8
H00181,127.9,22.7,18,东,19.936,1.35,1,116.481672,39.970416,12,37472.6
H00182,155.3,9.6,9,北,23.083,3.408,1,116.585738,39.71205,13,55566.0
H00183,86.7,15.7,9,南,22.276,1.645,1,116.593887,39.891878,16,48491.4
H00184,158.7,1.3,27,西,1.357,3.798,0,116.046422,39.767009,10,99225.7
H00185,80.8,29.5,14,南,14.402,4.407,1,116.222582,40.067171,7,19033.6
H00186,128.6,8.1,24,西南,1.792,3.247,0,116.236254,39.758184,20,43449.4
H00187,101.6,26.5,28,东,17.764,0.415,1,116.499866,40.063506,1,30241.5
H00188,153.5,3.1,4,南,3.86,1.024,0,116.336163,39.945127,12,71981.2
H00189,48.3,16.3,5,北,21.263,2.869,1,116.271752,40.063982,22,25635.1
H00190,78.7,20.3,13,南,20.845,0.989,1,116.093378,39.76151,11,37029.7
H00191,139.9,8.2,5,南,5.872,3.341,0,116.055512,39.988406,7,63469.5
H00192,130.4,7.5,26,南,10.446,2.525,0,116.028785,40.088398,12,74955.2
H00193,131.1,11.8,29,西,15.688,2.796,1,116.543197,39.909847,19,46144.7
H00194,110.0,9.8,23,南,5.134,0.558,0,116.313178,40.022683,17,56291.8
H00195,96.4,26.3,9,西,2.127,0.974,0,116.422047,39.928524,15,40840.3
H00196,65.8,6.3,12,东南,3.605,1.038,0,116.312326,40.006981,4,44792.3
H00197,56.9,11.1,11,东南,15.889,2.795,1,116.401091,39.909022,7,31047.3
H00198,111.6,18.7,12,北,20.72,0.687,0,116.307138,40.067748,21,38087.2
H00199,114.1,10.9,27,东南,8.602,4.859,1,116.300631,39.768465,3,45847.8
H00200,70.8,25.0,10,北,18.398,4.506,1,116.378625,40.008802,18,23467.2
H00201,156.1,23.9,28,南,21.25,2.397,1,116.217352,40.040355,4,38111.2
H00202,88.9,3.4,8,东,18.052,2.671,1,116.411418,39.992911,3,33472.7
H00203,95.4,24.0,1,南,11.077,3.61,0,116.029243,39.745598,14,33839.6
H00204,155.8,1.0,24,南,16.899,1.804,1,116.553365,39.915423,7,49533.3
H00205,141.2,7.6,21,东,17.425,0.376,1,116.367316,40.081642,10,51365.6
H00206,76.0,24.9,7,南,17.982,2.936,0,116.587148,39.898572,13,24259.3
H00207,55.3,3.8,20,西,17.136,2.449,0,116.471719,39.99601,20,27868.3
H00208,80.9,23.2,9,西,9.405,4.258,0,116.019647,39.719828,13,33200.8
H00209,135.3,11.8,10,南,24.029,0.577,0,116.350183,39.972851,24,47379.1
H00210,65.7,21.5,13,东,21.961,3.509,1,116.563399,39.774048,17,24563.9
H00211,118.8,27.3,18,南,7.144,4.78,1,116.058152,39.806335,10,29807.0
H00212,100.9,23.3,20,东南,19.846,2.482,0,116.173335,39.742133,18,30895.2
H00213,157.4,13.2,23,西南,12.709,1.637,1,116.014434,39.983313,19,87940.9
H00214,58.3,25.5,12,东,24.125,2.206,1,116.110726,39.97082,9,23693.4
H00215,109.7,4.7,23,南,2.719,2.095,0,116.546608,39.868229,5,52461.4
H00216,55.8,6.4,24,北,18.124,3.939,1,116.406832,39.731885,24,27687.5
H00217,131.3,21.9,9,南,21.175,3.512,0,116.185183,39.863587,12,40669.7
H00218,109.1,28.1,24,北,23.412,2.93,0,116.309967,40.059954,7,30838.9
H00219,139.1,26.6,17,东,6.402,3.915,1,116.282103,39.726701,14,42688.1
H00220,145.5,22.7,7,南,12.182,3.281,0,116.14532,39.945996,15,56097.9
H00221,85.1,11.3,22,南,24.968,1.181,0,116.571242,39.912232,19,24644.6
H00222,117.6,20.0,22,东,15.584,0.807,0,116.176039,39.970319,9,34248.5
H00223,48.8,13.4,17,南,9.813,2.086,0,116.571182,39.900303,22,25407.1
H00224,57.6,17.9,28,北,24.994,0.896,1,116.13782,40.076624,20,26763.1
H00225,71.1,11.6,30,东南,8.412,1.843,0,116.314968,39.98505,1,42436.4
H00226,52.7,20.5,10,北,9.508,1.833,1,116.257995,39.79128,23,29310.8
H00227,95.1,8.5,3,东南,15.073,1.924,1,116.061422,39.966579,3,44230.7
H00228,52.2,20.3,18,南,13.349,0.458,1,116.560714,39.929624,7,29272.8
H00229,144.5,0.5,1,南,15.797,4.36,1,116.536796,39.875612,17,51481.0
H00230,103.8,27.0,14,南,18.292,0.161,0,116.372617,39.834286,8,29608.3
H00231,97.7,15.6,29,东南,7.161,3.118,1,116.343134,39.973699,9,47013.2
H00232,153.6,25.3,12,西南,16.245,3.18,1,116.423811,39.827424,9,42735.7
H00233,78.4,20.3,22,西南,7.497,2.157,0,116.309452,40.087783,5,40201.2
H00234,110.5,17.0,30,北,23.255,2.483,1,116.29145,39.78344,24,42190.8
H00235,119.4,26.9,17,南,4.517,4.772,1,116.415003,40.03869,10,44607.7
H00236,142.0,21.8,3,西,18.027,3.4,1,116.178737,39.900693,3,33961.2
H00237,130.0,17.8,9,南,4.772,3.276,1,116.404949,40.091306,8,50913.9
H00238,152.1,17.7,22,南,9.248,1.661,0,116.397964,39.899712,18,66984.1
H00239,155.3,22.5,1,西,12.891,1.691,1,116.319956,40.065189,2,44733.6
H00240,62.4,25.2,14,南,8.145,0.364,0,116.256539,39.814621,17,28693.7
H00241,87.7,15.8,6,西,15.935,3.903,1,116.50326,39.946857,7,30358.5
H00242,50.3,15.7,21,北,17.714,0.38,1,116.39727,39.807813,20,18580.7
H00243,69.1,21.6,20,东南,1.897,4.929,1,116.22587,39.975275,24,38771.3
H00244,107.1,13.6,11,西南,13.924,1.512,0,116.123282,39.966237,9,58413.3
H00245,90.4,0.8,11,南,6.023,0.154,1,116.459601,40.048923,17,49777.1
H00246,102.6,4.6,20,北,13.439,3.769,0,116.034143,40.098403,21,44884.1
H00247,103.5,29.4,9,南,23.006,2.307,0,116.430118,39.908136,6,23993.0
H00248,135.9,5.8,6,南,18.902,2.208,0,116.474678,39.922235,21,45403.7
H00249,130.8,27.5,17,东,15.147,0.779,0,116.081187,39.975945,24,41131.0
H00250,121.8,7.4,1,南,11.646,3.501,1,116.416918,39.884635,22,45684.0
H00251,127.8,14.4,26,西,22.872,0.989,0,116.170169,40.063976,18,49028.2
H00252,80.0,9.1,30,南,22.107,1.873,1,116.527544,39.990044,13,32559.2
H00253,67.1,6.2,18,北,22.386,1.294,0,116.283227,39.863219,13,34371.5
H00254,73.4,3.1,3,西南,14.477,4.084,1,116.424794,39.770706,1,28173.2
H00255,150.7,13.1,16,南,20.465,3.53,1,116.564742,39.761462,17,41747.1
H00256,119.7,3.4,20,北,4.94,1.912,1,116.27267,39.963182,18,63291.5
H00257,88.7,15.1,8,西,8.242,4.027,0,116.341676,39.847229,10,27668.1
H00258,111.8,7.9,17,东,21.829,1.89,0,116.18544,39.962128,5,46701.0
H00259,79.9,20.6,17,西,20.237,1.309,0,116.133381,39.765338,21,28077.2
H00260,63.1,23.1,1,北,6.42,0.503,1,116.2471,40.054829,5,33374.5
H00261,106.9,26.7,19,东南,20.878,4.75,1,116.345479,40.037801,3,27147.6
H00262,117.7,12.8,23,南,21.222,2.26,0,116.456754,39.946134,13,30757.5
H00263,105.8,19.0,5,北,14.359,3.212,0,116.254169,39.977225,16,39697.7
H00264,147.9,28.7,25,南,18.592,2.358,0,116.411137,40.005226,14,41200.6
H00265,93.7,15.1,13,东,8.676,0.869,1,116.414109,39.989609,3,39813.9
H00266,61.1,23.1,28,西,17.062,4.789,1,116.433286,40.069918,20,28678.2
H00267,101.9,23.8,27,北,11.516,0.543,1,116.057629,39.726126,9,47963.2
H00268,85.4,6.7,1,北,6.754,2.561,0,116.181672,39.969862,20,43780.2
H00269,53.8,21.2,13,东,11.681,2.775,1,116.154494,39.869829,9,30497.5
H00270,109.2,17.2,20,南,14.325,0.756,1,116.19463,39.747107,7,40753.6
H00271,101.6,13.0,7,南,12.389,2.503,0,116.475849,39.89405,19,37050.3
H00272,159.9,11.7,5,东南,24.625,3.688,1,116.170457,39.967806,12,43133.6
H00273,92.2,13.1,3,东南,17.469,4.55,0,116.285709,39.867376,20,30725.0
H00274,62.4,24.0,14,西,21.387,3.325,0,116.373452,39.931897,4,23245.0
H00275,90.3,24.1,29,北,24.594,2.562,1,116.072956,40.012625,2,39079.9
H00276,57.9,26.6,19,南,18.351,2.325,1,116.141152,39.775947,24,24075.6
H00277,138.1,8.4,27,东,7.226,4.242,0,116.534109,39.828835,5,42928.6
H00278,113.2,18.7,24,南,3.804,4.715,1,116.065679,40.066972,7,43295.6
H00279,153.6,5.2,12,西,17.473,0.256,1,116.218512,39.933192,2,73476.3
H00280,66.6,2.3,13,北,5.219,3.446,1,116.345338,39.987091,3,40870.9
H00281,78.6,11.7,12,南,24.282,3.69,1,116.338264,40.007996,22,25603.6
H00282,132.1,1.0,10,南,18.464,4.4,0,116.179977,39.843654,11,53775.2
H00283,80.3,24.0,4,南,4.457,3.475,0,116.366642,39.851018,18,35878.2
H00284,141.1,27.3,12,南,22.504,4.402,1,116.195572,40.062391,16,48076.8
H00285,75.5,6.9,7,东,14.45,2.958,1,116.007101,39.940683,4,38930.3
H00286,107.6,11.8,29,东,7.449,0.265,0,116.57139,40.082313,14,47935.9
H00287,146.3,22.2,13,北,9.097,0.963,0,116.561489,40.058641,21,70961.8
H00288,109.8,21.9,13,东南,15.314,2.076,0,116.10657,39.948686,1,40815.3
H00289,94.7,6.3,18,东南,18.743,0.427,0,116.475274,39.853028,15,41110.3
H00290,106.6,0.7,2,南,24.806,4.692,0,116.278777,39.975272,17,36865.2
H00291,88.7,8.6,11,东,11.144,0.238,0,116.562071,40.06377,5,42775.0
H00292,90.8,12.4,30,南,5.932,2.212,0,116.171599,40.065223,20,39262.4
H00293,146.0,10.0,7,东南,1.792,3.059,1,116.313162,39.842562,1,51251.4
H00294,134.2,25.3,18,南,3.751,1.269,0,116.261667,39.926443,21,53965.5
H00295,140.6,18.9,3,北,5.256,3.069,1,116.099695,39.979325,19,57541.7
H00296,89.8,10.6,29,东南,19.521,0.854,0,116.420712,39.803271,17,46166.7
H00297,101.3,10.5,22,南,23.757,3.345,1,116.037409,39.92446,15,48373.1
H00298,147.3,21.1,11,西南,6.533,4.112,0,116.156327,39.742826,3,47527.1
H00299,153.3,16.4,17,南,5.545,3.703,0,116.341732,40.081947,3,60777.7
H00300,56.1,4.8,29,北,12.537,4.066,1,116.009771,39.841949,18,34044.9
H00301,48.0,8.2,13,南,6.141,3.734,0,116.427656,39.934641,2,29502.9
H00302,113.0,21.6,7,北,18.189,3.573,1,116.32037,39.734949,11,23106.0
H00303,119.9,16.2,5,东,12.49,3.893,0,116.235797,40.048835,15,52878.1
H00304,102.9,24.3,16,南,10.041,3.292,0,116.430052,39.882252,13,28105.2
H00305,101.3,14.6,19,西,11.881,4.278,1,116.526451,40.015081,5,34391.1
H00306,72.7,13.2,24,东,1.932,3.28,0,116.346044,40.050863,24,36296.2
H00307,97.6,26.4,30,西南,21.141,2.474,1,116.275023,40.077167,3,34476.7
H00308,114.0,16.5,4,西,23.726,3.033,0,116.341928,39.863466,13,25529.8
H00309,112.4,28.4,15,南,20.064,2.365,1,116.110672,39.879331,24,36639.0
H00310,115.1,4.1,20,东,19.333,2.505,1,116.058952,39.867302,15,53383.6
H00311,96.5,26.6,3,西,1.579,3.259,1,116.273066,39.881484,5,35635.7
H00312,75.0,15.4,4,东南,19.193,2.899,1,116.046118,39.816238,21,30591.6
H00313,88.3,15.4,18,东,23.798,1.431,0,116.296265,39.731602,9,27992.7
H00314,54.6,2.7,4,西南,20.974,0.209,0,116.476902,39.812497,11,27331.7
H00315,116.2,25.0,11,西南,1.023,3.606,1,116.477663,39.749474,21,50731.2
H00316,74.1,3.1,1,北,19.987,3.801,0,116.412769,39.960175,12,24863.4
H00317,122.1,25.0,4,西,9.469,2.408,1,116.399216,39.74719,11,34182.4
H00318,129.9,11.8,28,南,20.386,1.376,0,116.409264,39.806587,20,46972.6
H00319,147.7,6.7,8,西,3.239,4.919,0,116.5008,39.948757,1,61789.2
H00320,85.6,15.5,8,南,2.879,1.842,0,116.559579,40.076684,11,34713.6
H00321,47.2,3.6,26,北,11.934,4.768,1,116.201175,39.978203,9,30224.2
H00322,100.3,11.1,21,东,17.628,4.611,1,116.582932,39.826302,11,32138.8
H00323,48.8,28.5,2,南,10.395,0.987,1,116.475635,39.982664,15,25699.8
H00324,50.2,2.4,2,南,2.267,0.183,1,116.087563,39.719619,20,43237.5
H00325,158.3,20.3,22,西南,17.332,2.58,1,116.202812,39.928216,9,52452.7
H00326,99.7,13.1,20,西,1.102,3.32,1,116.306016,39.96658,20,44448.7
H00327,123.4,10.1,15,西南,15.261,1.967,0,116.481469,39.92419,6,32898.0
H00328,52.2,18.1,29,北,5.086,1.73,0,116.001397,39.862713,24,39892.5
H00329,66.1,0.6,11,东南,16.063,0.18,1,116.108668,39.972724,15,48407.1
H00330,56.3,0.5,19,西南,13.669,3.591,1,116.286532,39.886078,20,33395.5
H00331,141.8,5.0,11,东南,15.151,3.596,0,116.163031,39.771006,14,60414.3
H00332,80.5,15.3,14,西南,23.072,3.204,1,116.005339,39.982035,2,37465.1
H00333,150.7,29.6,20,西,23.177,4.686,1,116.540591,39.708751,6,24752.3
H00334,102.3,12.4,14,南,18.637,2.552,1,116.20401,39.939184,11,41021.0
H00335,46.4,13.8,19,东,8.9,4.498,0,116.120344,40.010114,15,31079.2
H00336,70.1,23.2,12,东南,10.984,1.469,1,116.329848,39.999532,13,31038.6
H00337,68.0,1.1,13,东,7.82,3.625,0,116.576435,39.756995,8,30834.4
H00338,156.2,14.6,13,北,14.582,3.301,1,116.172398,40.079626,12,55682.1
H00339,86.7,29.7,3,南,18.435,1.578,0,116.239154,39.87569,14,25907.5
H00340,127.3,24.3,6,东,20.259,2.823,0,116.306512,40.038511,2,36808.7
H00341,152.3,20.3,2,北,15.121,2.345,1,116.556494,40.096114,21,47496.7
H00342,116.9,16.6,10,南,8.73,1.134,0,116.303068,39.964218,3,34565.5
H00343,97.8,21.6,22,东南,9.16,4.891,1,116.42183,39.713465,8,36350.7
H00344,154.7,6.6,15,南,14.801,4.473,0,116.060879,39.762712,8,46048.1
H00345,130.8,25.1,4,西,19.366,2.696,1,116.528552,39.810287,19,34577.2
H00346,72.5,22.2,27,西,14.308,1.656,1,116.299856,40.039421,13,37049.1
H00347,101.7,24.9,4,南,13.59,4.555,1,116.593249,40.098664,5,40751.8
H00348,140.4,16.8,24,东,23.077,3.114,1,116.000432,39.747814,12,50974.1
H00349,74.5,15.1,24,南,23.663,3.235,0,116.191735,39.840464,18,31396.2
H00350,90.8,17.7,2,东南,20.728,2.838,0,116.432571,39.797302,4,25899.8
H00351,75.7,22.4,21,北,16.41,2.76,0,116.389542,39.772379,6,24387.1
H00352,100.4,12.6,23,南,7.682,2.837,0,116.457801,39.961392,1,35707.9
H00353,82.9,29.7,7,南,23.022,2.362,0,116.322444,39.77799,13,25940.7
H00354,151.2,16.6,23,东,12.734,4.251,1,116.531983,40.071688,11,51713.0
H00355,142.2,18.0,17,南,13.691,4.046,1,116.134978,39.844593,8,70722.8
H00356,101.4,6.9,4,北,12.321,4.133,0,116.574361,39.865763,22,34718.7
H00357,74.0,14.3,16,南,20.414,3.958,0,116.2951,39.833271,7,28118.4
H00358,82.1,5.8,27,东南,10.895,0.307,1,116.031221,39.985174,24,47335.0
H00359,141.3,19.8,5,东,18.511,1.297,0,116.193685,40.057813,24,44486.6
H00360,77.8,16.2,15,南,17.884,4.918,1,116.049591,39.734125,3,29493.8
H00361,70.0,29.1,22,东,1.478,0.474,0,116.546108,40.026174,3,28976.7
H00362,72.5,1.4,5,东,24.491,2.64,0,116.220352,40.061949,19,37793.0
H00363,123.1,10.6,16,北,3.149,4.177,1,116.504788,40.062262,1,57928.9
H00364,151.7,16.5,28,南,22.342,3.214,1,116.090614,39.718335,15,47343.1
H00365,140.0,0.8,5,南,18.465,4.242,1,116.494693,39.940034,8,55503.5
H00366,144.4,21.1,22,东,9.876,2.916,0,116.439801,39.790381,4,51244.0
H00367,70.8,4.5,5,北,15.011,1.786,0,116.100275,40.088793,13,41887.6
H00368,100.2,8.9,1,南,21.77,4.714,0,116.30435,39.765161,23,28829.6
H00369,62.0,19.2,14,南,20.912,4.529,1,116.336956,40.094492,5,32595.6
H00370,53.4,19.6,9,东南,20.908,2.174,0,116.38419,39.735043,9,22481.7
H00371,99.7,14.6,16,西,1.346,3.498,1,116.102231,40.064544,9,46632.6
H00372,81.8,20.7,5,西,2.962,3.06,1,116.077118,40.073303,13,38269.6
H00373,70.4,2.1,19,东,12.696,4.231,1,116.262131,40.074898,17,35363.3
H00374,52.2,21.3,26,东南,24.125,3.209,0,116.574761,39.799524,10,22031.1
H00375,94.4,24.5,16,南,22.462,3.456,0,116.112766,39.907541,6,27743.5
H00376,141.5,17.4,27,北,22.268,4.029,0,116.120569,39.701498,9,32578.3
H00377,69.3,11.9,27,南,22.885,1.652,0,116.531144,39.847333,15,26785.9
H00378,59.0,17.8,5,南,16.011,1.779,0,116.019459,40.056079,21,31025.4
H00379,56.3,6.1,14,南,12.654,2.504,1,116.038315,39.84951,18,35094.5
H00380,141.7,0.3,26,南,4.519,4.991,0,116.40138,39.843114,10,66923.0
H00381,69.5,6.0,25,西,18.511,0.528,1,116.24286,40.011265,4,38156.4
H00382,121.1,5.0,4,南,7.992,2.411,1,116.141127,39.922853,23,63452.4
H00383,71.4,21.8,26,南,8.951,4.653,0,116.160312,39.946107,15,34603.2
H00384,88.1,21.1,19,南,21.497,1.336,0,116.464714,39.774454,1,29108.6
H00385,70.5,2.7,1,西,12.592,3.693,0,116.10267,39.923371,8,34042.3
H00386,56.4,14.8,23,南,15.247,1.375,1,116.441914,39.929536,7,28087.5
H00387,151.6,6.5,2,东,11.307,3.964,0,116.479131,40.082004,19,58591.2
H00388,88.2,14.1,8,西,5.678,1.038,0,116.161883,40.062736,8,40806.4
H00389,95.1,21.8,17,东,10.448,0.383,1,116.072745,40.008235,15,39312.2
H00390,143.9,24.3,1,南,15.257,0.665,1,116.549459,39.772195,17,62917.9
H00391,98.1,25.6,26,北,1.787,4.085,0,116.147609,39.877257,2,39722.9
H00392,123.3,4.8,27,南,11.542,0.298,0,116.528268,39.880439,12,46508.9
H00393,98.7,6.9,25,西,18.462,4.434,0,116.166645,39.978033,2,36273.0
H00394,132.3,2.8,8,东,24.296,3.311,1,116.289693,39.952095,19,44226.2
H00395,119.5,15.8,8,南,3.415,0.476,1,116.205607,39.906376,20,70997.7
H00396,82.6,20.3,22,南,13.759,1.476,1,116.413861,39.75815,11,30000.6
H00397,116.5,6.5,12,南,2.821,4.114,1,116.454756,39.960481,11,52777.5
H00398,72.8,21.0,13,南,10.633,2.258,0,116.52273,39.879108,24,28972.2
H00399,106.7,21.4,22,南,24.548,2.182,0,116.076991,40.053267,24,36708.0
H00400,73.0,6.8,19,西南,22.848,0.561,1,116.009941,39.793093,18,40722.8
H00401,72.3,17.6,13,北,10.373,4.993,1,116.344305,39.733311,3,30310.4
H00402,58.5,20.2,18,东,14.573,1.011,1,116.186538,40.061666,14,28596.7
H00403,75.1,26.7,13,西,10.248,0.441,1,116.058704,39.751782,5,33460.0
H00404,147.8,27.3,10,南,16.572,2.745,1,116.493993,39.803834,24,47498.9
H00405,54.7,20.6,14,北,8.585,3.029,0,116.383217,39.835157,16,21560.2
H00406,154.0,13.1,10,南,24.621,0.823,0,116.57353,39.912852,17,28988.1
H00407,152.7,27.1,14,北,1.933,4.875,1,116.265838,39.852509,15,56814.3
H00408,140.8,21.6,10,西,8.537,2.412,1,116.208756,40.012709,7,43399.4
H00409,45.5,15.9,14,南,4.381,1.558,1,116.146014,40.039326,22,37821.9
H00410,132.2,7.0,8,东南,1.688,3.611,1,116.175996,39.907078,11,62104.0
H00411,136.5,15.5,25,南,7.892,2.421,1,116.115345,39.703995,5,43439.2
H00412,126.8,1.9,18,北,5.006,3.842,0,116.148166,39.898872,4,57393.1
H00413,115.4,13.0,29,南,6.052,0.383,0,116.409997,39.935281,1,45203.6
H00414,155.4,17.0,17,南,11.754,4.795,1,116.238128,39.879216,3,50761.3
H00415,120.3,24.9,27,南,11.893,1.181,1,116.023994,39.844673,1,39253.0
H00416,97.6,24.3,9,北,12.05,2.124,0,116.0244,39.73836,7,40273.2
H00417,65.0,21.9,9,南,3.563,4.619,1,116.431854,40.025177,8,31155.9
H00418,116.4,10.2,12,西南,18.372,2.564,0,116.506102,39.851223,16,36918.0
H00419,139.3,16.2,12,南,15.939,4.04,0,116.119683,39.837476,6,50532.7
H00420,127.4,13.3,4,西,19.212,0.47,0,116.455038,39.79324,21,43955.7
H00421,80.1,6.7,19,东南,16.397,4.494,0,116.061007,39.935882,15,34913.3
H00422,105.8,18.8,28,北,18.536,3.604,1,116.037326,39.824236,6,36868.9
H00423,70.4,19.8,29,东南,6.046,3.904,1,116.444083,39.93999,10,31292.5
H00424,99.7,29.8,9,东,19.947,1.588,1,116.346267,39.773381,12,25492.2
H00425,153.0,26.8,27,北,15.193,0.782,0,116.33744,40.075122,9,46816.6
H00426,153.8,9.7,10,南,3.338,4.157,1,116.127041,39.71971,16,68098.2
H00427,84.7,9.5,16,南,5.108,1.859,0,116.392007,40.010567,15,49672.7
H00428,80.5,20.5,23,南,6.859,2.51,0,116.141441,39.826421,11,40351.2
H00429,96.0,26.3,22,北,11.681,0.226,1,116.405181,39.957484,3,30929.5
H00430,76.2,27.1,21,南,9.347,1.593,1,116.479815,40.016411,4,31551.7
H00431,57.5,28.1,11,东南,19.338,0.294,1,116.10487,39.923388,5,29404.8
H00432,100.0,12.7,7,南,1.895,1.478,1,116.101489,39.722765,1,49192.1
H00433,113.2,13.0,4,南,5.256,1.445,1,116.515609,39.922236,24,54116.4
H00434,48.8,11.2,23,东,9.713,3.865,1,116.075304,39.81668,5,35357.7
H00435,47.9,24.2,24,东,16.548,2.108,1,116.246766,39.78066,15,27183.1
H00436,134.0,20.9,15,东,21.303,4.009,0,116.315979,39.812494,10,39231.7
H00437,151.4,15.9,28,东南,16.574,4.521,0,116.1705,39.73326,22,62761.0
H00438,151.0,21.1,17,西,4.495,0.542,1,116.308921,40.007692,6,65543.7
H00439,153.4,4.2,21,北,2.145,1.393,0,116.103872,39.774151,21,72826.2
H00440,154.7,10.3,20,北,21.473,1.456,1,116.585253,39.785889,17,45773.4
H00441,57.3,26.2,3,南,22.033,2.078,1,116.162907,39.762166,14,22936.6
H00442,146.7,19.2,10,西,12.196,4.589,0,116.486637,39.987248,2,40413.7
H00443,95.0,19.9,1,西,14.035,4.561,0,116.484981,39.935041,1,34417.3
H00444,94.6,19.0,17,北,2.288,2.164,1,116.491624,39.983265,4,38543.9
H00445,127.9,2.0,4,东,23.528,2.721,0,116.288121,39.877611,14,40433.8
H00446,125.5,4.1,10,南,4.897,1.332,0,116.217765,39.701576,15,48827.0
H00447,103.0,15.9,19,西,19.31,0.412,1,116.552347,39.737118,15,38780.9
H00448,101.1,9.3,12,南,2.569,4.601,1,116.204462,39.955465,21,44102.7
H00449,146.4,22.7,24,南,5.522,4.871,1,116.593519,39.916786,8,54978.9
H00450,56.1,7.4,1,西,10.992,1.28,0,116.374272,40.037721,10,30345.0
H00451,58.5,8.2,29,北,15.688,4.727,0,116.231115,39.840286,17,31024.2
H00452,65.5,28.4,28,东,14.645,1.428,0,116.181941,39.994747,5,26270.0
H00453,61.0,4.9,3,南,18.03,3.383,0,116.112892,40.089993,5,25240.8
H00454,121.4,10.8,25,南,3.789,1.49,1,116.197234,39.893054,20,70743.5
H00455,133.9,17.6,12,南,6.509,4.603,1,116.511653,39.859906,20,59361.2
H00456,127.6,24.0,1,西,22.459,2.566,1,116.361554,40.061528,12,36723.5
H00457,72.8,6.4,7,北,24.787,0.524,0,116.028251,40.00418,19,31548.1
H00458,79.3,9.7,8,东南,21.93,3.55,1,116.309862,39.913623,20,42623.3
H00459,122.2,7.8,10,东南,14.863,2.328,0,116.158889,40.008267,19,50334.4
H00460,84.0,20.2,24,东南,6.081,2.426,0,116.137455,39.828624,17,37401.1
H00461,79.3,24.8,9,南,6.595,0.483,0,116.137667,39.956795,17,34763.1
H00462,121.0,19.1,7,北,12.16,4.575,1,116.247651,39.817161,21,39478.3
H00463,67.9,11.7,3,东南,19.743,2.792,0,116.524886,39.877074,10,23980.9
H00464,133.7,24.0,21,北,10.66,3.251,0,116.268498,39.783787,3,40477.0
H00465,69.1,21.3,25,东,12.437,1.487,1,116.133052,40.091977,2,34150.3
H00466,156.6,3.7,28,南,24.541,2.058,0,116.517944,39.863886,18,56333.1
H00467,73.1,26.6,5,东,19.424,2.22,1,116.511906,40.088034,8,30348.8
H00468,56.1,17.4,27,南,20.228,1.37,1,116.291064,39.775307,24,26943.6
H00469,143.7,15.6,14,南,3.517,4.601,1,116.550093,39.803941,7,55279.5
H00470,150.8,17.3,11,北,6.901,0.644,0,116.172673,39.944123,16,59617.0
H00471,53.4,18.1,1,南,6.709,2.883,1,116.232385,39.825416,3,29238.8
H00472,99.0,19.3,22,北,6.941,4.916,0,116.263375,39.960345,17,43198.1
H00473,106.3,13.5,30,南,9.065,4.369,1,116.272099,40.047529,7,45525.9
H00474,79.3,8.0,24,北,18.754,0.886,1,116.393811,39.974484,10,32338.5
H00475,77.6,17.4,6,南,15.374,0.604,1,116.504801,39.766331,10,34529.8
H00476,91.9,0.5,22,东南,7.34,0.502,0,116.188732,39.826897,14,45565.2
H00477,130.5,29.0,17,南,12.633,4.566,0,116.532501,39.895102,12,34062.7
H00478,157.1,21.6,19,西,3.193,3.416,1,116.435963,40.037869,2,53996.5
H00479,58.4,2.5,17,南,4.672,1.617,1,116.199715,39.841179,19,41374.0
H00480,64.0,20.6,14,东南,9.106,0.811,0,116.075528,39.825788,24,38942.9
H00481,86.1,6.8,8,东,12.068,0.894,1,116.356928,39.787873,11,41314.9
H00482,125.5,7.4,6,东南,19.894,3.191,1,116.122646,40.06976,7,32454.0
H00483,114.1,17.7,16,西,22.308,2.968,1,116.592127,40.096457,17,31191.6
H00484,58.4,7.1,24,南,10.087,3.686,1,116.467897,40.030152,24,32642.8
H00485,71.3,20.0,15,西,21.452,2.984,0,116.154024,40.093667,11,27874.6
H00486,86.1,14.1,18,南,24.025,2.656,0,116.365007,40.023431,24,34766.4
H00487,145.3,19.2,18,北,2.126,1.758,0,116.365402,39.848103,24,54745.6
H00488,159.5,29.9,24,南,23.925,1.655,0,116.416674,39.833474,11,38684.3
H00489,155.5,9.6,16,北,9.149,2.426,1,116.0556,39.710732,16,75182.5
H00490,92.8,27.4,10,北,15.491,4.822,0,116.140602,39.862356,22,29406.0
H00491,137.2,15.9,17,南,9.006,4.048,0,116.592824,39.830529,10,31543.1
H00492,53.9,1.9,15,东,24.155,4.771,0,116.155675,39.715481,10,28711.2
H00493,156.7,9.7,9,南,17.189,1.563,0,116.112677,40.005171,6,54360.2
H00494,73.4,7.2,3,南,3.337,0.497,0,116.149564,39.763036,20,57646.0
H00495,132.6,8.7,4,东南,13.803,4.543,1,116.118502,39.751082,6,48238.3
H00496,125.5,16.6,25,东,7.966,3.196,1,116.324468,39.840765,22,54037.4
H00497,47.3,2.7,16,南,24.639,4.782,1,116.284545,39.724141,11,24878.9
H00498,72.2,2.0,19,北,16.503,2.557,1,116.06763,39.753348,13,39271.1
H00499,120.8,20.3,28,东南,20.032,4.382,0,116.43637,39.920688,13,37888.8
H00500,58.9,11.5,17,南,15.943,0.358,1,116.082249,39.70037,1,28200.9
H00501,121.9,16.8,9,北,24.497,4.367,0,116.390109,39.845905,11,28797.5
H00502,139.8,9.5,29,南,21.58,0.648,1,116.346118,39.951637,11,54774.2
H00503,56.7,11.0,22,东,24.934,4.652,0,116.071141,39.815672,3,25640.2
H00504,48.0,18.3,28,南,7.258,3.223,1,116.133145,39.904962,11,33334.1
H00505,47.3,19.1,18,东,15.468,1.352,0,116.38402,40.016715,14,24690.2
H00506,77.8,4.6,7,东,3.544,1.601,1,116.216782,39.768111,8,48834.1
H00507,89.6,5.7,3,北,18.499,1.308,1,116.296725,39.824189,6,31084.3
H00508,113.4,9.0,13,北,12.917,1.225,0,116.026942,39.773026,4,36992.8
H00509,55.2,2.6,26,西,17.222,2.408,1,116.570643,39.920766,11,29500.3
H00510,116.3,4.4,19,东,13.434,0.82,1,116.210101,39.992256,22,45647.4
H00511,82.5,8.2,6,南,7.248,3.406,1,116.384683,39.888984,4,41752.1
H00512,117.1,5.9,21,东南,21.951,1.769,1,116.452115,39.933206,6,44805.7
H00513,145.1,23.6,21,东,20.928,2.573,0,116.281437,40.099767,21,44590.2
H00514,140.2,6.6,30,南,4.697,1.915,1,116.306647,40.068918,14,60160.8
H00515,63.0,18.8,16,南,5.007,4.84,0,116.559639,39.969917,13,28332.3
H00516,136.5,20.3,11,西,3.96,2.052,0,116.161396,39.712218,13,51381.3
H00517,96.7,29.9,7,西,18.591,4.395,1,116.478088,39.804386,24,25375.7
H00518,58.2,9.2,13,东南,22.063,3.296,1,116.221248,39.834546,14,31686.8
H00519,123.5,7.9,25,东,9.936,0.557,1,116.034753,39.833697,22,67069.6
H00520,135.2,3.0,1,东,18.166,1.726,1,116.225496,39.745621,22,58080.0
H00521,93.0,17.7,3,南,20.47,1.29,0,116.177063,40.060497,24,36279.9
H00522,139.3,29.5,5,北,14.28,1.229,1,116.102992,40.041392,12,43183.0
H00523,81.3,13.8,16,南,5.611,0.358,0,116.291582,39.764792,18,36631.4
H00524,117.3,24.1,6,东南,1.205,1.24,1,116.509492,40.042887,4,40048.5
H00525,149.4,19.1,16,东南,1.02,4.831,0,116.013778,39.86798,15,63337.6
H00526,140.9,8.6,10,东南,20.083,4.613,0,116.427308,39.970692,17,52719.6
H00527,154.0,3.5,29,东,19.334,1.279,1,116.196521,40.014731,3,62035.7
H00528,73.9,9.7,7,东南,15.888,2.829,1,116.371034,40.069518,3,29632.6
H00529,98.1,15.6,27,南,21.588,1.27,1,116.056099,39.874984,7,31515.8
H00530,115.9,7.1,10,南,3.35,3.721,1,116.490425,40.028664,3,42843.5
H00531,99.9,9.9,6,西南,23.969,4.718,0,116.478602,40.056775,18,32831.0
H00532,118.5,19.6,29,南,13.996,1.575,1,116.374316,39.819236,5,39934.1
H00533,89.2,9.8,28,南,21.1,4.887,1,116.447834,39.904124,19,33301.9
H00534,79.6,25.8,4,南,7.63,1.522,1,116.267675,39.975342,13,40549.8
H00535,152.2,1.1,8,南,9.272,2.43,1,116.234557,39.948196,24,63537.1
H00536,141.1,21.0,18,南,22.149,2.113,0,116.434343,40.044507,5,43479.3
H00537,159.1,29.7,4,南,21.437,4.222,1,116.365308,39.735408,11,39770.3
H00538,80.2,11.8,11,南,6.828,0.758,0,116.120981,40.055786,3,41889.4
H00539,114.0,24.5,12,南,3.481,2.026,1,116.333654,39.811812,13,39924.4
H00540,153.8,14.3,4,东,17.173,4.742,0,116.367859,39.911884,16,35170.6
H00541,54.2,16.6,19,西南,10.712,2.458,0,116.058544,40.084673,13,33032.5
H00542,108.9,11.0,1,东,12.377,1.197,0,116.423438,40.041633,14,53690.6
H00543,65.4,28.6,30,西南,1.314,1.267,0,116.368539,39.853233,16,36619.4
H00544,59.5,18.7,4,东,10.446,4.185,1,116.388303,39.931491,24,31846.4
H00545,89.8,9.4,12,东,24.602,0.1,1,116.535833,40.094283,1,39358.7
H00546,136.7,2.1,29,南,6.591,4.257,1,116.419845,39.771514,2,55505.3
H00547,53.0,20.5,16,北,5.484,1.8,0,116.333913,39.707965,9,28393.4
H00548,121.7,23.3,8,东,8.81,4.515,0,116.164118,40.028732,23,40565.4
H00549,97.7,21.7,19,南,6.045,1.899,0,116.286182,39.990258,11,34643.4
H00550,58.6,14.9,6,东南,11.096,0.3,1,116.102206,39.939909,7,33945.0
H00551,158.9,10.5,28,东,2.031,0.606,0,116.080045,40.069962,19,94713.3
H00552,53.6,13.0,9,南,2.771,1.275,0,116.559925,40.043097,14,41871.0
H00553,153.7,8.8,13,北,22.164,2.055,0,116.418387,39.960186,21,45549.0
H00554,117.3,25.3,20,西南,5.817,2.245,1,116.007758,40.011742,4,47586.8
H00555,72.9,11.6,4,南,12.296,4.626,1,116.519085,40.076861,11,36723.1
H00556,77.6,27.6,29,北,21.389,1.88,1,116.195077,39.769158,13,23653.7
H00557,113.4,18.2,23,东,13.078,0.172,1,116.098963,39.754974,2,41594.4
H00558,50.4,24.3,27,东,10.415,0.376,1,116.462996,39.900741,19,24782.4
H00559,115.9,9.8,15,东南,20.832,1.319,1,116.475506,39.933978,18,63850.8
H00560,128.5,20.4,3,东,13.064,2.388,1,116.365152,39.992753,14,55431.1
H00561,158.7,3.0,18,南,4.974,4.378,0,116.241389,39.7809,8,75903.6
H00562,103.6,28.0,12,南,5.584,3.246,0,116.219715,39.899193,4,34345.1
H00563,102.4,11.6,5,东,11.457,2.901,1,116.48929,40.085607,13,39507.7
H00564,149.6,11.1,16,东,14.235,2.599,0,116.513307,39.845438,3,38083.6
H00565,90.9,1.1,26,北,1.073,3.531,0,116.563151,39.838361,23,41161.2
H00566,101.1,17.4,20,西,12.848,0.449,1,116.400421,40.084848,15,43193.5
H00567,87.6,11.6,16,东南,5.273,4.871,1,116.264204,39.831346,6,46627.8
H00568,64.2,8.7,1,南,15.594,3.346,0,116.27766,39.734764,13,28322.5
H00569,111.7,4.1,15,北,3.249,0.568,1,116.313508,39.717743,10,54042.4
H00570,99.0,6.2,10,北,2.583,4.25,0,116.500328,39.864693,23,33082.6
H00571,135.5,16.8,29,北,22.362,4.262,0,116.49628,39.73485,21,42079.3
H00572,130.6,23.9,25,西,14.629,3.686,0,116.188422,39.763596,13,40733.7
H00573,146.0,0.9,26,南,2.378,3.437,0,116.463986,39.702741,11,57404.0
H00574,120.9,2.7,24,北,22.134,0.278,0,116.311766,39.854335,14,42032.2
H00575,83.5,17.3,18,北,7.865,0.243,0,116.338962,39.840409,21,32150.7
H00576,85.8,4.6,8,东,15.963,0.682,1,116.566912,39.871552,23,39764.8
H00577,81.3,28.6,13,南,24.841,2.522,0,116.492021,40.063968,20,19654.9
H00578,158.8,1.1,25,东,23.703,2.866,1,116.488188,39.975188,1,59340.9
H00579,82.0,9.8,12,北,16.024,1.743,1,116.360162,40.011811,2,30819.0
H00580,61.6,6.5,16,东南,9.068,4.964,0,116.451021,40.030914,5,32730.5
H00581,138.0,21.9,5,东,2.889,1.343,0,116.365377,40.032832,1,41561.5
H00582,154.6,24.1,22,东南,3.651,3.828,1,116.264056,40.074421,2,64340.1
H00583,122.8,27.7,9,东,13.912,1.209,1,116.506514,40.081708,21,41296.6
H00584,112.3,23.3,16,西,18.869,4.017,1,116.205204,39.95719,14,44600.8
H00585,117.4,10.7,23,南,17.447,0.203,0,116.560903,39.941708,18,41700.9
H00586,108.1,7.9,1,西,9.575,3.709,0,116.396313,39.900259,19,38047.6
H00587,100.1,8.4,6,南,14.643,2.699,0,116.560634,39.91669,11,29689.7
H00588,129.3,19.3,15,西南,18.75,2.063,0,116.477455,39.963158,14,42641.3
H00589,155.4,21.9,27,东,23.56,0.337,1,116.135807,39.770343,3,64955.5
H00590,111.8,2.2,21,南,9.51,4.1,1,116.255624,39.814141,15,43498.0
H00591,49.9,14.1,10,南,2.208,0.356,0,116.080392,40.082268,8,46465.1
H00592,48.6,7.1,12,东,17.631,4.336,1,116.457385,40.082467,18,27878.7
H00593,153.0,20.0,17,东南,18.73,3.047,1,116.487683,39.811297,8,42222.6
H00594,82.3,28.5,10,西,7.506,1.995,1,116.243611,39.89601,16,33598.1
H00595,132.5,14.6,19,西南,4.055,0.663,1,116.114993,39.727268,23,50500.8
H00596,74.7,12.6,15,南,14.369,0.821,0,116.21982,40.013732,16,35936.5
H00597,83.5,11.7,26,西,7.649,0.708,0,116.348046,39.739413,17,45918.1
H00598,65.0,21.4,20,东南,20.162,2.162,1,116.519625,39.826282,4,25561.2
H00599,75.7,6.3,3,东,22.462,4.822,0,116.116372,39.749669,1,27997.8
H00600,56.3,17.0,5,西南,18.493,4.436,1,116.190755,39.732975,1,21549.4
H00601,133.5,29.5,20,西,5.848,0.889,0,116.265251,39.811588,15,41509.4
H00602,110.1,8.3,2,西,24.504,4.573,0,116.543492,39.871998,9,29191.0
H00603,61.8,18.8,30,东,24.619,0.803,0,116.125044,39.970085,24,29739.9
H00604,107.2,19.5,6,西南,12.706,0.994,0,116.455802,39.971532,11,30580.7
H00605,149.7,23.2,5,东南,5.168,3.113,1,116.337331,39.837532,13,46611.1
H00606,148.4,14.8,4,南,5.569,0.898,0,116.452023,39.82082,9,58806.5
H00607,119.6,24.1,27,北,24.787,2.278,0,116.298638,39.953082,22,31211.0
H00608,53.9,5.5,12,北,5.195,0.825,0,116.268631,39.862139,23,39332.0
H00609,87.6,16.6,9,北,1.073,4.165,1,116.34699,39.951321,5,34854.8
H00610,141.0,6.6,9,西,16.457,1.375,1,116.009291,39.893584,1,44885.5
H00611,86.4,16.8,14,南,18.12,2.29,1,116.300427,40.05348,3,31406.4
H00612,69.2,15.6,24,东南,10.925,0.458,0,116.21642,39.885668,23,38881.3
H00613,128.3,8.9,3,北,14.5,4.556,0,116.313947,40.095198,19,39744.8
H00614,109.1,22.2,24,北,24.601,3.928,0,116.329234,39.838651,19,36482.9
H00615,59.3,6.7,1,北,20.674,2.042,0,116.560445,39.99659,6,26315.7
H00616,102.4,19.8,29,东南,3.952,4.378,0,116.199459,39.919262,16,35925.4
H00617,46.2,8.5,27,南,12.586,2.517,1,116.424432,39.726019,13,28763.8
H00618,128.6,2.8,30,南,21.447,0.926,0,116.53714,40.010532,22,60292.7
H00619,100.5,21.0,4,西,2.065,2.768,0,116.513106,39.763412,11,35881.6
H00620,103.3,7.0,27,北,5.325,3.605,0,116.178181,39.79577,4,40746.6
H00621,84.7,4.8,21,东,7.594,0.922,0,116.37988,39.973012,12,52162.5
H00622,98.6,10.2,12,北,4.372,3.069,1,116.393369,39.906142,22,39199.7
H00623,140.6,2.1,10,南,9.956,1.843,1,116.563654,39.839023,20,47946.2
H00624,136.1,16.4,17,南,7.295,2.017,0,116.413043,40.03596,3,42725.0
H00625,52.6,29.0,14,东,8.437,2.078,0,116.177274,39.900478,3,23339.5
H00626,136.0,5.2,21,南,7.896,0.452,0,116.501966,39.731265,11,50449.3
H00627,125.0,12.2,3,西,13.738,2.02,1,116.156211,39.986393,11,56999.2
H00628,98.0,17.0,8,南,24.818,4.038,0,116.569533,39.818654,21,25188.7
H00629,104.8,5.9,24,北,1.86,1.909,1,116.370744,39.856458,17,51011.4
H00630,87.8,17.9,20,南,22.479,0.36,1,116.149813,39.940833,23,35560.8
H00631,139.7,11.4,24,东,9.06,1.755,0,116.341548,40.012899,1,54290.7
H00632,146.3,11.1,29,东南,8.386,3.402,0,116.125033,39.861499,19,58074.8
H00633,60.7,29.0,30,西,13.089,3.832,0,116.037427,39.931594,10,21944.8
H00634,140.1,5.4,6,西,19.096,4.607,1,116.196993,39.775929,16,48575.3
H00635,55.2,0.7,9,南,22.813,2.323,0,116.529719,39.990224,1,26970.0
H00636,71.9,28.4,30,南,3.192,4.233,1,116.492793,39.792547,8,28613.3
H00637,84.0,21.9,30,西,1.056,1.911,0,116.1965,39.9236,18,46137.3
H00638,154.2,14.5,7,北,4.084,1.578,1,116.130734,39.947616,10,63407.1
H00639,113.7,7.6,26,西南,24.373,3.43,1,116.252942,39.85122,14,45390.9
H00640,107.6,9.4,15,南,12.272,1.269,1,116.395348,39.970895,7,40971.4
H00641,54.0,18.6,22,西,4.946,4.066,1,116.074223,39.90278,4,32520.8
H00642,48.3,1.2,5,南,22.513,1.023,1,116.004391,39.843626,23,34512.7
H00643,159.5,16.1,25,南,9.811,2.922,0,116.495638,39.791813,10,39122.1
H00644,149.4,23.8,26,南,16.118,1.828,1,116.091941,39.896666,6,64239.0
H00645,55.7,8.9,15,西,14.997,3.395,0,116.416979,39.905043,8,27834.6
H00646,88.8,10.0,9,南,19.544,3.886,0,116.53976,39.741231,10,35619.9
H00647,108.3,15.8,10,南,6.931,4.914,0,116.431838,40.015483,12,34262.9
H00648,119.4,16.2,24,南,22.649,4.797,0,116.284041,40.031967,16,44296.7
H00649,157.8,14.6,8,南,5.204,3.153,1,116.199629,40.065076,11,68162.2
H00650,102.9,17.5,19,北,22.649,0.904,1,116.33763,39.753673,24,31624.2
H00651,51.0,4.9,14,南,9.445,3.333,0,116.533083,39.728582,9,29472.4
H00652,157.1,19.3,18,东,17.537,4.424,1,116.048361,39.963308,5,48270.8
H00653,65.7,9.7,3,南,11.445,2.46,1,116.009063,39.987495,13,42159.8
H00654,75.6,27.6,17,东,21.952,3.851,0,116.153292,40.006346,9,20634.1
H00655,78.8,16.9,10,东南,4.259,4.828,1,116.333961,39.91712,13,42161.9
H00656,112.4,21.1,10,东,15.154,4.571,0,116.085776,39.933621,2,41967.6
H00657,47.2,1.1,30,西,8.572,2.12,0,116.114403,39.882124,23,44830.9
H00658,144.1,1.5,13,北,19.046,2.517,0,116.342936,39.827381,24,52904.7
H00659,144.5,6.8,18,南,2.035,2.301,1,116.112262,39.807742,4,60646.8
H00660,94.3,17.0,27,东,4.322,4.041,0,116.456856,39.839372,21,36908.5
H00661,129.2,18.9,15,南,14.398,3.934,1,116.371371,39.984534,11,45726.3
H00662,94.8,21.2,10,南,6.501,0.398,0,116.580624,39.929865,16,42995.2
H00663,144.4,10.3,10,南,9.636,3.504,1,116.007135,40.08915,11,60641.1
H00664,113.6,18.0,15,南,19.555,3.97,1,116.06895,39.827839,23,48466.8
H00665,157.0,11.9,4,南,24.761,1.74,0,116.561827,39.756319,5,39408.8
H00666,116.3,28.0,27,东南,21.096,1.749,1,116.247545,39.74624,24,37599.4
H00667,142.9,14.0,6,东,20.671,1.732,0,116.420674,39.86711,21,31665.0
H00668,99.0,29.6,26,北,12.905,0.701,1,116.228661,40.018652,20,29779.8
H00669,84.5,19.1,30,南,22.071,0.419,1,116.060408,39.801953,12,26267.1
H00670,138.5,17.4,5,北,22.926,2.821,0,116.19788,40.003765,23,37025.9
H00671,89.2,27.8,5,北,11.656,0.296,0,116.455357,39.903829,6,30272.3
H00672,139.3,29.4,12,南,21.835,0.541,0,116.087059,40.099004,10,40538.7
H00673,120.2,13.0,12,东南,23.202,3.618,0,116.508844,40.027115,4,31200.0
H00674,147.0,28.9,11,南,1.253,3.438,0,116.004056,40.089303,6,55652.0
H00675,65.7,3.1,9,北,8.735,4.51,1,116.341447,39.864269,23,30923.9
H00676,99.2,23.4,26,南,10.325,2.148,1,116.313366,40.022696,10,36298.7
H00677,77.8,25.3,13,西,1.639,4.439,0,116.541365,39.888479,2,24943.5
H00678,61.3,19.4,2,西,9.163,2.838,1,116.379037,39.880412,21,27247.6
H00679,116.4,13.1,12,西南,10.684,1.459,1,116.050035,39.977216,10,46500.8
H00680,141.5,11.1,30,北,9.568,4.815,0,116.247951,39.984322,2,49218.9
H00681,50.4,2.2,7,北,13.402,1.067,0,116.35086,39.782472,11,29252.0
H00682,144.9,13.1,3,南,24.943,1.373,1,116.272871,39.875537,14,56850.9
H00683,114.1,22.4,29,南,12.779,3.017,1,116.080308,39.753988,15,45605.1
H00684,155.9,14.0,13,南,3.826,4.718,0,116.162613,40.098897,1,49039.5
H00685,145.5,11.4,3,东,24.133,2.747,1,116.248711,39.991226,17,45378.8
H00686,130.0,15.4,27,南,4.156,1.697,1,116.250356,40.04783,14,59144.8
H00687,156.5,7.0,24,东,23.773,1.206,1,116.496371,39.762327,22,36194.7
H00688,134.3,18.8,15,东,20.643,3.015,1,116.148138,39.899677,24,37313.4
H00689,64.0,7.9,8,南,6.003,4.844,0,116.370118,39.899281,22,29051.1
H00690,137.6,2.1,15,东南,21.575,3.538,1,116.467987,39.850471,5,39384.6
H00691,129.6,18.1,6,南,2.801,3.81,0,116.352526,39.716703,24,50996.8
H00692,158.1,16.8,11,北,22.628,3.469,0,116.040468,39.820671,11,31304.0
H00693,142.2,17.3,25,南,8.28,1.033,1,116.47178,40.047757,1,46467.7
H00694,107.6,23.5,18,南,23.54,0.159,0,116.530906,40.035931,7,31894.0
H00695,46.5,13.2,25,南,13.97,4.336,0,116.031311,39.821144,10,28093.2
H00696,123.9,12.1,3,东南,18.629,3.454,1,116.111506,39.923877,19,48786.6
H00697,139.2,1.8,10,北,3.553,3.945,0,116.052935,40.046861,2,72466.8
H00698,118.0,16.6,20,北,16.506,1.815,1,116.44509,39.801335,11,24043.0
H00699,57.0,20.2,22,南,19.157,1.036,1,116.047192,39.713094,5,24446.6
H00700,84.6,21.1,4,西南,16.303,1.742,0,116.211695,39.727062,16,36786.6
H00701,144.4,24.5,4,南,4.471,4.488,0,116.384651,39.846181,10,55976.9
H00702,137.7,5.6,1,南,12.258,4.158,0,116.051099,39.90221,14,44050.8
H00703,113.7,19.7,22,北,12.618,1.417,0,116.342365,40.066032,16,44165.9
H00704,128.7,8.8,7,南,23.428,2.968,0,116.173319,39.850583,24,40014.6
H00705,120.6,24.1,13,西南,3.741,1.875,1,116.223237,40.030931,13,52539.2
H00706,92.6,18.6,12,南,15.896,2.833,0,116.484006,40.016394,2,32453.3
H00707,97.2,29.6,29,北,8.807,2.439,1,116.188678,39.980953,18,36876.8
H00708,62.3,25.6,27,南,10.212,2.8,0,116.453484,40.091769,19,31531.0
H00709,87.3,17.3,26,北,23.628,2.983,1,116.227833,40.052792,13,31238.9
H00710,65.4,4.1,3,西,10.403,4.415,1,116.563558,39.753293,9,33134.3
H00711,114.9,10.0,11,南,23.185,2.684,1,116.584498,39.893939,5,33345.2
H00712,56.2,8.3,12,南,12.543,3.525,1,116.493725,39.932545,16,28968.9
H00713,74.6,16.2,4,东南,2.304,2.276,0,116.403031,40.025137,6,38572.5
H00714,60.8,5.4,4,南,10.968,1.682,1,116.545449,40.07013,19,38159.1
H00715,65.0,8.7,2,南,5.232,1.658,0,116.054135,40.064535,23,37574.0
H00716,62.3,27.1,26,北,9.68,1.076,1,116.51237,40.027596,16,27890.8
H00717,56.0,2.0,25,南,6.604,1.733,1,116.164847,39.783083,22,42835.0
H00718,153.5,15.4,9,北,21.585,2.42,1,116.07247,39.856215,14,56171.8
H00719,62.0,20.2,12,北,2.595,0.637,1,116.179191,39.972888,22,39453.7
H00720,118.9,26.9,3,东,5.632,2.156,1,116.24645,39.927278,9,41559.2
H00721,158.3,8.0,17,东,17.056,3.638,0,116.231439,39.981845,12,52982.0
H00722,146.9,4.7,30,东南,17.968,3.354,0,116.153976,39.757509,18,52598.0
H00723,59.0,3.0,27,北,7.364,4.577,1,116.409952,39.79303,18,38749.9
H00724,86.6,26.9,21,南,9.815,4.7,0,116.267168,39.946663,23,44828.7
H00725,103.4,13.0,29,东,13.808,4.409,0,116.304464,39.879253,16,29390.4
H00726,64.5,14.3,12,南,23.668,2.461,1,116.102727,40.092817,21,27970.6
H00727,132.9,4.5,26,北,3.741,4.32,1,116.454902,39.781662,15,75446.0
H00728,88.5,24.6,29,东,23.586,0.2,0,116.163994,39.873571,20,34733.4
H00729,156.5,4.9,22,东,2.805,4.854,0,116.496845,39.855063,8,53916.9
H00730,51.1,14.1,14,南,24.973,4.324,1,116.021625,39.749097,17,28014.3
H00731,95.4,16.6,6,西,22.775,4.985,1,116.062188,39.951444,5,33159.7
H00732,108.6,15.1,11,南,17.544,2.907,0,116.327884,40.033515,1,38146.9
H00733,54.1,3.9,29,东南,20.102,4.876,0,116.101968,39.777418,23,32611.9
H00734,114.2,26.6,2,西,21.886,1.623,1,116.491368,39.860961,11,33356.5
H00735,157.6,9.0,3,东,3.457,4.893,0,116.386077,39.857865,17,73658.7
H00736,114.9,9.4,18,北,6.319,3.118,1,116.356933,39.709411,1,26328.1
H00737,61.9,6.1,25,北,21.38,0.816,0,116.543027,39.774423,6,26121.5
H00738,114.1,5.8,29,南,5.1,4.971,1,116.172077,40.017019,17,72824.6
H00739,117.4,26.4,17,南,15.008,2.108,1,116.318859,39.767069,21,43850.1
H00740,145.0,9.4,1,西,20.563,3.384,1,116.162766,39.750583,6,44293.7
H00741,121.8,21.5,9,南,11.369,2.35,0,116.594994,39.930137,19,33676.5
H00742,108.4,20.5,9,南,11.143,0.577,0,116.573044,39.916765,12,31555.2
H00743,149.6,24.2,12,西南,9.833,4.824,0,116.245357,39.828627,5,39336.2
H00744,82.1,9.1,20,东,24.733,2.818,1,116.347081,39.793219,5,38074.9
H00745,123.7,5.8,6,南,23.584,3.851,1,116.498674,39.759479,12,37672.2
H00746,142.0,27.1,11,南,8.337,4.267,0,116.188161,40.014824,5,41357.6
H00747,115.2,27.6,4,东,18.633,1.783,0,116.152221,39.994019,16,42797.3
H00748,93.7,4.5,30,南,18.407,4.007,0,116.287019,39.928581,19,36977.7
H00749,133.9,11.0,4,南,15.233,3.237,0,116.033123,39.741515,13,44966.2
H00750,109.1,7.0,9,西,1.651,4.371,0,116.05743,39.872208,21,66627.8
H00751,59.8,15.5,6,东,10.065,0.684,0,116.575718,39.850829,2,27433.4
H00752,64.7,6.5,26,南,3.194,0.642,0,116.189048,39.906621,24,44944.2
H00753,62.9,5.4,9,北,18.761,0.21,1,116.123239,39.840008,18,34107.1
H00754,54.7,5.1,18,南,3.879,1.465,0,116.151394,39.928975,19,31482.0
H00755,152.9,27.3,29,西南,19.896,3.026,0,116.120642,39.746686,22,44779.0
H00756,104.0,3.2,5,南,6.644,1.413,0,116.527778,39.831187,10,47317.6
H00757,157.8,7.5,24,南,6.656,4.3,1,116.334465,39.717065,8,50009.3
H00758,152.8,19.3,9,南,15.063,1.31,0,116.560776,39.926468,6,47664.9
H00759,133.5,6.1,30,南,1.461,3.123,1,116.175989,39.909883,21,70369.7
H00760,156.6,29.2,5,北,12.495,3.709,1,116.19685,39.770886,9,43138.4
H00761,149.1,11.3,7,东,18.457,2.578,1,116.435528,39.919667,18,43733.2
H00762,126.2,23.8,14,西,21.154,4.801,0,116.197476,40.031848,12,44841.7
H00763,83.2,28.1,13,南,18.172,4.883,0,116.200985,40.046009,17,30717.8
H00764,79.3,22.2,16,南,12.701,4.202,1,116.149085,39.734541,15,31742.1
H00765,105.4,3.9,21,西,21.165,1.045,1,116.269467,39.934493,6,43924.9
H00766,62.3,5.7,23,南,11.223,1.865,1,116.234419,40.031611,2,41178.4
H00767,99.3,14.8,20,东,18.054,3.861,0,116.428696,39.906476,14,33825.2
H00768,110.9,22.7,10,南,14.204,3.668,0,116.13154,39.706011,16,37092.6
H00769,86.0,0.9,24,东,12.732,3.678,1,116.137768,39.773902,5,44799.1
H00770,120.0,13.3,2,北,6.961,1.144,1,116.524848,39.934605,24,51591.0
H00771,110.4,22.0,6,东,2.996,4.228,0,116.061989,39.970189,17,50009.3
H00772,104.0,1.7,1,西,22.955,2.702,1,116.251882,39.985394,13,40364.0
H00773,145.0,5.1,2,南,3.374,1.511,0,116.484405,40.012389,1,42093.5
H00774,107.5,17.2,10,南,6.977,1.774,0,116.21402,39.973943,22,35665.8
H00775,94.0,11.7,29,西,24.85,4.404,1,116.312006,39.877878,21,35336.2
H00776,99.7,13.0,20,北,5.846,2.862,1,116.15678,39.940684,24,40803.8
H00777,96.1,25.3,2,南,7.81,1.244,0,116.242861,39.944235,5,38732.2
H00778,110.0,24.7,25,南,16.087,3.472,0,116.078111,39.755914,22,35043.8
H00779,59.1,12.6,6,南,24.605,1.26,1,116.590892,40.076427,24,25831.7
H00780,115.9,26.7,5,南,15.329,4.428,0,116.077256,39.804445,7,34146.9
H00781,153.0,0.6,4,西,3.872,1.018,0,116.517695,39.832185,22,59710.1
H00782,57.3,0.8,24,南,19.888,0.436,1,116.536046,39.939622,3,30719.0
H00783,58.0,22.0,18,南,14.165,1.351,0,116.340204,39.847611,7,26642.8
H00784,115.8,12.2,4,南,19.979,4.549,0,116.315769,39.865465,14,33189.9
H00785,75.6,26.1,23,北,3.079,4.621,1,116.032495,39.922895,16,33528.3
H00786,127.7,12.6,14,东南,22.519,0.441,0,116.233743,40.019927,16,37115.3
H00787,46.2,15.3,27,西,20.842,4.127,1,116.456344,39.99678,19,27932.6
H00788,72.3,7.4,9,北,17.755,1.295,1,116.402838,39.772905,7,29668.7
H00789,86.3,23.8,25,东,18.274,1.822,1,116.251026,39.70625,24,36504.9
H00790,123.1,6.5,23,东南,4.842,2.57,1,116.184901,39.922903,21,49151.9
H00791,96.0,15.3,2,东南,7.596,4.309,0,116.557087,39.756914,4,35048.1
H00792,138.0,25.9,8,南,20.347,3.706,0,116.553408,39.718006,17,27966.6
H00793,53.3,27.9,16,西,1.55,3.485,0,116.028604,39.800044,18,30429.4
H00794,82.7,12.0,11,北,20.168,2.575,1,116.45797,40.087777,15,32089.8
H00795,82.8,6.9,4,南,15.953,1.731,1,116.349128,39.751865,11,33183.6
H00796,53.7,7.2,30,北,7.403,3.079,1,116.136473,40.004572,9,41337.4
H00797,66.9,28.1,23,北,17.093,1.48,0,116.511461,39.918205,10,23629.5
H00798,133.2,3.5,17,北,6.241,4.015,0,116.308964,39.843245,4,54312.9
H00799,138.7,19.8,22,北,10.935,4.177,1,116.224192,39.729289,19,40813.8
H00800,137.4,2.0,24,南,5.598,2.998,0,116.445287,39.817427,3,55760.6
H00801,80.4,12.0,11,东南,16.32,4.244,1,116.312067,40.080532,4,33410.9
H00802,71.4,19.0,16,西南,6.177,2.765,0,116.3182,39.910889,12,39336.0
H00803,47.7,9.6,17,南,10.599,0.966,0,116.37233,39.975367,7,27008.4
H00804,50.5,2.2,8,南,21.6,2.713,0,116.380694,39.954543,16,31911.5
H00805,89.0,29.8,8,东,2.649,1.528,1,116.130759,39.994726,15,35827.4
H00806,56.5,29.8,4,南,2.844,1.287,0,116.530357,39.841477,10,23257.4
H00807,128.7,8.9,6,北,19.565,4.066,1,116.123671,40.02706,8,53480.8
H00808,81.4,20.8,30,北,9.066,3.231,1,116.590792,39.955792,2,31022.8
H00809,92.9,15.9,18,东,7.712,1.607,0,116.305238,39.843207,9,38427.0
H00810,46.3,0.4,24,南,3.148,2.59,0,116.104599,39.758046,23,42341.8
H00811,111.7,2.0,4,南,4.885,2.388,0,116.303084,39.903139,16,65526.7
H00812,112.0,1.0,2,南,6.275,3.274,0,116.391841,39.828379,2,42546.3
H00813,53.7,8.5,12,东,9.244,0.405,1,116.311816,39.942409,11,35537.0
H00814,53.7,28.4,8,南,4.971,3.294,1,116.04108,40.065595,20,32400.5
H00815,106.7,20.4,16,东,5.215,0.384,1,116.581068,39.775953,15,44904.0
H00816,134.1,0.5,9,西,12.512,4.321,1,116.293448,40.036506,21,56768.2
H00817,55.5,28.1,27,南,24.048,3.693,1,116.180248,40.039377,13,22817.4
H00818,95.8,24.8,29,东,8.279,2.256,1,116.382778,40.092378,18,35290.2
H00819,68.6,17.1,26,东南,24.741,4.521,0,116.255629,39.764633,8,24786.8
H00820,52.2,17.0,20,南,20.208,0.676,0,116.076251,39.787506,14,22989.9
H00821,56.4,18.7,10,南,18.37,2.495,1,116.027286,39.718111,11,23908.8
H00822,66.5,13.2,27,西,18.544,0.847,1,116.455656,39.872201,12,27463.6
H00823,133.0,6.8,21,西南,22.054,2.608,0,116.541925,40.069192,3,35102.7
H00824,112.6,20.4,4,北,21.276,4.754,0,116.595111,40.007155,16,36430.8
H00825,49.9,3.5,15,南,4.294,0.915,0,116.221557,39.794203,20,33698.8
H00826,131.9,15.3,30,北,8.664,4.424,0,116.032054,39.796345,19,65051.2
H00827,67.6,0.1,13,东,22.214,0.396,1,116.248866,39.929788,15,31987.1
H00828,72.8,1.1,20,南,5.021,1.571,1,116.289185,39.716109,17,45333.8
H00829,77.8,9.2,24,北,17.874,1.674,1,116.103582,40.054345,19,35520.8
H00830,86.0,16.1,21,北,6.209,0.322,1,116.199329,39.920137,22,43655.3
H00831,80.9,5.0,29,西南,5.804,1.232,1,116.293828,39.899965,24,45536.8
H00832,47.0,10.3,16,南,1.352,1.263,1,116.372447,39.750559,5,31274.1
H00833,131.2,17.3,13,北,17.717,1.007,1,116.240228,39.833492,1,38987.3
H00834,71.5,16.5,7,西,22.85,1.719,1,116.544594,40.07678,5,24668.6
H00835,133.3,11.0,26,西,12.85,1.627,0,116.461381,39.752295,24,48934.3
H00836,59.8,6.0,25,西,22.155,1.594,1,116.323626,39.932433,17,34038.5
H00837,69.0,20.5,22,南,20.77,4.336,0,116.023996,39.77675,8,26349.4
H00838,81.4,21.2,17,南,3.028,1.713,1,116.218544,39.741785,4,30377.9
H00839,75.4,16.7,19,北,21.037,1.776,0,116.133251,40.011162,9,29921.5
H00840,159.2,21.1,23,东,24.368,3.169,0,116.369464,40.091012,12,49275.2
H00841,58.2,10.9,9,北,4.203,1.292,1,116.359866,39.799322,4,35947.4
H00842,92.5,11.2,23,西南,18.255,4.529,1,116.24253,39.733355,22,34392.5
H00843,129.5,10.4,29,南,1.126,2.223,0,116.037166,39.93598,1,85045.1
H00844,128.5,5.2,6,北,21.518,2.893,0,116.487555,39.997275,22,35459.5
H00845,112.7,29.4,7,西,22.604,1.173,0,116.267337,40.068389,4,31734.4
H00846,124.4,0.4,21,南,4.376,1.551,1,116.066074,39.865706,16,82232.7
H00847,95.9,21.0,25,南,1.269,2.071,1,116.492209,39.740528,11,34913.4
H00848,80.8,29.7,5,东南,20.224,3.926,0,116.328551,39.841636,4,23022.4
H00849,131.9,2.2,13,南,22.767,3.25,1,116.032974,39.86591,23,63185.3
H00850,103.1,23.0,3,北,13.887,4.399,1,116.078327,39.768065,5,37927.4
H00851,109.4,4.1,4,东南,20.43,4.337,1,116.368799,40.00236,14,44625.4
H00852,118.7,24.0,13,北,17.362,3.433,0,116.432049,39.725503,22,31494.6
H00853,59.1,3.0,20,南,21.071,4.382,0,116.444774,39.894105,4,26318.3
H00854,127.7,13.4,4,北,16.555,3.034,1,116.503583,40.061051,10,44004.7
H00855,93.0,16.6,5,南,3.591,3.453,1,116.550759,39.790269,11,34834.8
H00856,140.5,15.4,23,南,12.313,1.257,1,116.33169,39.911882,13,55072.1
H00857,98.7,3.5,7,南,15.969,3.629,1,116.252277,40.050313,22,54000.5
H00858,70.7,9.8,20,南,22.708,1.488,0,116.007086,39.720241,5,38909.6
H00859,152.7,0.5,19,南,12.328,1.944,0,116.232822,40.032253,18,59643.9
H00860,119.2,24.5,23,西,20.48,0.111,1,116.314393,40.016791,9,33662.6
H00861,146.6,8.5,19,西南,1.808,3.553,0,116.492293,39.803221,3,73601.6
H00862,97.8,14.3,28,南,6.132,4.886,0,116.166549,39.800071,1,37117.6
H00863,69.3,12.0,8,北,18.966,4.136,0,116.589223,39.954954,17,23744.1
H00864,67.4,24.3,19,北,20.417,1.26,0,116.480341,39.747662,7,24299.6
H00865,80.8,27.3,25,南,3.996,3.882,0,116.319281,39.73462,19,33090.4
H00866,157.4,0.9,10,东,11.583,1.179,1,116.305285,39.991644,17,57364.7
H00867,76.8,29.2,27,北,13.99,4.397,1,116.453266,39.875073,10,22428.7
H00868,148.8,9.1,12,南,12.608,4.156,0,116.417185,39.758745,15,40225.5
H00869,108.9,19.8,19,北,3.142,4.377,0,116.587384,39.873953,14,39135.5
H00870,74.3,21.7,17,北,20.897,4.196,1,116.534929,39.921443,23,24764.2
H00871,96.4,1.0,3,北,3.426,0.3,1,116.26013,39.794729,4,56908.3
H00872,94.3,29.5,23,北,24.081,0.998,0,116.401114,40.045308,13,27590.5
H00873,46.5,9.1,18,北,3.332,4.217,1,116.513519,39.791964,23,30287.7
H00874,149.3,7.1,27,西,5.921,3.359,1,116.19116,39.905491,15,73960.4
H00875,82.2,15.0,30,东,5.722,3.623,1,116.379985,39.802222,20,33924.5
H00876,113.7,8.1,12,北,10.048,0.874,0,116.390686,39.899066,8,47295.2
H00877,65.0,14.5,3,东,17.291,0.974,0,116.391513,39.92124,22,28482.3
H00878,115.7,13.8,27,东,21.483,4.32,0,116.034222,39.878928,5,51715.3
H00879,142.6,26.2,5,西南,7.778,0.954,1,116.13915,39.883811,12,41463.6
H00880,120.3,21.3,5,东,16.754,3.149,0,116.448863,39.955948,24,37245.8
H00881,68.1,3.8,4,南,24.182,3.123,0,116.132774,40.076807,3,31096.1
H00882,118.5,20.0,18,北,10.168,0.378,0,116.504036,39.719325,15,39010.2
H00883,54.0,28.6,3,南,24.425,4.006,0,116.33384,39.869629,2,17258.5
H00884,147.6,1.8,2,西,12.138,0.366,1,116.568354,39.723706,12,59591.4
H00885,138.3,26.9,22,南,8.039,0.589,0,116.076417,39.744502,7,52974.2
H00886,137.1,9.6,23,南,22.839,3.708,0,116.241872,39.707845,23,43352.5
H00887,148.0,3.4,25,南,2.148,4.694,1,116.239784,40.03643,17,94993.5
H00888,142.5,5.5,20,北,14.42,3.105,1,116.253269,39.989417,22,63272.8
H00889,60.2,8.3,6,南,16.165,4.952,0,116.190235,40.019358,17,31184.3
H00890,46.3,6.8,15,北,24.151,2.242,1,116.129863,40.08708,17,30890.4
H00891,118.8,9.7,30,南,18.815,2.009,0,116.27696,39.973629,24,48121.7
H00892,70.1,2.2,21,北,23.895,3.133,0,116.469518,39.908898,21,27388.5
H00893,108.9,19.0,16,东,17.563,1.09,1,116.59469,39.990256,4,35751.1
H00894,81.0,13.2,5,南,13.378,3.161,0,116.37169,40.059068,15,35316.1
H00895,85.4,18.0,10,南,7.769,0.115,0,116.337181,39.96404,24,30547.0
H00896,112.0,1.3,2,南,15.956,1.511,1,116.436475,39.955073,1,42135.0
H00897,52.1,23.4,19,北,5.961,3.28,0,116.074679,39.815694,15,29095.2
H00898,113.3,16.8,7,西,13.395,2.668,1,116.521093,39.910414,19,36702.9
H00899,101.6,14.6,23,东南,12.914,4.983,0,116.446152,39.82585,15,34147.0
H00900,135.2,19.4,16,东,10.03,4.753,0,116.280612,39.70778,13,39986.4
H00901,97.4,23.9,7,南,10.448,2.277,0,116.237569,39.96148,15,45483.4
H00902,127.8,24.1,26,南,6.433,4.699,0,116.150373,39.793694,9,44367.3
H00903,106.7,18.5,1,东,3.577,4.701,0,116.094533,39.960273,23,47008.8
H00904,133.9,11.4,19,东南,12.341,3.221,1,116.103254,39.86609,11,51581.4
H00905,78.2,4.6,21,北,3.857,1.9,0,116.226222,39.996756,13,34476.8
H00906,91.8,16.0,6,东南,2.381,3.912,0,116.525,39.765832,18,37522.4
H00907,134.7,4.3,15,西,4.853,2.714,0,116.168809,39.758193,20,46522.8
H00908,46.1,3.1,16,西,12.18,2.974,0,116.072873,39.790972,4,32299.5
H00909,115.8,16.5,2,南,5.1,3.771,1,116.343347,40.086472,19,55619.7
H00910,153.2,21.7,3,南,19.493,2.615,1,116.398989,40.099503,19,45863.3
H00911,109.2,19.7,3,东,2.024,3.957,0,116.256364,39.94004,15,50954.4
H00912,149.0,14.0,13,东,22.733,3.181,1,116.166521,39.828146,21,58790.8
H00913,47.4,19.4,12,南,22.796,3.26,0,116.523771,39.838892,19,21466.9
H00914,50.5,21.6,28,南,22.715,2.247,0,116.585724,39.875054,12,20497.0
H00915,134.1,25.7,23,南,18.603,4.947,1,116.546156,40.025636,24,41040.6
H00916,78.9,6.1,9,南,9.292,0.574,0,116.335091,40.051111,9,36822.8
H00917,72.7,5.5,21,南,12.776,2.185,1,116.344093,39.863379,17,41365.3
H00918,125.7,24.1,29,南,20.405,3.394,0,116.252256,39.798655,8,29674.1
H00919,93.5,25.3,5,东,9.162,1.631,1,116.349222,39.940698,1,31191.5
H00920,117.7,5.2,3,北,12.749,1.711,1,116.592269,39.765498,10,40263.6
H00921,81.7,20.1,8,南,7.651,3.008,1,116.550562,39.790163,19,31531.3
H00922,129.5,18.9,12,南,24.505,0.454,0,116.178642,40.071893,1,33215.1
H00923,148.9,9.4,1,南,10.408,2.706,0,116.017551,39.704852,14,54195.0
H00924,117.3,26.8,26,西,21.053,3.337,0,116.393911,40.092639,3,33706.4
H00925,122.9,10.9,26,西,19.316,0.128,1,116.3755,39.976454,18,56585.1
H00926,63.4,3.1,3,东南,4.957,4.878,1,116.510031,40.083715,22,38796.6
H00927,101.3,26.2,12,南,6.165,0.812,0,116.454086,39.811071,10,36722.6
H00928,151.8,19.6,11,西,14.523,3.699,0,116.385538,39.905159,19,39860.2
H00929,85.5,23.0,12,南,4.486,1.38,1,116.026079,39.820355,1,42087.9
H00930,115.2,20.5,17,南,10.316,3.022,1,116.279431,40.018321,8,36737.6
H00931,96.6,2.1,26,东,10.008,4.895,0,116.115164,40.03081,13,42574.4
H00932,159.1,11.0,16,西,13.562,3.606,0,116.3251,39.961828,9,39801.6
H00933,107.0,12.2,28,东,9.471,1.204,1,116.577681,39.729632,12,51001.8
H00934,111.1,25.2,21,西南,12.64,0.896,0,116.583,39.760275,15,30876.3
H00935,80.8,29.0,10,南,20.785,0.142,0,116.456768,39.822422,12,22196.5
H00936,153.8,10.7,29,西,10.431,3.856,0,116.014656,40.025725,20,67573.0
H00937,94.0,24.3,16,北,19.806,1.456,1,116.207912,39.744467,12,30443.2
H00938,152.9,28.9,21,南,23.828,4.513,0,116.102759,40.090783,3,44132.6
H00939,93.9,17.8,13,北,9.213,2.725,0,116.552378,39.750656,8,28240.5
H00940,127.9,10.3,1,南,11.323,1.866,1,116.460331,40.02533,19,53044.5
H00941,132.2,23.2,22,东,4.122,3.707,1,116.005874,39.842197,3,64643.8
H00942,112.8,24.6,1,北,16.524,1.919,1,116.444594,39.773281,21,30746.3
H00943,113.2,23.2,8,东,6.626,4.757,1,116.045239,39.742022,8,56565.2
H00944,58.5,11.0,29,北,8.335,4.215,1,116.49909,39.925813,7,31467.3
H00945,156.4,28.3,22,南,6.353,3.957,0,116.090247,39.737263,22,50925.8
H00946,67.6,16.1,23,北,18.379,1.593,1,116.149685,40.094633,8,37421.5
H00947,105.7,11.2,24,南,1.338,1.241,1,116.306496,40.053156,21,55283.2
H00948,141.7,3.5,10,东,6.645,1.039,0,116.515506,39.843284,6,68348.2
H00949,135.9,10.8,2,西南,9.744,0.614,1,116.34714,39.872413,22,61452.6
H00950,146.0,13.7,9,南,19.295,2.981,1,116.355869,39.75296,5,54762.8
H00951,46.0,24.0,16,东,2.038,3.087,0,116.561225,40.015781,3,29517.1
H00952,149.0,24.7,19,西南,24.685,2.473,0,116.599762,39.826806,15,35249.2
H00953,46.4,8.8,8,东南,18.914,4.384,0,116.17248,39.779973,3,24620.1
H00954,89.4,21.9,5,南,17.419,2.112,1,116.251185,39.700983,5,36765.2
H00955,63.2,6.0,19,南,24.083,1.482,1,116.070198,39.845152,4,31404.4
H00956,67.7,21.9,15,南,6.589,3.248,1,116.041808,39.996562,18,34248.4
H00957,81.3,28.3,19,南,6.6,2.848,1,116.199941,40.060146,15,37641.3
H00958,71.2,1.5,30,南,17.546,0.786,1,116.36981,39.793663,23,37229.3
H00959,101.8,0.6,19,西南,9.058,0.559,0,116.156016,39.923394,2,54341.8
H00960,120.7,23.2,9,南,3.908,2.693,1,116.038687,39.959559,15,55818.0
H00961,136.7,13.1,1,西,10.184,1.012,1,116.176994,39.930074,6,68259.6
H00962,117.9,18.7,29,西,9.15,3.971,0,116.46745,39.973457,19,57111.4
H00963,46.3,7.6,3,南,7.406,0.536,1,116.59613,40.005988,9,32299.9
H00964,90.4,22.6,10,南,20.552,0.51,0,116.08529,40.060056,13,29047.8
H00965,123.2,17.8,13,南,13.467,3.646,0,116.460554,39.908874,22,45261.0
H00966,115.1,22.1,5,东,19.907,1.157,1,116.257705,39.821786,11,37295.4
H00967,143.9,24.7,18,南,21.014,2.772,1,116.508576,39.758772,15,33828.1
H00968,55.0,21.2,12,南,2.293,2.158,0,116.537805,39.844801,14,28339.4
H00969,153.1,29.9,26,东南,10.927,0.962,0,116.5603,40.04126,6,39953.5
H00970,75.9,24.4,15,东,14.134,3.676,1,116.374683,39.884881,4,27503.2
H00971,87.4,16.9,1,南,15.395,4.042,1,116.095297,39.930266,23,38661.1
H00972,77.6,18.8,11,北,4.358,2.645,0,116.492431,39.892254,23,29350.7
H00973,86.7,1.7,20,北,13.874,4.64,0,116.031894,39.808581,24,40984.5
H00974,81.3,16.0,5,西,10.047,0.433,1,116.331798,39.885819,22,34820.9
H00975,118.0,1.7,23,西,4.009,2.691,0,116.128446,39.784482,24,75337.5
H00976,103.6,2.2,9,南,12.35,4.922,0,116.476265,39.800962,13,36029.6
H00977,127.8,2.2,27,南,3.014,1.551,0,116.325285,39.953249,19,49085.4
H00978,144.4,9.8,3,东,16.499,0.208,1,116.241389,39.834443,10,57664.7
H00979,67.8,24.1,23,北,19.893,0.879,1,116.596074,39.848034,17,25532.6
H00980,76.3,2.7,3,东南,5.077,2.187,1,116.323941,39.752035,19,44577.8
H00981,145.1,23.5,18,南,18.839,2.391,0,116.033816,39.976069,17,54622.3
H00982,46.0,20.1,18,西南,16.324,4.322,0,116.284886,39.897781,16,23238.1
H00983,114.6,0.5,17,南,21.032,1.089,1,116.013993,39.900179,23,44513.3
H00984,137.2,29.6,5,西,18.448,0.231,0,116.033197,39.719708,14,42320.6
H00985,113.5,20.4,29,南,9.585,3.332,0,116.31895,39.852838,7,38669.3
H00986,151.1,3.5,3,南,8.366,4.801,0,116.510948,40.049953,17,94773.5
H00987,74.9,26.7,6,南,15.699,2.368,1,116.301251,39.965736,21,30153.4
H00988,67.6,3.7,24,北,9.622,4.44,1,116.084538,39.759671,4,41735.3
H00989,68.0,28.6,11,南,8.079,0.977,0,116.52692,39.868646,9,23517.9
H00990,77.9,26.0,18,东,6.809,2.188,1,116.38209,39.940277,4,28920.9
H00991,113.9,24.1,7,东南,19.155,4.858,1,116.590111,40.035106,8,30365.2
H00992,112.3,29.6,28,南,2.451,4.323,0,116.127033,39.713429,1,37185.0
H00993,109.6,8.3,14,东南,17.372,0.467,1,116.109648,40.086061,13,57404.8
H00994,145.7,21.2,13,南,8.055,2.638,1,116.400957,39.836161,20,46176.4
H00995,134.2,18.7,26,南,19.812,4.767,1,116.045303,40.084272,17,42995.7
H00996,156.7,28.5,16,北,9.585,4.169,0,116.476639,40.03906,12,40808.9
H00997,145.1,17.5,4,南,6.611,1.13,1,116.280148,39.799125,12,43868.6
H00998,102.3,27.1,15,东南,7.996,2.648,0,116.128168,40.034537,3,44360.3
H00999,117.7,28.2,20,南,18.924,1.371,1,116.103873,39.872173,7,35078.1
H01000,84.2,11.2,20,东南,21.737,3.722,1,116.229044,40.0377,13,36633.1
H01001,141.6,25.6,6,南,20.458,1.518,1,116.509018,40.054023,10,46223.7
H01002,85.8,21.7,24,南,11.294,0.945,1,116.449796,39.967471,5,39233.6
H01003,77.6,3.7,11,西南,13.856,4.304,0,116.213292,39.971718,10,38515.5
H01004,159.1,9.0,23,南,7.493,1.291,1,116.39917,39.79624,19,78148.1
H01005,156.5,2.0,8,南,17.449,1.424,0,116.330888,39.841875,11,61880.6
H01006,60.8,9.8,9,南,10.183,3.416,0,116.144246,39.787323,22,37488.8
H01007,136.8,24.5,13,西南,16.048,3.763,0,116.375354,40.094235,3,48488.0
H01008,55.6,27.0,3,南,21.689,0.804,0,116.445617,40.097806,17,24623.2
H01009,83.1,2.0,28,北,22.292,0.237,1,116.560734,39.771174,6,33968.2
H01010,85.6,0.6,7,东南,14.01,3.812,0,116.021854,39.837733,22,45858.4
H01011,45.2,16.0,3,南,9.335,4.545,1,116.469085,39.70138,21,29914.1
H01012,145.4,13.2,7,北,17.12,3.662,0,116.149043,39.87506,4,39261.8
H01013,88.7,3.5,12,东,8.209,4.478,1,116.327487,39.955692,14,41793.0
H01014,84.3,26.4,30,南,6.433,3.939,1,116.176761,39.870345,5,34733.5
H01015,63.4,18.1,21,北,15.123,1.926,0,116.508483,40.069522,23,26600.0
H01016,114.1,20.5,1,东,20.692,0.811,1,116.35807,39.777606,14,38765.0
H01017,53.7,19.6,11,南,13.474,1.941,0,116.307331,39.817169,4,24141.9
H01018,64.7,2.3,19,北,22.578,1.595,0,116.15013,39.806161,12,24400.7
H01019,150.7,14.2,8,东,4.881,3.72,0,116.365248,39.954356,5,71466.8
H01020,110.4,22.7,10,南,23.069,4.859,0,116.027033,39.714059,21,29175.1
H01021,86.9,5.2,25,东,15.456,2.138,1,116.408589,39.705943,22,49433.6
H01022,103.2,1.5,24,东,7.975,4.093,1,116.146462,39.769291,12,48796.2
H01023,145.1,29.6,15,西南,19.892,2.285,1,116.40626,39.966492,12,34157.4
H01024,129.8,2.2,21,南,3.628,4.406,1,116.258691,39.925855,10,72929.1
H01025,115.3,27.3,1,东,19.139,1.922,0,116.004965,39.980775,12,47806.6
H01026,62.4,9.3,2,南,24.108,0.397,1,116.404506,39.706266,14,27354.0
H01027,97.8,24.7,21,北,7.201,2.51,0,116.109851,39.7804,22,36696.3
H01028,84.0,28.1,27,东,11.219,3.103,0,116.349635,39.731868,4,26084.7
H01029,154.6,1.6,18,西,2.382,4.791,1,116.574747,39.710802,15,88322.2
H01030,134.4,26.1,26,南,12.3,3.996,0,116.087539,39.981664,7,45022.3
H01031,71.6,13.7,13,南,4.023,4.968,0,116.380592,40.051697,24,39556.8
H01032,146.3,23.1,10,北,4.071,0.894,0,116.016807,39.807334,3,48496.4
H01033,58.4,3.9,17,东,12.195,3.335,0,116.254581,39.876201,22,35263.2
H01034,60.0,16.5,8,北,16.534,2.435,1,116.368367,39.973589,9,26991.1
H01035,69.5,12.2,12,东,7.675,1.329,0,116.560272,39.877528,13,39451.2
H01036,69.2,9.7,5,东南,9.036,2.773,0,116.327244,39.814728,11,36706.5
H01037,105.2,14.4,23,南,20.034,2.897,0,116.572024,40.029685,4,30139.5
H01038,98.3,8.8,15,西,5.683,3.527,0,116.505203,40.004164,18,36615.2
H01039,103.8,28.3,2,南,17.76,0.579,1,116.03361,39.725058,11,34897.2
H01040,108.5,15.4,14,南,24.618,1.056,1,116.189743,39.945407,24,51599.6
H01041,147.7,28.9,18,南,24.686,2.074,0,116.367614,39.75187,3,30056.0
H01042,113.5,29.4,15,南,12.601,2.476,1,116.031981,39.82097,6,39667.3
H01043,146.2,18.1,26,东,15.884,4.467,1,116.232355,39.940907,19,38070.3
H01044,136.0,15.7,10,南,4.041,1.884,1,116.00173,39.966613,20,85424.5
H01045,76.2,13.3,30,南,7.381,0.393,1,116.076899,39.877836,1,32348.4
H01046,49.4,10.9,13,西南,19.844,0.262,1,116.182684,39.937141,19,32106.4
H01047,98.2,0.9,7,西,18.67,3.212,0,116.557045,39.918985,13,35177.3
H01048,66.0,29.0,11,南,18.102,0.54,1,116.164874,39.847489,22,24406.9
H01049,100.9,25.6,11,东,21.064,0.617,1,116.167138,39.91728,24,31185.0
H01050,120.6,26.5,24,西,16.867,3.336,1,116.581639,40.027075,3,28848.3
H01051,70.2,11.5,23,西,11.335,2.402,1,116.074696,39.758616,22,40902.4
H01052,106.3,25.9,13,西南,24.143,4.003,1,116.166955,39.974057,11,28981.5
H01053,76.5,4.4,25,南,1.081,2.718,0,116.591357,39.72039,11,36047.2
H01054,123.2,14.5,12,东,3.409,0.301,1,116.120749,39.705295,16,61908.8
H01055,52.8,20.1,3,北,3.433,2.882,0,116.042153,39.787072,12,29137.4
H01056,138.3,7.2,3,东南,1.6,4.084,0,116.423912,39.725452,10,44790.8
H01057,127.0,9.0,7,西,19.266,3.977,0,116.307096,40.062983,20,39547.0
H01058,62.6,27.2,12,北,11.436,2.942,0,116.130505,39.982744,19,24822.7
H01059,151.1,27.4,2,东,13.461,4.354,1,116.281799,39.74526,22,50543.5
H01060,79.4,19.1,3,南,1.857,0.365,1,116.482111,39.895442,2,31596.7
H01061,48.7,5.1,2,北,24.733,0.401,1,116.599804,39.846459,23,25674.9
H01062,118.8,18.7,14,西南,17.297,2.734,1,116.390297,39.720016,11,27560.9
H01063,121.0,22.4,29,南,14.575,0.555,0,116.301042,39.792706,20,37554.4
H01064,68.3,17.5,21,南,24.591,3.636,1,116.215293,39.734831,5,23989.3
H01065,158.1,15.0,5,南,23.307,2.603,1,116.317633,39.997433,19,48597.8
H01066,115.2,25.3,12,南,16.09,3.267,0,116.152234,39.722079,10,30339.6
H01067,155.2,4.7,6,北,21.387,1.944,1,116.069843,39.934326,12,56714.0
H01068,129.2,25.9,23,东,3.531,3.125,1,116.037462,39.763238,11,64520.8
H01069,114.4,8.6,8,南,21.228,1.785,1,116.552,39.977415,20,31971.7
H01070,146.3,28.5,10,南,4.106,2.818,0,116.035248,39.818279,15,53114.5
H01071,148.6,7.0,6,东南,24.596,3.362,0,116.472149,39.793783,9,30079.9
H01072,107.9,17.2,8,北,12.911,1.779,0,116.178304,39.724753,18,35744.7
H01073,106.0,6.5,18,东南,18.005,4.012,1,116.414033,39.713704,10,32017.0
H01074,63.1,16.8,6,南,6.476,1.229,1,116.457199,39.888095,5,32107.1
H01075,108.9,22.2,20,北,1.623,1.039,0,116.216425,39.948607,8,47151.3
H01076,148.8,21.6,5,东南,15.839,3.474,1,116.191077,39.839479,3,39127.9
H01077,122.9,0.6,20,南,5.721,3.433,1,116.06408,39.969992,18,85972.6
H01078,65.9,24.5,19,东,12.915,1.838,0,116.507266,39.815884,20,27067.6
H01079,59.7,27.2,2,南,20.771,3.472,1,116.476266,40.09531,16,24576.2
H01080,71.9,12.8,5,东南,21.708,2.018,1,116.304781,39.85286,12,33888.0
H01081,97.8,11.7,13,南,7.859,0.101,0,116.231132,39.952035,3,39928.0
H01082,117.9,18.4,23,西,23.173,2.043,0,116.473946,39.952409,3,33052.4
H01083,84.0,13.2,29,西,6.042,3.593,1,116.42544,39.753604,9,38412.8
H01084,128.0,1.5,22,北,5.338,3.222,1,116.491776,40.036479,6,53689.9
H01085,99.1,23.1,17,北,11.795,3.234,0,116.180997,40.067029,8,32656.3
H01086,132.1,19.5,25,东,14.042,0.32,0,116.227259,39.900328,18,58789.1
H01087,64.6,17.8,12,西,2.71,2.107,0,116.032809,39.809457,19,37717.6
H01088,80.5,13.4,12,东,6.133,0.167,0,116.328527,40.088814,20,46130.6
H01089,55.0,19.0,2,南,12.681,2.518,0,116.097774,39.908649,1,25289.2
H01090,126.6,0.8,21,东,11.099,2.636,1,116.123475,39.947479,5,84039.7
H01091,57.6,3.4,9,西,5.956,3.771,0,116.094812,39.985973,4,38621.1
H01092,154.5,12.1,22,东,17.235,1.418,1,116.222002,39.73176,17,65902.3
H01093,94.8,15.1,18,西南,10.16,0.377,0,116.498795,40.004987,10,38340.0
H01094,96.5,17.8,1,北,22.916,4.281,0,116.335796,40.020978,15,28680.1
H01095,91.2,7.2,18,西南,11.962,2.035,0,116.079887,39.840008,13,37583.9
H01096,92.3,7.6,11,南,22.421,0.202,1,116.233038,40.050919,11,40782.2
H01097,76.3,29.4,20,南,9.38,3.11,0,116.128117,39.860645,7,27167.6
H01098,53.3,14.4,5,北,3.019,3.282,0,116.469724,39.719372,23,26382.4
H01099,131.7,11.6,6,东,16.438,3.831,0,116.530706,40.08652,21,32846.7
H01100,83.4,3.2,10,西南,15.485,2.315,1,116.533519,39.944127,3,38623.7
H01101,62.7,27.3,18,东,11.43,1.451,0,116.363598,39.90552,8,28048.2
H01102,143.0,3.5,1,北,2.669,1.092,1,116.182002,39.895644,7,66023.6
H01103,136.1,15.6,3,南,18.807,0.974,0,116.312596,39.941175,11,43332.2
H01104,105.9,18.0,23,南,2.482,1.174,0,116.071977,40.035557,10,46552.5
H01105,141.2,5.0,25,南,20.103,2.776,0,116.070694,39.857763,14,59196.9
H01106,111.7,22.8,23,北,6.781,3.943,0,116.594944,39.944795,8,31986.6
H01107,154.2,10.9,1,南,16.748,2.546,0,116.454624,39.928887,3,52590.2
H01108,149.1,12.4,24,南,18.346,4.789,1,116.083933,39.904742,5,47176.0
H01109,74.1,7.6,17,东,20.016,2.354,1,116.193103,39.917589,21,29955.5
H01110,73.6,18.6,2,南,13.442,2.695,1,116.531911,39.899224,16,30697.9
H01111,66.1,2.7,1,南,24.987,2.024,1,116.397705,39.981769,6,27555.7
H01112,51.8,4.1,26,西,24.891,2.677,0,116.316224,39.815024,3,26644.4
H01113,80.8,27.0,19,南,24.662,4.701,0,116.228347,39.885869,24,24373.5
H01114,133.7,27.0,4,北,16.367,1.759,1,116.209308,40.076931,24,46222.3
H01115,138.8,19.5,15,北,5.753,0.662,1,116.526833,39.908539,2,48359.1
H01116,139.5,27.5,6,西,5.758,3.937,1,116.480399,39.712072,9,49398.4
H01117,152.7,5.1,5,北,19.446,3.597,1,116.518081,39.940518,19,55930.9
H01118,111.9,24.2,4,南,11.729,1.668,1,116.298025,39.723196,7,30861.1
H01119,119.8,16.9,1,西,1.538,1.916,0,116.22706,39.760733,20,37227.2
H01120,142.6,2.5,12,北,4.062,4.553,1,116.098383,39.792006,18,53861.5
H01121,66.8,29.8,29,北,19.811,2.496,0,116.019833,40.090652,15,29388.0
H01122,101.5,15.5,15,东南,5.656,3.441,0,116.017789,40.036924,4,37832.1
H01123,66.5,16.6,1,西,16.37,2.268,0,116.045733,40.08953,21,35942.4
H01124,91.9,24.2,30,南,9.221,4.878,1,116.401141,39.919005,12,37666.6
H01125,77.4,3.2,13,北,24.636,3.481,0,116.375762,39.861483,24,22795.4
H01126,85.8,17.6,28,北,21.566,0.677,0,116.048215,39.731775,2,33838.2
H01127,69.1,11.1,28,南,4.209,4.298,1,116.181396,39.870624,21,46156.6
H01128,141.4,21.7,17,东,20.351,4.068,0,116.082874,39.813878,20,44825.4
H01129,55.9,4.2,3,东,4.547,4.502,1,116.4535,39.790314,15,37170.0
H01130,153.9,24.8,10,南,2.668,2.32,1,116.217371,39.86962,2,49817.1
H01131,55.0,16.5,21,北,4.064,2.918,0,116.405747,40.027658,4,32503.9
H01132,114.5,15.6,10,北,9.538,4.137,1,116.121465,40.095143,5,35368.4
H01133,88.3,7.7,21,南,7.695,2.805,0,116.466155,39.799073,20,38033.8
H01134,71.6,20.6,28,东,20.758,3.48,0,116.212826,39.75502,1,27788.8
H01135,71.8,11.2,14,南,17.063,3.002,1,116.386108,39.95957,21,36193.6
H01136,159.3,3.2,10,南,3.323,0.84,0,116.523262,39.808621,20,76667.2
H01137,49.7,19.0,5,北,2.47,3.634,1,116.137529,40.083625,18,35456.8
H01138,114.7,28.8,30,南,9.501,2.717,0,116.172218,40.026111,4,39734.7
H01139,157.6,29.6,17,东,5.718,4.267,0,116.179158,39.948073,11,45729.1
H01140,136.7,22.6,22,东南,2.458,1.099,0,116.323111,39.836063,4,56670.5
H01141,122.6,26.2,26,南,17.788,4.949,1,116.087016,39.845807,6,36262.8
H01142,70.8,14.6,23,南,10.378,1.836,0,116.449382,40.004404,18,35587.1
H01143,142.1,24.8,4,东,17.094,2.641,0,116.570119,39.731567,6,34870.2
H01144,49.8,0.4,11,南,14.345,1.616,1,116.254618,39.733387,19,38210.5
H01145,84.4,24.8,1,东,4.803,0.262,0,116.332703,40.072612,24,42676.8
H01146,106.6,5.4,23,南,10.58,1.927,1,116.157484,40.017679,4,42346.9
H01147,146.5,4.7,2,西,21.58,2.942,1,116.185637,39.813119,5,54353.4
H01148,61.9,17.6,22,西,12.629,2.948,1,116.404226,40.09668,16,31227.7
H01149,155.6,14.5,23,西,10.882,3.976,1,116.320467,39.973954,3,50362.5
H01150,53.8,12.4,24,东,8.954,0.54,0,116.055658,39.934344,8,38798.2
H01151,158.9,18.2,21,东南,22.676,1.41,0,116.145085,40.096696,3,54110.3
H01152,70.7,10.1,28,北,12.033,3.859,0,116.190898,40.029542,19,39028.1
H01153,46.6,24.0,21,南,1.183,4.49,0,116.184078,39.954798,2,24449.2
H01154,51.0,22.8,17,南,4.129,2.96,1,116.159399,39.880807,14,33345.6
H01155,65.5,22.3,22,南,7.137,1.892,0,116.573443,40.087357,17,23926.0
H01156,149.8,24.1,21,南,17.631,3.979,1,116.105898,39.889947,20,53331.6
H01157,117.5,10.6,1,北,2.804,2.32,1,116.486473,39.777098,23,42087.2
H01158,94.4,19.0,16,南,17.447,3.17,1,116.332383,39.97661,6,30969.1
H01159,63.1,20.2,15,东,24.33,1.715,0,116.529447,40.079415,6,24578.8
H01160,76.5,5.6,30,南,21.677,1.378,1,116.465884,40.065364,19,41475.5
H01161,106.5,3.4,22,东,23.939,0.63,1,116.291464,39.781866,22,45323.2
H01162,105.7,20.7,9,南,15.053,3.342,0,116.271363,39.927683,3,29597.2
H01163,99.1,8.5,15,南,20.104,1.198,1,116.100524,39.824684,24,46938.0
H01164,46.8,18.0,5,南,9.072,0.56,0,116.073667,39.890016,24,32778.9
H01165,124.2,12.0,9,南,2.697,2.659,1,116.265837,39.841207,14,54845.1
H01166,116.0,17.1,11,南,7.076,3.914,1,116.042369,40.041535,3,46283.9
H01167,104.9,27.6,15,南,12.133,0.65,0,116.291259,39.752118,15,35074.8
H01168,60.5,8.1,28,南,8.601,2.741,1,116.445321,39.854906,6,38912.0
H01169,115.2,21.2,16,东南,24.499,3.247,1,116.567223,39.9978,2,44639.0
H01170,80.2,21.1,10,南,24.306,1.079,0,116.013012,40.045978,8,35765.7
H01171,139.1,12.8,15,南,17.623,1.415,0,116.363097,40.090002,20,40450.1
H01172,58.6,29.8,15,东南,9.172,4.218,1,116.031723,39.958809,4,31696.8
H01173,80.9,17.5,7,南,17.521,3.328,0,116.492658,40.096698,17,31858.9
H01174,121.1,12.4,24,北,2.56,3.338,1,116.246227,39.717557,7,57853.5
H01175,159.2,5.6,19,南,24.388,2.838,1,116.536908,39.712872,15,68245.8
H01176,104.1,7.1,20,南,7.849,2.159,1,116.570711,39.789358,23,43147.7
H01177,127.8,24.0,17,南,19.469,1.261,0,116.037844,40.043234,1,33821.7
H01178,108.4,2.4,13,南,20.933,1.139,0,116.195964,39.763605,2,34779.7
H01179,51.8,7.0,29,南,6.828,4.197,0,116.38044,39.719347,6,31477.7
H01180,140.3,5.0,26,南,9.676,0.862,1,116.135397,39.796191,2,77304.1
H01181,88.5,29.7,28,南,19.949,1.499,1,116.128205,39.877336,12,30228.8
H01182,82.8,26.9,3,北,14.363,3.822,0,116.368146,39.85077,15,26988.5
H01183,71.2,14.8,16,北,15.241,1.791,0,116.176527,39.933463,12,32393.2
H01184,60.3,26.6,10,北,12.34,1.615,0,116.396993,39.740793,10,23346.1
H01185,104.5,14.0,9,西,20.892,3.479,0,116.559689,40.087042,21,37787.5
H01186,115.6,9.8,11,北,22.134,2.448,0,116.261749,40.08045,20,34863.0
H01187,69.3,13.5,9,北,22.534,0.721,0,116.445471,40.021306,21,29085.4
H01188,70.2,28.8,30,南,21.292,2.596,0,116.350649,39.791526,19,27187.8
H01189,109.8,15.2,5,东,13.531,2.853,1,116.096353,40.02617,10,42240.6
H01190,129.4,10.3,12,北,12.067,2.328,0,116.545263,39.761848,5,37108.3
H01191,110.5,2.5,26,东南,7.175,4.157,0,116.390209,39.780172,16,58333.1
H01192,115.3,28.2,13,南,24.307,4.735,1,116.466347,39.736532,3,23601.1
H01193,85.9,6.0,5,南,9.522,2.819,0,116.154513,40.014588,12,39049.2
H01194,128.3,19.5,11,南,16.573,4.096,0,116.164414,40.082772,16,52698.0
H01195,92.1,0.0,5,南,1.198,0.957,1,116.371389,39.762347,4,61927.2
H01196,127.6,12.4,26,北,6.358,4.918,0,116.581924,39.821625,1,36326.1
H01197,71.3,5.2,4,西,5.877,0.563,1,116.389357,39.982144,7,45527.9
H01198,91.6,24.4,30,东,18.897,4.427,0,116.394352,39.92307,11,27526.7
H01199,134.9,18.0,7,北,16.768,4.868,1,116.554152,40.048167,20,36272.5
H01200,83.3,16.3,4,南,4.555,1.152,1,116.533602,40.034904,9,35731.0
H01201,112.3,24.1,25,南,7.321,3.514,1,116.107469,39.75634,23,53344.1
H01202,56.5,24.2,16,南,21.709,4.295,0,116.553389,39.949768,12,20509.1
H01203,151.3,5.1,6,南,13.625,1.319,0,116.284026,39.784687,11,61267.1
H01204,81.9,8.1,4,南,20.305,0.492,0,116.17624,39.836111,14,29879.3
H01205,144.1,4.2,12,南,1.776,2.597,0,116.035319,39.958056,3,90201.5
H01206,57.6,22.6,8,北,6.045,1.38,1,116.409743,39.955139,9,27685.4
H01207,72.8,1.8,15,东,22.609,3.1,1,116.006572,39.728056,22,39625.5
H01208,151.1,13.5,17,北,6.858,2.036,0,116.218802,39.908366,14,58369.3
H01209,96.7,3.6,2,南,1.926,4.521,1,116.54241,40.034947,10,46259.7
H01210,136.6,10.6,24,南,6.716,4.452,0,116.275066,39.735637,23,60608.0
H01211,99.6,22.1,12,东,15.844,3.779,0,116.020756,40.028726,11,35774.1
H01212,61.1,13.5,3,东,17.344,0.492,1,116.340441,39.845496,20,33346.2
H01213,137.5,2.9,12,西,19.029,4.973,0,116.590923,39.825159,9,46233.1
H01214,131.2,4.9,6,南,5.145,2.455,1,116.000729,40.035987,12,56338.0
H01215,90.3,15.9,3,南,10.156,0.244,1,116.002078,39.951958,20,47769.7
H01216,100.7,0.1,4,北,9.627,0.806,0,116.420312,39.96142,15,38744.1
H01217,156.2,24.8,6,南,17.922,2.782,1,116.136697,39.893805,14,47850.4
H01218,86.3,29.3,12,西南,3.934,3.791,1,116.593201,39.797712,22,33470.5
H01219,56.8,16.1,12,北,5.456,2.306,0,116.472604,40.021373,16,28166.9
H01220,146.7,23.2,6,北,24.168,3.793,1,116.570938,39.808855,5,26960.8
H01221,157.1,6.4,14,东南,22.101,3.874,0,116.064893,39.85212,12,53436.8
H01222,148.9,2.3,26,南,20.914,3.385,0,116.535797,39.820331,17,46749.5
H01223,96.6,13.5,21,西,17.027,1.945,1,116.432803,39.758847,7,30144.3
H01224,67.1,20.6,6,南,2.232,3.298,1,116.513472,39.902708,11,29516.2
H01225,139.7,5.0,29,南,13.32,2.419,1,116.147663,39.910393,14,85380.3
H01226,49.4,10.4,23,南,20.392,2.054,0,116.429079,39.856968,17,26741.4
H01227,130.6,27.0,2,南,20.411,3.191,1,116.318912,39.887765,19,35666.5
H01228,78.7,1.1,24,东,10.107,3.71,0,116.035243,39.71522,8,44200.1
H01229,48.7,11.2,12,北,22.503,0.632,1,116.457625,40.008411,17,29542.9
H01230,91.6,29.0,9,南,1.757,4.928,1,116.246138,39.9603,21,31554.5
H01231,146.0,15.0,8,南,22.165,1.621,0,116.544413,39.871398,13,41223.4
H01232,87.7,3.3,2,南,7.914,0.366,1,116.543309,39.926805,15,41442.4
H01233,74.7,8.8,16,东,4.29,2.713,0,116.533376,40.047133,2,36831.5
H01234,58.9,22.4,13,东南,3.373,4.632,0,116.318036,39.971461,8,27075.5
H01235,91.6,17.2,13,东,20.779,2.824,1,116.579119,39.856994,7,30060.2
H01236,153.0,9.0,23,南,2.501,3.921,1,116.587694,39.786104,19,83080.7
H01237,62.0,14.6,19,南,14.286,2.177,1,116.430258,39.823798,11,26936.0
H01238,81.1,24.4,27,南,20.045,1.388,0,116.373344,39.800108,14,31463.3
H01239,113.9,3.4,2,南,20.472,2.396,1,116.521962,39.717792,7,46575.3
H01240,126.1,20.8,4,东南,23.636,3.539,0,116.279578,40.002388,14,27364.6
H01241,80.4,28.6,27,北,24.772,1.733,1,116.584551,39.827392,5,20920.0
H01242,154.0,11.2,13,北,5.904,2.415,0,116.447595,40.082713,24,71729.2
H01243,121.6,12.1,23,西,22.623,3.889,0,116.444053,40.071426,16,30026.9
H01244,116.7,9.0,25,北,4.318,1.213,1,116.007905,39.868698,8,63170.2
H01245,141.2,18.6,13,南,20.638,3.314,0,116.527859,39.747879,11,37878.7
H01246,89.6,5.3,18,北,23.358,0.976,0,116.597293,39.806709,17,29540.4
H01247,108.1,19.9,14,北,3.192,1.478,0,116.14201,40.087709,19,55670.7
H01248,77.5,3.9,30,北,11.057,0.196,0,116.495456,39.982843,4,39570.4
H01249,118.1,16.6,29,南,23.473,0.631,1,116.35665,39.972564,9,36491.0
H01250,100.3,16.9,6,东南,2.184,0.966,0,116.516778,39.879946,1,39400.2
H01251,104.2,2.2,27,东,6.369,3.876,1,116.245485,39.715422,1,60320.9
H01252,66.2,25.1,11,西,4.49,3.293,0,116.344502,39.873768,13,28239.7
H01253,96.1,12.1,30,西,16.506,1.146,1,116.56769,39.7399,18,40238.8
H01254,141.0,24.0,26,南,3.418,2.415,1,116.071974,39.723729,21,60272.6
H01255,46.8,9.2,14,南,4.593,1.698,0,116.582192,39.834881,15,31620.0
H01256,70.2,27.0,22,东南,20.251,1.569,0,116.379076,39.801322,3,24541.0
H01257,84.4,2.4,18,北,9.945,4.21,1,116.449148,39.819052,22,44058.9
H01258,100.4,15.4,20,西,2.075,4.23,1,116.014818,40.05288,5,53563.4
H01259,104.3,16.6,17,南,20.372,2.554,0,116.237983,39.803158,24,33097.8
H01260,136.6,13.1,12,东,20.054,3.312,0,116.365738,39.793517,2,40583.5
H01261,68.8,26.9,9,北,6.52,1.71,1,116.426058,40.029717,22,35538.5
H01262,66.8,9.0,23,东,11.969,3.897,1,116.552393,39.921321,13,29977.0
H01263,104.1,25.5,11,南,20.129,3.77,0,116.338591,39.732112,17,26555.2
H01264,128.8,18.7,22,西南,15.056,4.53,0,116.551078,40.04874,15,38348.3
H01265,94.0,15.2,1,西,12.906,3.015,0,116.262392,39.92647,3,28243.9
H01266,67.4,28.9,2,南,15.706,3.888,0,116.133951,39.72622,24,21014.5
H01267,46.7,27.3,26,南,3.843,3.587,0,116.52339,39.838252,15,25600.6
H01268,107.1,17.5,30,北,1.185,0.969,0,116.503315,39.933979,4,43575.3
H01269,151.8,10.4,18,北,13.618,4.604,1,116.08384,39.877319,4,52963.1
H01270,78.8,27.8,26,西,6.498,0.773,1,116.422827,39.843055,12,33815.3
H01271,106.9,6.6,22,南,3.278,0.576,0,116.523054,39.987003,17,50557.9
H01272,136.0,11.3,3,东,14.931,3.97,0,116.14462,39.862633,3,42205.0
H01273,134.7,17.1,30,东南,1.898,2.66,1,116.573724,39.85156,12,56888.5
H01274,77.6,5.1,15,北,2.731,3.976,0,116.438865,39.971708,14,38917.9
H01275,115.2,12.9,13,南,11.76,1.627,0,116.385731,39.718491,15,41661.4
H01276,114.1,4.8,6,东南,13.43,3.889,1,116.479153,39.855771,11,53309.7
H01277,124.3,26.4,3,南,23.578,3.834,0,116.121225,39.783555,14,38794.3
H01278,77.4,12.5,1,西南,18.359,2.101,1,116.147759,39.934531,6,39861.8
H01279,119.2,3.2,1,南,16.62,1.16,0,116.322988,39.739365,23,61819.7
H01280,119.4,13.9,29,南,16.789,2.77,1,116.237905,40.018143,7,49825.2
H01281,157.1,4.3,8,南,22.752,2.189,0,116.382375,39.719374,20,34956.3
H01282,83.8,1.7,29,南,19.136,2.463,1,116.160381,39.78402,5,41490.7
H01283,135.8,22.4,9,南,6.404,4.362,1,116.125654,39.729399,12,49011.2
H01284,94.8,5.8,17,东南,15.988,4.028,0,116.006673,39.874294,1,43380.9
H01285,69.3,6.2,27,西,2.982,3.298,1,116.386138,39.918917,11,37115.3
H01286,90.7,10.5,29,南,12.144,3.39,0,116.514844,40.069196,18,39692.2
H01287,90.3,3.8,14,北,19.754,0.57,0,116.472827,39.991849,16,41109.5
H01288,57.5,28.6,9,西南,6.219,3.528,0,116.163613,40.048746,19,31181.1
H01289,90.0,0.2,7,西,12.084,0.33,1,116.047897,39.922472,22,45034.0
H01290,56.6,15.6,22,西,8.02,2.652,1,116.021815,39.991198,12,35420.3
H01291,125.3,26.5,16,南,5.428,0.922,0,116.228097,39.888916,21,53063.4
H01292,55.1,0.5,9,东,18.848,0.781,0,116.177937,39.912536,15,32022.0
H01293,69.3,3.9,1,北,6.065,4.852,1,116.186077,40.038483,19,45148.9
H01294,149.2,11.7,25,东,4.413,2.01,0,116.284785,39.958732,18,67095.8
H01295,118.5,27.7,1,东南,18.625,4.671,0,116.507796,39.911338,12,25596.4
H01296,121.1,13.0,6,南,13.281,1.375,0,116.512974,39.772247,3,30787.9
H01297,45.9,24.9,8,南,22.348,0.895,0,116.306313,39.929222,14,26502.0
H01298,50.5,21.3,29,西,11.799,0.583,1,116.320646,40.027072,23,36370.5
H01299,150.7,11.6,26,北,20.407,2.327,1,116.297388,39.883469,15,59142.3
H01300,132.0,5.9,24,南,24.347,0.455,1,116.021972,40.098584,15,44300.3
H01301,159.6,4.4,26,东,6.072,4.924,1,116.493738,39.963805,14,58533.7
H01302,130.8,12.7,16,南,9.501,1.8,1,116.209488,39.861457,12,40625.4
H01303,50.5,19.4,21,西,14.009,1.769,1,116.579421,39.796582,22,26701.6
H01304,70.1,6.8,15,东南,13.776,0.859,1,116.28,40.097787,13,39766.2
H01305,105.4,23.6,17,南,16.47,2.518,1,116.472309,39.789963,9,31802.0
H01306,61.8,10.8,21,南,2.441,3.06,0,116.219581,39.976633,13,40846.6
H01307,105.5,21.2,18,西,13.743,0.79,0,116.493004,39.969149,19,32861.5
H01308,58.9,16.3,26,西,20.441,1.427,0,116.584794,39.72396,1,21915.6
H01309,146.9,21.3,15,南,12.695,3.495,1,116.527656,40.08743,8,51220.7
H01310,112.1,7.4,9,东,11.808,1.42,1,116.104099,40.045419,13,50971.2
H01311,74.0,11.9,22,东南,15.165,3.421,0,116.105894,40.073322,18,42836.5
H01312,126.6,2.4,21,南,6.993,1.286,0,116.320245,39.985425,13,57169.8
H01313,69.5,25.1,24,西,9.498,3.53,1,116.189419,39.800431,3,34900.8
H01314,110.4,6.0,6,西南,10.8,1.274,1,116.242338,39.843136,1,40216.8
H01315,86.9,20.9,24,南,6.291,2.376,0,116.485679,39.804116,7,31583.5
H01316,72.5,19.3,6,南,18.578,4.691,0,116.059469,39.988154,5,31295.6
H01317,152.5,13.0,3,南,4.944,0.705,1,116.578444,39.974492,4,88339.3
H01318,147.6,1.1,24,北,14.902,2.39,0,116.524663,39.895941,15,55866.2
H01319,104.7,29.2,7,西,8.633,1.263,1,116.528777,39.801429,7,30154.7
H01320,118.8,15.9,9,东南,4.863,3.951,1,116.429864,39.987619,11,45696.6
H01321,58.2,29.6,19,南,10.237,4.079,0,116.296235,39.803744,24,29509.1
H01322,141.4,16.1,15,南,16.366,1.962,1,116.235567,39.769388,6,47782.2
H01323,110.7,0.1,26,南,11.464,3.546,0,116.07791,39.927513,8,59064.9
H01324,90.9,2.9,11,南,20.912,4.69,0,116.448658,39.863771,6,30672.3
H01325,85.3,11.4,19,南,17.569,1.514,0,116.132423,40.010404,22,45888.2
H01326,81.6,22.0,29,南,24.641,2.398,0,116.089763,40.044315,8,32671.8
H01327,129.3,6.2,5,东南,15.546,3.796,1,116.559104,39.844072,14,41414.4
H01328,46.3,1.7,23,南,23.438,4.474,0,116.02114,39.934657,20,30274.4
H01329,52.2,25.9,3,西南,7.324,1.039,1,116.163624,39.879883,12,29850.9
H01330,95.0,1.6,3,西南,9.242,1.837,0,116.585097,39.831381,9,35810.3
H01331,57.4,19.1,27,东,23.584,3.411,1,116.177218,39.988733,8,27369.3
H01332,106.4,26.4,21,东南,2.715,4.18,1,116.544842,39.987698,10,41383.2
H01333,49.3,27.1,13,南,24.184,3.267,0,116.279315,39.97168,19,24254.1
H01334,62.7,5.9,24,南,19.104,3.535,1,116.188685,39.863417,5,31258.9
H01335,126.9,5.4,5,西南,13.56,3.054,0,116.43916,40.02624,7,43647.8
H01336,101.0,21.8,15,西南,18.867,1.379,0,116.281447,39.903301,10,29020.0
H01337,125.4,8.3,21,东南,19.32,4.264,1,116.535206,39.85877,12,62337.9
H01338,46.3,16.5,14,西南,19.004,3.388,1,116.572827,40.089302,19,27507.6
H01339,62.5,0.5,23,南,13.448,4.048,1,116.12853,39.742634,19,34649.6
H01340,116.5,11.5,19,东,3.59,1.981,0,116.469283,40.094225,20,50695.1
H01341,131.7,21.0,29,南,14.526,0.781,1,116.535289,39.859841,10,41257.6
H01342,152.3,9.8,6,北,23.326,2.988,0,116.191997,39.851013,15,41210.2
H01343,91.5,4.2,3,东,24.51,4.693,1,116.174716,39.74907,21,33238.2
H01344,130.8,12.9,3,南,10.733,1.056,0,116.125419,39.723628,2,43958.8
H01345,103.6,4.4,27,北,14.984,1.122,0,116.58718,40.020045,7,29848.0
H01346,123.1,17.1,10,南,20.52,1.068,1,116.425675,39.779841,21,30760.6
H01347,108.1,20.2,23,南,10.765,0.598,0,116.219453,39.908259,17,29621.2
H01348,81.8,10.1,3,北,14.581,1.322,1,116.59494,40.077702,21,34763.1
H01349,97.5,21.5,30,东,16.811,2.936,0,116.059542,39.822398,5,35314.9
H01350,47.6,4.8,20,东南,8.675,0.773,1,116.588538,39.711849,21,32272.2
H01351,83.4,17.0,28,东,7.488,1.582,1,116.526496,39.922025,17,38593.0
H01352,72.2,16.0,5,南,17.452,0.621,0,116.436719,39.728762,17,25510.0
H01353,63.1,5.2,6,南,8.61,4.511,1,116.0264,39.986127,20,46545.5
H01354,105.0,3.2,7,北,24.222,1.562,1,116.148188,40.052188,13,31099.6
H01355,117.3,7.8,11,西,4.113,0.666,1,116.304192,39.951993,7,59324.9
H01356,97.5,10.5,1,南,13.269,1.479,1,116.236336,39.720736,17,35587.7
H01357,91.0,16.6,10,东,20.671,4.606,1,116.268119,39.976693,5,27094.7
H01358,128.2,0.2,16,北,20.709,4.833,1,116.118993,39.755963,13,43432.4
H01359,116.8,3.3,25,西,17.9,1.344,0,116.546326,39.815293,21,35477.6
H01360,111.8,5.2,23,北,22.057,2.257,0,116.057692,39.803614,21,38857.9
H01361,94.1,27.0,21,东,5.579,4.758,0,116.472592,40.005075,24,35604.9
H01362,136.2,24.5,20,东南,20.37,1.396,0,116.012024,39.865353,3,34215.9
H01363,134.8,14.1,6,北,1.539,2.857,1,116.517271,40.029493,18,46588.1
H01364,126.9,21.9,14,北,11.151,0.966,1,116.407582,39.877045,10,35069.2
H01365,147.3,29.5,8,东南,2.422,0.864,0,116.450712,39.724744,6,51050.0
H01366,67.7,9.7,21,南,15.048,3.284,1,116.429252,39.881067,13,31146.4
H01367,56.4,0.4,13,南,21.751,4.943,0,116.361955,39.823448,24,29984.0
H01368,134.4,13.1,13,南,5.085,1.926,1,116.424994,40.083184,22,67828.3
H01369,70.9,19.0,1,西,7.876,1.33,0,116.463882,39.826596,4,27359.8
H01370,129.1,6.8,6,南,8.361,4.811,0,116.119347,39.88781,16,52983.4
H01371,131.9,18.8,10,南,13.178,1.277,1,116.261158,40.034968,4,44661.8
H01372,94.8,9.2,21,南,14.269,3.908,1,116.381594,39.796694,5,41472.3
H01373,114.2,4.0,22,南,21.489,3.866,1,116.442387,40.002997,17,48322.7
H01374,123.4,5.7,2,南,18.38,2.549,1,116.53229,39.813421,6,47018.4
H01375,156.6,2.6,5,南,4.495,3.433,1,116.03393,39.825096,5,57432.4
H01376,125.6,11.6,30,西,21.538,3.686,0,116.202141,39.706332,18,50341.3
H01377,124.8,29.0,9,北,14.576,2.16,1,116.557198,40.094012,11,46263.4
H01378,76.3,26.4,3,南,24.956,2.874,0,116.202319,40.082786,7,23008.0
H01379,105.7,18.6,5,南,19.857,0.581,1,116.563425,39.868033,9,33064.4
H01380,57.4,26.8,9,东南,2.339,3.981,1,116.328604,39.952104,18,32298.8
H01381,69.4,3.8,8,南,5.84,2.75,1,116.435671,39.873706,23,40465.2
H01382,77.8,10.3,3,北,3.86,1.816,0,116.167979,39.864324,1,39814.9
H01383,159.1,23.7,13,南,24.511,1.299,1,116.361964,40.072104,19,47560.6
H01384,95.3,29.6,8,南,19.6,1.925,1,116.045124,39.760283,16,28867.7
H01385,144.3,18.6,23,东南,8.429,3.613,1,116.43621,39.923551,16,54282.0
H01386,115.8,26.7,3,南,7.976,3.371,0,116.079188,39.991017,8,42649.9
H01387,123.4,11.9,13,南,18.641,1.715,1,116.447278,40.091987,11,39306.4
H01388,85.3,11.5,23,南,16.355,1.35,1,116.564947,39.949666,1,32166.4
H01389,136.0,22.2,25,东,24.682,1.703,0,116.373011,39.705373,23,43855.9
H01390,54.8,12.5,9,西,10.399,3.517,1,116.206664,39.818452,15,32695.6
H01391,96.3,17.3,24,东,4.002,4.997,0,116.374849,40.077134,21,59440.3
H01392,48.0,8.9,23,东南,1.059,0.911,0,116.031814,39.935603,10,44151.3
H01393,107.9,18.8,22,南,10.036,4.085,0,116.05411,40.03038,22,48079.3
H01394,125.9,23.3,11,南,14.6,3.515,0,116.362192,39.835998,5,41591.7
H01395,100.8,6.0,13,北,2.507,0.459,0,116.057765,39.825332,22,49459.2
H01396,148.0,8.2,1,北,11.848,4.839,1,116.247251,40.02699,11,57530.7
H01397,90.0,9.4,10,北,4.994,3.662,1,116.369092,40.003787,2,46088.7
H01398,86.4,13.6,19,东南,22.07,0.815,1,116.037926,39.825276,23,36415.1
H01399,148.5,18.9,1,南,1.818,2.349,1,116.119927,39.799725,8,55785.0
H01400,61.3,1.5,10,西,3.383,2.144,1,116.261935,39.749863,23,41608.3
H01401,112.1,22.5,6,北,10.311,0.209,0,116.450393,39.819087,14,40338.6
H01402,107.3,10.5,6,北,12.265,2.852,1,116.429143,39.973852,3,35887.0
H01403,85.7,20.2,10,南,20.244,1.542,0,116.027621,39.755422,22,28413.4
H01404,89.4,23.6,13,西南,21.92,2.296,1,116.482414,39.948005,8,25419.1
H01405,98.3,27.7,28,南,15.002,4.682,0,116.14016,40.062914,12,35571.0
H01406,59.2,7.1,22,南,16.877,4.074,1,116.392386,40.006102,20,32760.4
H01407,122.4,24.9,12,北,16.543,4.453,0,116.043727,39.745675,8,40158.0
H01408,148.4,12.0,13,南,13.362,1.426,0,116.165882,39.771734,24,60473.4
H01409,52.4,29.2,29,南,7.379,3.925,1,116.145934,40.081316,18,28856.3
H01410,47.4,17.1,27,北,24.727,2.151,0,116.100206,40.035697,6,27004.0
H01411,48.7,1.0,27,南,21.207,1.256,1,116.550596,40.099529,22,35486.4
H01412,98.6,20.3,21,北,16.174,2.217,0,116.350493,39.804195,2,25299.7
H01413,114.8,17.6,4,北,8.43,2.748,1,116.479779,39.871262,18,46321.5
H01414,149.4,11.7,23,南,16.773,1.876,1,116.380983,39.988226,3,52639.8
H01415,47.0,17.6,6,南,7.667,4.256,1,116.129691,39.778994,13,33783.7
H01416,84.8,17.2,12,南,3.122,2.119,1,116.21612,39.790108,7,32890.8
H01417,62.5,6.4,28,南,8.609,0.403,1,116.003328,39.797105,19,50241.8
H01418,125.8,23.6,14,南,6.826,0.65,1,116.338426,40.041614,14,48845.1
H01419,124.4,18.3,23,西,14.279,2.8,1,116.134272,39.934699,9,35469.3
H01420,131.6,29.7,28,东,5.079,1.926,1,116.489183,39.710992,6,33051.2
H01421,87.7,7.6,8,南,8.169,0.793,0,116.272953,40.031514,24,46193.3
H01422,97.4,7.0,16,东,18.391,3.36,0,116.128384,39.978623,7,39795.4
H01423,57.0,5.1,11,南,22.165,4.802,1,116.086651,40.001537,18,30192.1
H01424,45.7,14.9,29,西,16.076,4.504,1,116.045591,39.938445,4,29235.0
H01425,107.9,19.1,6,南,21.033,3.826,1,116.12374,39.833435,14,40699.7
H01426,129.0,2.5,4,东,23.287,0.163,1,116.356861,39.728081,6,44428.3
H01427,137.7,1.9,3,南,20.883,3.55,0,116.593957,39.712451,14,47224.8
H01428,94.0,0.9,24,南,22.235,1.119,0,116.200346,39.721869,10,35304.9
H01429,139.5,1.6,22,西南,4.105,1.053,1,116.246041,39.72503,10,63875.5
H01430,96.1,2.8,1,南,7.125,2.436,1,116.124731,39.849806,7,49643.3
H01431,92.7,25.4,22,东南,1.534,0.745,1,116.479764,40.035779,12,51882.7
H01432,58.8,28.5,7,北,12.86,3.575,0,116.357593,39.747233,12,19190.9
H01433,143.8,7.9,15,西,8.645,2.547,1,116.080743,39.937479,8,47811.2
H01434,65.2,23.2,29,南,6.451,1.226,1,116.191833,39.703408,18,33495.6
H01435,75.4,18.0,24,南,22.918,2.093,0,116.549631,40.065863,14,28259.3
H01436,64.4,0.7,24,南,22.665,0.681,0,116.02674,40.033197,4,35947.0
H01437,53.7,25.2,30,西,8.272,3.249,0,116.087232,39.928167,7,31678.9
H01438,103.0,28.5,26,东南,22.21,4.895,0,116.447316,39.913965,1,27969.2
H01439,94.1,25.3,7,南,19.63,1.795,1,116.317222,39.797281,1,33264.7
H01440,146.8,27.3,25,西南,12.541,4.757,1,116.208507,39.989677,14,63561.2
H01441,59.0,25.7,23,南,11.47,0.502,1,116.555791,39.946494,11,28491.8
H01442,118.8,14.1,21,北,7.619,4.991,0,116.356197,39.949149,19,37040.1
H01443,62.1,21.1,3,南,1.198,4.066,1,116.202665,39.931476,5,34246.5
H01444,142.5,11.3,25,东,16.744,3.467,1,116.413747,39.941142,18,70727.4
H01445,73.0,22.9,10,西,12.81,4.058,0,116.186907,40.015829,8,27987.5
H01446,107.3,23.7,4,东,24.529,3.25,1,116.502162,39.841407,19,34931.3
H01447,66.2,10.3,14,东南,6.712,4.04,0,116.495116,40.097751,14,29948.0
H01448,104.1,27.7,24,南,12.66,0.608,0,116.040814,39.862402,22,36750.4
H01449,150.1,18.0,5,北,20.159,0.509,1,116.10443,39.708166,4,53943.3
H01450,79.8,17.8,7,南,7.901,2.341,0,116.103002,39.794909,6,43021.2
H01451,97.4,4.7,11,西,15.08,4.863,1,116.451402,40.032168,5,36596.2
H01452,126.0,4.3,16,北,6.663,2.832,0,116.307853,39.998417,3,50707.9
H01453,67.1,24.3,24,东南,10.968,2.415,1,116.180176,40.076186,18,41217.9
H01454,84.2,15.4,16,南,24.635,3.503,0,116.18393,40.067637,13,33403.2
H01455,148.0,8.5,5,南,6.157,2.811,1,116.534442,39.912885,2,72833.7
H01456,67.9,8.2,11,南,10.052,0.922,1,116.503803,39.852335,23,36659.2
H01457,151.9,16.0,8,南,4.298,1.012,0,116.469187,39.793468,15,67133.8
H01458,56.5,19.0,22,东,24.325,3.19,0,116.4835,39.736359,6,18752.3
H01459,139.1,8.2,10,北,20.282,1.309,0,116.559982,39.814635,23,32882.9
H01460,54.2,0.6,4,南,22.386,1.07,0,116.433373,39.989224,8,28118.1
H01461,55.0,29.7,21,西,10.04,3.959,1,116.201941,40.039892,18,26429.4
H01462,51.2,8.2,13,南,4.161,1.336,1,116.167108,39.896946,1,39780.1
H01463,106.2,17.8,24,北,12.657,0.44,1,116.596445,39.747846,7,40236.8
H01464,92.7,11.6,24,北,9.937,4.507,0,116.041223,40.059094,4,38844.4
H01465,134.2,14.7,17,南,1.684,0.56,0,116.188992,39.783084,2,65375.0
H01466,149.7,1.1,28,东,15.68,1.606,1,116.59165,39.912283,15,64134.7
H01467,129.0,1.8,13,南,15.046,3.915,1,116.449534,39.931072,23,41533.8
H01468,53.8,12.5,14,南,24.799,3.333,0,116.0532,39.767441,19,25428.5
H01469,154.8,20.6,7,南,14.717,4.964,0,116.191816,39.843363,11,38195.4
H01470,90.7,3.7,4,南,16.506,3.257,0,116.089828,39.830696,14,37321.7
H01471,127.5,16.5,28,东,1.311,4.204,1,116.268838,40.07762,8,62814.0
H01472,54.4,24.6,2,东,24.661,3.945,0,116.505181,40.079254,7,18700.9
H01473,146.0,23.9,11,东,16.602,3.685,0,116.045839,39.860993,20,49719.9
H01474,49.4,8.9,28,南,5.461,2.101,0,116.281204,39.82782,19,34164.4
H01475,53.3,15.0,24,南,19.698,3.778,0,116.497111,39.961231,4,24388.5
H01476,50.3,7.2,19,南,5.961,3.229,1,116.141883,40.046537,24,40407.7
H01477,116.6,6.6,11,东,8.255,4.695,1,116.11838,40.093502,16,49951.6
H01478,76.6,4.9,4,东,19.839,1.93,0,116.536494,39.856898,10,25346.3
H01479,144.7,26.1,6,东南,16.1,1.532,1,116.396724,39.964919,16,62618.1
H01480,51.2,22.4,16,东,23.516,2.03,1,116.028445,39.708593,20,29354.7
H01481,93.7,4.8,17,北,19.737,3.753,0,116.199075,39.90751,1,34760.6
H01482,64.4,0.3,5,南,3.339,2.983,0,116.167615,39.971657,4,35609.1
H01483,147.9,22.8,29,南,16.956,3.041,1,116.149038,39.968222,1,52677.1
H01484,73.6,0.6,9,北,4.983,4.662,1,116.445639,39.887535,22,41086.2
H01485,66.1,21.6,4,南,18.948,0.716,1,116.562061,39.844318,11,20770.9
H01486,104.2,0.7,27,南,8.764,2.236,0,116.424941,39.768421,8,51616.9
H01487,124.7,1.0,22,南,23.495,4.701,1,116.255474,39.782272,6,40578.2
H01488,45.5,22.6,18,南,12.793,1.78,0,116.38984,39.895482,6,22271.8
H01489,95.9,9.5,9,南,3.557,1.872,1,116.245789,39.999206,17,49477.4
H01490,152.3,10.3,11,南,16.465,4.783,0,116.273664,39.905419,6,40708.9
H01491,148.8,26.7,6,南,13.146,1.057,0,116.511112,39.893873,18,37682.1
H01492,94.7,19.8,4,西南,20.524,4.264,0,116.178337,39.96552,23,32428.1
H01493,85.9,18.0,26,东,5.873,0.967,0,116.130981,40.020964,3,42930.6
H01494,52.2,27.0,13,东,5.91,3.423,1,116.498109,39.734898,16,26535.3
H01495,52.7,13.6,19,南,10.586,3.69,0,116.144212,40.012818,7,29158.0
H01496,92.4,19.9,20,东南,17.198,1.268,1,116.111832,39.879488,20,44332.6
H01497,88.0,17.7,5,北,23.39,2.547,1,116.323583,40.041757,18,33332.9
H01498,59.3,25.8,9,北,22.666,3.603,0,116.318739,39.811881,6,19505.0
H01499,144.5,18.9,17,北,16.13,2.764,1,116.590084,39.788686,14,50223.3
H01500,78.2,27.8,20,北,20.767,4.456,1,116.312732,39.968957,14,23943.9
H01501,115.6,14.1,21,东南,18.219,1.77,1,116.483367,39.746847,6,32866.2
H01502,91.9,12.8,22,东,4.882,0.211,0,116.089324,39.946944,21,44019.2
H01503,150.1,14.2,4,东,11.92,1.62,1,116.028032,39.773381,11,50265.7
H01504,103.3,22.2,16,东南,21.976,2.902,1,116.320753,39.764474,16,36335.2
H01505,118.3,24.4,28,南,16.563,1.274,0,116.296125,39.959529,16,48563.9
H01506,65.8,26.2,12,东南,8.98,4.446,1,116.2647,40.019033,13,32392.0
H01507,106.0,11.1,9,东,23.549,1.818,1,116.288698,39.89765,14,37606.6
H01508,62.1,27.3,23,南,18.121,3.974,1,116.029282,39.834799,6,28273.3
H01509,71.0,8.8,2,东南,18.592,0.575,0,116.217185,39.819467,18,30892.1
H01510,97.9,26.2,5,南,12.722,4.298,0,116.19073,39.808333,4,31188.0
H01511,46.4,2.7,2,南,9.71,2.267,1,116.101299,39.896715,10,39471.4
H01512,142.5,7.7,17,西南,3.572,3.367,0,116.199496,40.036747,13,66740.3
H01513,148.5,21.3,1,北,12.439,4.187,1,116.519007,39.819207,14,34157.3
H01514,156.3,18.5,11,东南,18.939,0.227,1,116.404456,39.953733,2,34965.1
H01515,81.6,11.8,30,南,24.099,4.747,0,116.510806,39.971294,6,26937.5
H01516,109.5,12.1,24,南,11.522,3.901,1,116.063601,39.953357,8,54306.9
H01517,122.4,10.0,11,西,18.856,4.62,1,116.414104,39.841782,11,43560.6
H01518,83.0,17.3,8,南,14.032,0.694,0,116.248071,39.954173,18,44338.3
H01519,144.2,14.1,12,东南,10.493,3.171,1,116.451528,40.093216,9,62736.3
H01520,51.2,1.0,18,南,24.226,1.444,0,116.546483,40.029951,16,26778.7
H01521,111.5,8.3,19,西,8.717,3.086,1,116.110328,40.093298,6,57135.7
H01522,113.6,13.1,23,西,23.189,2.073,1,116.283372,39.755189,5,35160.2
H01523,132.4,13.4,15,东,4.199,3.86,1,116.070805,39.844772,7,77794.2
H01524,81.6,3.4,26,南,5.879,3.544,1,116.226015,40.079275,22,45297.8
H01525,123.7,12.4,23,北,23.498,1.376,1,116.449452,39.929846,2,29843.0
H01526,140.6,27.2,17,南,14.207,0.65,1,116.146891,39.979307,22,47201.9
H01527,119.8,11.3,8,西南,14.752,3.307,1,116.423207,39.970794,1,35403.0
H01528,150.9,28.8,9,南,4.012,2.97,0,116.230017,39.90152,8,54805.8
H01529,104.9,18.3,11,西,17.099,1.392,1,116.050611,39.934393,13,41290.4
H01530,136.6,25.2,26,东南,3.376,0.414,1,116.448081,39.867817,8,39411.2
H01531,89.7,15.6,28,南,4.674,1.065,0,116.478787,39.863922,18,40983.9
H01532,137.1,2.9,24,西,9.511,0.644,1,116.445214,39.74807,16,56957.4
H01533,136.0,12.1,13,西,3.493,1.473,1,116.242877,39.912064,18,49907.1
H01534,91.4,12.6,19,南,16.86,3.433,1,116.05423,40.006936,13,36473.2
H01535,149.0,8.0,29,南,15.605,3.363,0,116.167289,40.084045,9,52619.3
H01536,98.8,15.2,25,东,19.967,4.347,1,116.027346,39.994885,3,33009.2
H01537,48.2,8.7,1,东南,10.97,3.849,0,116.094625,39.867258,16,39436.0
H01538,100.4,21.3,30,西,3.993,2.675,1,116.423695,39.737303,5,45933.0
H01539,67.9,22.0,7,南,19.069,4.865,1,116.260013,39.806717,3,29192.4
H01540,127.1,0.3,14,南,12.953,2.132,0,116.338969,39.950898,8,79035.7
H01541,90.4,28.9,24,西,21.878,0.974,0,116.185354,39.932051,10,30931.8
H01542,129.3,18.5,24,东南,17.551,0.874,0,116.587868,39.843274,15,39027.2
H01543,90.7,2.8,9,南,14.961,4.827,1,116.04701,39.740861,10,45131.0
H01544,46.4,4.3,30,北,9.626,3.977,0,116.407205,40.028355,8,31564.1
H01545,157.9,9.7,27,南,16.47,2.83,1,116.577189,39.823869,3,43290.7
H01546,56.9,0.9,18,南,10.017,3.732,1,116.271386,40.024379,10,39307.8
H01547,105.1,9.0,23,东,10.224,0.7,0,116.523172,39.812197,18,53607.5
H01548,93.8,6.8,20,南,5.966,4.567,0,116.074317,39.796767,14,38185.2
H01549,106.7,25.1,26,北,10.27,4.178,0,116.467601,40.004372,5,26322.9
H01550,103.4,16.7,14,西南,13.333,3.879,0,116.505288,39.750425,13,30249.8
H01551,85.5,27.6,19,西,16.307,2.789,1,116.587466,40.033222,24,26398.7
H01552,101.3,19.8,13,东南,11.333,3.754,0,116.463159,39.864021,2,37961.3
H01553,119.3,11.1,5,南,8.592,4.35,1,116.35556,39.739614,19,42914.8
H01554,60.3,29.0,1,南,16.391,3.743,0,116.206949,39.955766,18,24769.9
H01555,46.5,1.1,7,东,3.799,3.468,0,116.224883,39.874571,3,38829.5
H01556,93.3,2.7,17,南,19.76,2.645,0,116.492091,39.993119,16,42597.8
H01557,88.9,17.5,22,南,9.322,1.322,1,116.068169,39.941025,14,43966.5
H01558,51.5,6.2,15,南,2.482,4.506,1,116.093967,39.952059,11,42932.8
H01559,130.4,21.7,4,南,15.083,2.583,1,116.437702,40.026938,5,32047.3
H01560,87.4,23.0,26,北,8.702,3.115,1,116.540915,39.796418,21,34978.6
H01561,88.9,15.2,2,西南,1.893,4.542,1,116.429195,39.843311,9,37740.3
H01562,49.6,13.1,4,东南,16.224,0.108,0,116.065934,39.817459,18,26309.3
H01563,107.9,19.5,20,南,13.415,0.762,0,116.455568,40.084965,14,33256.3
H01564,78.1,1.7,10,南,17.163,0.346,1,116.343047,39.71228,10,34219.9
H01565,112.6,19.9,10,南,3.799,2.999,1,116.10472,40.086589,2,40097.6
H01566,135.6,10.3,27,北,10.569,2.779,1,116.012683,40.013304,6,56089.2
H01567,93.2,13.1,21,东,16.793,3.581,1,116.219689,40.010175,23,45120.6
H01568,58.5,15.0,20,东南,13.935,0.506,1,116.127793,39.747089,21,35594.9
H01569,99.7,22.4,9,西南,18.794,0.972,1,116.156867,39.809472,19,40775.1
H01570,122.5,17.0,4,东南,21.659,3.802,0,116.080474,39.931967,24,52712.7
H01571,53.0,22.9,30,东,1.623,0.679,1,116.547411,39.799454,2,35087.4
H01572,145.6,20.7,12,西,18.835,4.731,0,116.568599,39.753757,4,29095.5
H01573,139.2,12.9,24,东南,1.304,0.126,1,116.275236,40.038958,13,76434.2
H01574,110.2,18.9,26,南,5.137,0.725,1,116.453967,39.881215,21,56068.3
H01575,94.8,25.2,26,西,2.506,2.097,0,116.410663,39.762856,15,32845.4
H01576,68.4,11.4,6,东南,16.413,3.41,1,116.557542,39.951671,4,37314.6
H01577,112.0,27.3,5,南,13.443,4.786,1,116.556699,39.721903,24,32585.4
H01578,70.7,23.4,12,南,1.974,3.262,1,116.571199,40.063676,11,32434.4
H01579,56.0,27.5,13,北,20.73,1.213,0,116.118672,39.845104,9,26192.5
H01580,86.4,3.1,10,南,13.825,2.771,0,116.550376,40.066029,1,37163.6
H01581,54.4,10.6,15,南,9.941,3.51,0,116.138819,39.90617,13,37814.9
H01582,67.1,22.7,7,南,7.994,2.271,0,116.186373,39.913912,7,27304.6
H01583,65.8,19.5,5,南,15.659,0.308,0,116.105968,39.972886,4,30584.0
H01584,83.6,1.8,11,南,13.927,4.763,0,116.30858,39.867752,3,35339.2
H01585,89.2,17.2,13,北,14.62,3.359,1,116.514106,40.015097,19,31870.7
H01586,61.1,10.5,16,北,9.792,3.487,1,116.407508,39.723323,21,28354.6
H01587,76.5,29.7,24,西,4.657,0.232,0,116.012549,39.982612,10,30591.8
H01588,47.6,4.2,27,南,18.001,4.93,1,116.117243,39.929255,13,28915.9
H01589,146.6,0.9,25,东,20.721,3.873,0,116.219745,39.981653,19,43984.2
H01590,148.0,17.8,5,南,11.867,1.568,1,116.094007,39.974827,8,65160.7
H01591,153.0,23.1,20,北,10.971,0.443,1,116.196773,39.928563,9,46598.1
H01592,81.2,26.5,27,南,20.751,0.98,0,116.357863,40.052314,10,24057.6
H01593,48.7,15.6,21,东,22.132,4.909,1,116.501294,39.79015,20,22325.4
H01594,78.9,3.1,29,南,23.635,3.467,0,116.318326,39.952394,22,36604.3
H01595,118.6,22.3,21,北,22.633,4.301,0,116.080972,40.052439,23,35980.2
H01596,89.1,29.8,15,东南,15.954,3.023,1,116.452921,39.806636,1,28363.9
H01597,109.8,16.5,8,北,3.851,0.482,0,116.269605,39.757814,3,42625.5
H01598,61.8,23.1,8,南,2.006,4.972,1,116.373595,39.86559,5,33028.0
H01599,75.2,8.8,30,东,8.28,1.524,1,116.18736,39.77648,9,42985.6
H01600,95.1,12.9,30,西,14.906,4.895,1,116.032751,39.940996,10,52545.8
H01601,112.7,23.6,11,南,5.268,2.109,1,116.347444,39.92891,1,47066.6
H01602,101.2,0.4,10,南,13.586,1.598,0,116.178934,39.817416,17,39917.0
H01603,130.6,9.2,8,西,22.831,1.886,1,116.034277,39.978408,6,44295.9
H01604,72.1,4.3,10,东南,18.19,0.627,1,116.52261,40.043489,1,35052.1
H01605,100.2,6.6,2,东,11.562,2.714,1,116.260075,40.02552,19,48949.8
H01606,103.0,25.3,19,东,7.77,3.784,0,116.496739,39.961905,6,27990.1
H01607,79.4,25.2,30,南,10.353,3.488,1,116.032114,39.850948,3,33631.1
H01608,64.4,0.3,12,东,14.857,1.281,0,116.490366,39.834588,22,27712.2
H01609,148.7,27.1,24,南,4.404,2.97,1,116.144374,40.006471,9,67329.8
H01610,50.9,29.7,28,东,4.745,1.418,0,116.518021,39.856561,12,29175.2
H01611,130.1,20.9,19,东,6.31,4.738,1,116.107525,39.747029,11,40351.5
H01612,68.5,6.3,4,南,23.579,2.367,1,116.380298,39.761632,8,28911.6
H01613,157.1,27.1,11,南,11.872,1.138,1,116.095337,39.886905,5,61953.9
H01614,52.3,17.1,16,东,6.86,0.127,0,116.133798,39.85146,19,31936.9
H01615,125.0,10.1,2,南,20.457,2.515,1,116.455809,39.803045,7,55663.5
H01616,90.9,10.5,28,北,13.544,0.829,0,116.480915,39.723194,22,27797.9
H01617,117.3,15.0,20,南,15.991,1.911,0,116.155538,39.840967,5,45518.5
H01618,89.6,18.3,22,南,22.74,3.057,0,116.109794,40.038924,11,32112.1
H01619,70.4,4.6,14,南,21.591,3.995,1,116.017324,40.094898,20,43736.3
H01620,54.5,22.7,16,南,14.263,4.1,0,116.340006,39.884943,10,20743.9
H01621,91.5,6.4,21,东,8.897,3.31,1,116.250093,40.08725,15,45410.3
H01622,121.9,21.3,29,东南,18.627,4.682,0,116.012185,39.93802,20,34252.1
H01623,59.0,25.1,9,北,3.471,1.854,0,116.57198,40.044292,21,26487.1
H01624,118.6,4.0,19,西南,12.96,1.452,1,116.298431,39.872753,21,56708.2
H01625,78.1,24.7,1,南,13.916,2.103,1,116.196914,39.767713,2,27652.4
H01626,103.7,19.3,19,南,4.529,2.773,0,116.430204,39.921608,11,33348.4
H01627,121.0,15.4,25,北,22.79,1.155,0,116.264407,39.884429,4,42549.1
H01628,72.6,15.6,9,西,5.281,1.064,0,116.058771,39.937265,12,37325.1
H01629,46.0,28.8,2,北,15.503,0.58,0,116.43583,39.7676,1,20121.6
H01630,60.2,5.6,26,东南,9.33,2.865,1,116.313336,39.752492,9,31770.7
H01631,118.2,28.9,7,南,11.772,2.532,0,116.17975,39.880192,11,42572.3
H01632,101.8,10.5,6,南,1.879,4.51,1,116.569008,40.097786,20,51208.4
H01633,98.9,14.6,12,南,4.323,0.269,0,116.188891,39.729783,11,45389.4
H01634,149.7,16.3,5,北,17.048,4.04,0,116.017016,39.983372,20,54705.0
H01635,103.2,6.4,19,西,5.713,4.425,0,116.583973,40.089237,11,46607.8
H01636,143.0,20.8,3,西,7.08,4.155,0,116.000307,40.02604,3,68921.5
H01637,143.7,6.2,10,南,2.025,0.179,0,116.280844,39.721694,2,55174.1
H01638,126.1,10.7,7,西南,1.983,2.606,0,116.257865,39.862289,2,49515.8
H01639,81.5,14.0,16,东,24.196,3.748,0,116.054487,39.825162,13,34008.6
H01640,53.2,28.2,15,西,11.75,1.668,1,116.101892,39.903106,9,23624.3
H01641,143.9,0.3,24,东南,22.001,4.916,1,116.074195,39.978729,13,50716.8
H01642,131.1,22.8,23,南,12.623,2.486,1,116.311702,39.939051,14,52322.0
H01643,103.4,14.5,11,南,3.811,1.231,0,116.29444,39.929755,19,55473.0
H01644,93.3,11.1,2,北,19.869,3.757,0,116.375086,39.733492,16,25404.3
H01645,74.1,15.6,21,北,12.709,2.915,1,116.597271,39.940201,23,27914.3
H01646,144.3,11.1,2,南,3.221,0.523,0,116.259577,40.023553,3,74805.4
H01647,120.6,2.9,14,西,13.882,3.705,0,116.491636,39.823629,11,38174.1
H01648,158.1,28.0,2,西南,10.02,3.693,1,116.124819,39.961027,2,57430.8
H01649,123.6,7.0,23,南,24.574,2.506,0,116.443662,40.094019,8,35787.9
H01650,157.0,29.6,18,北,11.706,1.25,1,116.142489,39.934346,18,46248.6
H01651,91.5,10.2,23,西南,4.816,3.885,0,116.357589,39.726965,19,48921.2
H01652,77.4,18.8,6,西,6.423,0.793,0,116.127367,40.076798,21,38547.1
H01653,77.3,0.1,29,南,16.804,1.393,1,116.176272,40.004369,3,38329.1
H01654,55.1,6.6,23,西南,23.614,1.418,0,116.57723,39.951615,22,24853.9
H01655,155.7,14.9,11,北,16.297,1.434,0,116.268839,40.049221,7,62404.4
H01656,56.1,17.8,29,北,1.908,0.808,1,116.15211,39.812583,10,30090.6
H01657,105.7,20.8,19,南,15.003,2.082,1,116.107598,39.897287,8,40640.5
H01658,69.8,21.2,20,南,11.444,4.873,0,116.386243,39.865123,9,29367.4
H01659,62.9,25.5,25,北,10.147,2.313,0,116.483405,39.819339,14,22754.5
H01660,102.2,25.6,3,南,1.665,0.363,1,116.262601,40.001757,19,46458.2
H01661,120.3,10.8,16,北,24.711,4.197,0,116.402644,39.817455,22,34127.8
H01662,114.1,15.7,24,南,8.017,0.862,0,116.109998,39.845919,16,46448.0
H01663,107.5,13.4,29,东,24.647,2.331,1,116.306756,39.89855,9,31699.2
H01664,94.9,29.4,13,南,1.969,3.234,1,116.203063,39.830303,22,40425.0
H01665,142.6,8.1,19,东,4.103,4.32,0,116.566187,39.797144,10,49958.7
H01666,134.9,21.0,30,东,19.717,0.437,1,116.528044,39.832044,4,53967.2
H01667,47.7,17.3,17,南,1.848,0.334,0,116.594961,39.708051,21,29328.0
H01668,137.4,5.9,11,北,12.633,2.131,1,116.059758,39.804262,2,48808.5
H01669,81.4,28.6,23,北,21.478,0.932,0,116.562097,40.09738,14,25844.2
H01670,73.6,25.9,21,南,2.806,2.249,1,116.225075,39.874856,21,31594.6
H01671,133.2,3.4,6,南,24.437,4.495,0,116.304831,39.929206,13,44350.8
H01672,45.3,16.3,7,北,14.69,3.108,0,116.299459,39.778472,16,25573.2
H01673,80.6,10.2,28,东,1.015,2.099,0,116.277992,39.996293,14,55283.2
H01674,152.9,11.7,7,东,3.782,0.828,1,116.338265,40.000701,22,50763.4
H01675,71.7,8.7,17,北,23.067,0.463,0,116.437794,40.021098,3,31978.1
H01676,138.6,16.2,8,北,16.491,1.384,1,116.568112,39.709311,20,39378.8
H01677,73.4,13.6,19,东南,8.816,1.299,1,116.17808,39.718063,13,36096.0
H01678,103.0,6.5,21,南,21.621,4.089,0,116.570398,39.901561,6,28349.2
H01679,68.5,22.3,8,北,19.013,2.849,0,116.364787,39.786308,20,26561.0
H01680,133.7,8.4,2,南,16.752,1.431,0,116.396071,39.923415,9,38067.3
H01681,140.0,23.9,5,南,6.745,1.604,0,116.530579,39.990301,21,42475.0
H01682,154.2,21.4,24,北,13.687,1.327,1,116.452327,39.950184,9,37789.2
H01683,91.6,9.9,20,东南,18.222,2.508,0,116.393005,39.972191,6,32552.4
H01684,56.9,27.6,7,西,10.796,3.018,0,116.314257,40.003436,3,21987.7
H01685,147.8,26.9,24,西南,13.398,4.009,0,116.021268,40.083885,4,34684.0
H01686,98.2,18.0,20,北,5.261,1.317,0,116.176293,39.769133,24,39026.2
H01687,128.0,0.7,11,南,16.475,0.12,1,116.553293,39.894835,20,53875.0
H01688,80.9,7.3,5,北,14.406,4.989,0,116.233704,40.029365,9,44081.6
H01689,131.3,20.1,10,南,23.657,1.921,0,116.557425,40.024461,6,32237.3
H01690,128.6,16.7,27,南,10.862,4.583,0,116.318229,39.736294,6,42624.0
H01691,106.9,13.1,16,西南,12.22,0.482,0,116.081684,39.761608,5,41877.4
H01692,97.0,16.7,28,东,1.531,2.34,1,116.104653,39.707974,24,55420.2
H01693,114.5,6.0,3,南,10.428,1.07,1,116.098116,39.909994,13,43085.0
H01694,82.6,28.5,15,南,13.241,2.965,0,116.07656,39.724006,21,27827.7
H01695,85.7,4.5,15,南,16.669,3.544,0,116.542205,40.057027,18,35768.8
H01696,76.4,0.4,4,东,6.016,1.222,1,116.330282,40.090488,11,55477.4
H01697,104.4,15.5,22,南,19.328,4.277,0,116.234275,39.739708,8,37818.8
H01698,147.4,29.6,10,东,24.327,3.485,1,116.53474,39.837366,6,28806.8
H01699,53.2,9.6,30,南,2.463,4.216,1,116.329886,39.738449,20,35292.3
H01700,132.8,29.4,3,南,16.326,1.712,0,116.118106,39.834003,2,41847.5
H01701,156.2,14.7,13,西,11.815,1.543,0,116.42189,39.845612,5,64117.9
H01702,128.6,13.4,8,北,16.207,3.267,0,116.488548,39.829774,4,36641.6
H01703,121.2,4.7,22,南,11.904,1.225,0,116.433396,39.802462,2,47829.2
H01704,59.3,2.9,9,南,17.873,2.425,1,116.305659,40.040547,5,32917.2
H01705,121.9,17.5,23,南,10.63,4.329,1,116.548301,39.835461,19,38860.1
H01706,45.7,15.2,18,东南,11.749,3.039,0,116.120555,39.936362,1,31750.2
H01707,104.0,24.8,2,东,15.826,4.273,1,116.113671,39.945177,11,33111.5
H01708,67.9,6.3,15,南,5.105,3.634,0,116.069082,39.914303,1,40946.5
H01709,96.7,5.6,30,东南,2.515,3.797,0,116.080632,39.925266,8,53051.1
H01710,143.0,8.9,11,东,2.036,3.776,0,116.373499,39.759783,3,83198.7
H01711,132.2,11.4,9,南,12.701,1.316,0,116.016548,39.923479,11,55201.7
H01712,128.1,4.6,6,西南,23.64,3.143,1,116.581315,39.744706,18,41292.3
H01713,135.2,23.6,3,西,17.157,0.446,1,116.30773,39.985279,2,31270.5
H01714,141.9,27.8,22,西南,11.64,2.528,1,116.59641,39.70542,4,42799.5
H01715,110.5,22.9,19,北,18.529,3.629,1,116.528556,40.072785,19,28549.2
H01716,96.1,16.5,1,西,11.441,4.177,1,116.404764,39.942954,9,35636.4
H01717,78.6,13.5,7,南,7.268,4.423,1,116.393683,40.030013,6,31113.3
H01718,88.1,6.1,8,北,12.593,3.336,1,116.094518,40.016843,1,38564.0
H01719,89.7,18.9,29,南,3.136,2.389,0,116.227564,40.013016,12,37923.3
H01720,45.1,9.0,17,东南,23.571,1.504,1,116.482877,39.851934,9,30089.9
H01721,97.3,17.6,16,南,12.383,2.393,1,116.498926,39.778235,4,30441.4
H01722,102.8,1.8,1,东,11.813,3.694,1,116.18656,39.821385,13,60547.3
H01723,155.1,14.5,22,西,8.588,1.885,1,116.330358,39.889761,10,48221.0
H01724,103.7,7.5,17,南,10.924,3.678,0,116.339133,39.862569,19,41302.6
H01725,157.0,29.1,7,南,4.988,3.478,0,116.366569,39.75257,21,53665.4
H01726,138.9,16.7,16,西,9.162,0.288,1,116.422229,39.811105,22,65546.5
H01727,111.6,0.1,19,东南,15.32,4.153,1,116.578378,39.844416,23,37465.3
H01728,100.3,3.0,1,南,2.88,1.106,1,116.157461,39.703366,6,51015.1
H01729,148.9,1.1,29,南,3.945,0.373,1,116.569466,39.847763,8,61526.4
H01730,50.7,19.3,4,东,23.989,0.555,1,116.146911,39.92535,7,22314.2
H01731,78.7,24.9,16,南,20.662,3.249,0,116.532637,39.77315,11,20757.1
H01732,97.5,8.9,3,西,15.991,1.551,0,116.36333,39.779552,2,31670.0
H01733,82.1,5.9,18,南,3.456,0.796,1,116.232213,39.714924,23,50838.0
H01734,112.3,29.9,9,北,22.696,0.945,1,116.158105,39.957324,1,34600.6
H01735,84.0,28.9,24,东,8.258,1.558,1,116.074477,39.700143,15,30770.4
H01736,109.9,9.8,1,东,21.34,0.34,1,116.313175,39.993168,18,44391.5
H01737,70.5,15.4,12,南,7.699,0.637,1,116.409048,39.779223,10,33637.3
H01738,64.6,18.5,7,东,3.401,4.971,0,116.417932,40.050524,1,29540.3
H01739,82.4,20.6,29,北,19.679,1.252,0,116.055222,39.737171,19,34348.9
H01740,75.9,19.8,4,东,15.572,4.325,0,116.123232,39.918493,24,33428.2
H01741,91.3,9.8,25,南,2.119,2.197,1,116.212178,40.063328,21,64247.0
H01742,152.2,3.2,3,南,21.441,3.399,0,116.541206,39.722269,13,46061.8
H01743,115.6,26.7,24,东,17.74,4.477,0,116.530157,39.991502,9,26837.3
H01744,79.1,9.3,15,南,8.008,4.479,1,116.428987,39.841687,6,35286.3
H01745,96.1,17.9,17,东,20.531,3.722,1,116.252401,40.005397,12,33994.8
H01746,71.3,29.7,9,东,19.581,1.623,0,116.048649,39.712553,11,23439.7
H01747,123.5,1.4,28,北,13.246,2.914,1,116.593979,40.0134,20,53749.8
H01748,104.0,12.7,11,南,2.286,2.143,1,116.506056,40.066207,12,46920.5
H01749,117.1,29.2,20,西南,18.521,0.442,0,116.240609,39.881739,1,39117.9
H01750,56.8,6.6,22,南,19.37,1.177,1,116.057333,39.88378,23,38367.9
H01751,67.8,8.3,20,南,8.842,4.048,0,116.215585,40.040522,6,38510.2
H01752,147.3,26.5,29,北,17.333,1.651,1,116.225905,39.784874,3,52990.4
H01753,78.2,15.1,3,东南,24.819,3.349,0,116.562909,39.974118,22,21501.5
H01754,61.5,28.5,2,南,22.136,0.694,1,116.045654,39.975968,7,27666.3
H01755,121.2,26.0,9,东南,15.806,2.148,0,116.032123,39.964975,9,32778.4
H01756,124.1,14.7,26,南,8.498,0.886,0,116.285722,40.025985,9,44534.5
H01757,96.8,1.0,8,东南,8.82,4.907,1,116.559654,40.050055,11,46489.0
H01758,142.7,14.7,20,南,23.11,3.332,1,116.124847,39.951141,3,57657.8
H01759,91.9,17.9,11,南,8.4,4.382,1,116.435007,39.768439,24,45413.8
H01760,66.8,8.4,6,东南,4.07,3.989,0,116.276691,39.876364,20,32147.6
H01761,53.8,26.0,12,南,3.68,0.382,1,116.320712,40.028685,23,32032.6
H01762,117.1,10.9,29,东南,9.864,4.615,1,116.301883,39.961085,20,48013.4
H01763,72.2,6.0,30,南,19.682,1.229,1,116.598497,40.096593,1,32795.1
H01764,65.2,11.8,23,北,4.583,2.014,0,116.5054,39.825095,14,40127.3
H01765,60.1,23.7,23,南,13.261,4.669,1,116.215689,39.724747,5,29147.4
H01766,125.1,29.1,29,东,24.81,4.547,0,116.105183,40.077808,20,39878.1
H01767,122.3,13.7,28,南,7.789,1.013,0,116.281492,40.048844,6,62644.8
H01768,95.3,7.9,23,西,18.791,3.779,0,116.138635,40.059174,5,41326.2
H01769,79.5,23.3,5,北,17.937,4.725,0,116.042017,39.805041,21,36585.1
H01770,113.3,9.1,18,东南,14.488,0.811,0,116.029595,40.053541,8,39017.7
H01771,135.7,2.2,29,南,16.704,0.613,1,116.387148,39.813501,20,56110.7
H01772,100.3,8.4,26,南,16.105,1.788,1,116.419617,39.91722,1,43480.4
H01773,118.0,2.6,8,东,16.09,4.515,1,116.563661,39.895502,6,40439.6
H01774,56.8,4.9,4,东南,2.192,3.083,1,116.391231,40.057125,22,45297.9
H01775,93.5,2.7,30,南,7.841,2.403,1,116.391351,39.716547,21,44836.1
H01776,133.0,19.7,1,南,19.669,2.49,1,116.439943,39.725097,18,36749.7
H01777,62.0,29.8,12,东,4.49,3.364,1,116.246002,39.725936,23,29785.7
H01778,99.4,2.4,13,南,15.4,1.579,0,116.455735,40.066746,21,52850.1
H01779,47.4,19.4,10,东,18.406,0.688,0,116.183916,39.923534,2,27060.7
H01780,46.5,7.1,15,东南,6.671,4.15,1,116.543332,39.816346,22,30846.6
H01781,65.3,29.8,17,南,24.153,3.373,0,116.249043,39.760955,1,19428.6
H01782,73.1,0.3,6,南,16.982,1.871,1,116.493615,39.702971,16,35101.1
H01783,77.5,14.8,9,北,9.895,4.165,0,116.141349,39.808377,7,32834.8
H01784,51.8,24.5,4,东,18.804,3.772,1,116.571023,39.985178,5,26900.0
H01785,148.4,27.4,8,西,15.344,2.26,0,116.065833,40.084065,5,46353.6
H01786,128.4,20.1,5,南,7.891,1.327,1,116.415307,39.744417,23,55307.7
H01787,142.9,8.7,4,北,11.397,1.277,1,116.141973,40.09513,24,60700.9
H01788,85.7,17.3,30,西,18.05,1.74,1,116.187931,39.939565,17,35272.1
H01789,154.2,15.8,15,北,12.191,1.247,0,116.190076,39.945372,10,49109.5
H01790,50.5,12.9,30,北,3.778,2.432,1,116.521979,40.025861,4,33071.5
H01791,132.6,14.3,7,西,15.692,0.206,0,116.114184,39.974748,11,53152.9
H01792,73.2,22.9,6,西,20.07,3.085,1,116.421625,39.926398,22,31219.7
H01793,103.4,1.0,7,北,21.576,2.17,0,116.11093,39.746323,7,43400.1
H01794,135.8,28.1,27,北,12.505,3.346,1,116.479554,40.067819,22,44662.0
H01795,121.6,1.2,14,西,12.105,4.599,1,116.52417,39.892889,10,38434.0
H01796,90.2,0.9,23,西,10.885,2.725,0,116.373695,40.076922,14,34264.3
H01797,123.5,28.4,1,东,12.561,2.552,1,116.043722,39.853993,9,39821.5
H01798,80.7,28.3,3,西,17.489,4.313,0,116.237259,39.923401,1,22829.1
H01799,151.1,28.1,12,南,6.937,2.463,0,116.404829,39.980433,16,40205.5
H01800,105.9,24.0,8,西,17.052,4.288,1,116.128613,40.070872,7,34789.0
H01801,129.7,0.0,3,东,5.964,2.012,1,116.123889,39.954815,5,56310.2
H01802,57.0,7.0,1,东,1.684,1.503,0,116.37491,39.907263,9,35328.8
H01803,54.8,17.4,24,东南,20.773,0.378,0,116.044969,39.93167,19,29903.2
H01804,97.4,14.1,6,西南,20.011,2.202,0,116.339343,39.813313,23,26692.7
H01805,158.6,15.9,3,南,5.798,2.374,1,116.013086,40.031535,17,62157.0
H01806,123.4,25.0,17,西,19.874,1.97,1,116.094573,39.799666,20,41778.4
H01807,98.7,6.1,14,东,5.361,2.478,0,116.263664,40.051387,11,42267.6
H01808,70.8,13.4,24,北,2.453,3.931,1,116.326843,39.707297,24,30706.5
H01809,102.5,1.3,30,南,4.829,1.016,0,116.291679,39.887705,14,65423.7
H01810,68.9,13.5,18,南,6.318,0.495,0,116.00206,39.92409,22,42223.9
H01811,117.8,2.2,13,西南,21.23,2.538,0,116.507277,39.872965,10,36210.5
H01812,54.1,2.2,12,南,2.86,3.412,1,116.305786,39.98482,15,37344.9
H01813,120.0,4.4,11,南,12.494,3.579,1,116.310542,39.880281,13,51137.1
H01814,145.1,9.2,30,东,14.771,1.904,0,116.169706,40.022588,1,66936.6
H01815,120.1,15.6,29,北,24.956,1.233,1,116.464415,40.080697,16,40344.5
H01816,136.8,8.8,19,东南,14.909,4.984,1,116.500117,39.857302,4,39979.3
H01817,74.1,13.7,5,北,19.917,2.313,1,116.331764,39.888283,18,28938.8
H01818,88.8,8.9,12,西,13.623,2.154,0,116.20215,39.814852,20,48748.5
H01819,108.0,20.4,5,南,16.255,3.079,1,116.488774,39.908141,17,28878.7
H01820,74.5,27.4,27,北,17.342,1.416,0,116.364113,40.077892,3,27267.5
H01821,119.5,24.7,30,东南,1.193,3.352,1,116.242463,40.062014,4,40692.9
H01822,134.9,10.1,9,北,2.5,4.46,0,116.043157,39.701256,6,47366.5
H01823,56.6,22.9,17,西,13.254,0.747,1,116.564981,39.874904,2,27525.6
H01824,56.1,3.0,10,东南,5.836,0.71,1,116.239036,40.095989,3,42934.7
H01825,92.3,7.6,11,西,13.121,4.085,0,116.205588,39.72109,16,39414.9
H01826,129.6,29.9,7,南,4.568,2.966,1,116.01101,40.049969,10,47647.9
H01827,99.4,12.9,21,西,9.536,0.891,1,116.153276,40.016102,4,50643.1
H01828,129.1,12.3,18,北,17.116,0.616,0,116.494249,39.888273,18,30136.6
H01829,69.1,14.5,19,东,8.423,2.164,1,116.314222,39.933649,4,33589.3
H01830,48.6,12.2,19,南,19.587,4.42,1,116.150139,39.783387,22,27561.3
H01831,125.9,6.9,12,东,19.905,4.287,1,116.571954,39.951539,12,36574.1
H01832,108.8,1.1,21,南,14.458,4.052,0,116.337131,40.064283,8,38852.2
H01833,119.4,13.4,25,东南,12.954,0.677,0,116.482831,39.712691,14,50282.7
H01834,120.4,27.9,6,南,15.237,0.109,0,116.031121,39.913313,15,40088.0
H01835,58.8,3.3,20,北,16.544,2.633,1,116.012106,40.045989,15,39082.5
H01836,63.4,15.1,18,南,9.063,3.676,0,116.519615,39.867621,17,30084.9
H01837,54.4,12.8,29,西南,1.618,2.278,0,116.246276,40.096855,15,38463.7
H01838,152.6,18.9,6,南,11.997,3.092,1,116.071391,39.74309,3,62950.8
H01839,113.9,5.7,8,南,7.802,1.851,1,116.031453,40.0126,11,55301.4
H01840,116.5,0.4,23,南,11.633,2.949,1,116.14668,40.009441,20,60697.4
H01841,149.6,2.2,28,南,19.333,1.035,0,116.011993,40.020017,5,58007.0
H01842,126.1,8.0,29,东,3.121,1.817,1,116.350052,40.011693,19,69448.8
H01843,91.9,29.3,12,北,10.43,4.076,0,116.517467,40.018496,23,20839.0
H01844,107.9,9.5,25,北,7.626,0.569,1,116.209219,39.935103,7,43777.2
H01845,50.2,17.4,5,东南,21.674,2.239,0,116.199375,39.909051,7,20951.9
H01846,57.3,25.0,16,南,4.912,0.432,1,116.028485,39.969278,16,36880.2
H01847,81.6,16.4,28,南,19.511,1.241,0,116.509479,39.940704,18,28814.3
H01848,78.2,10.3,30,北,22.553,3.201,1,116.518191,40.053019,23,30758.4
H01849,93.5,9.4,4,西,2.307,3.993,0,116.385411,39.956121,17,33955.5
H01850,105.7,19.4,10,西,3.244,3.475,1,116.128578,39.768549,13,43234.1
H01851,153.9,20.7,24,南,20.071,4.402,1,116.540914,39.755335,1,30232.1
H01852,52.8,16.6,23,东,8.175,3.699,1,116.089552,39.718472,6,36346.3
H01853,67.0,2.9,9,南,11.536,1.583,1,116.066411,39.781704,18,40210.9
H01854,147.4,1.2,1,南,21.339,2.361,1,116.447763,39.72551,13,62589.1
H01855,159.6,22.3,24,东,9.774,4.405,1,116.097531,39.938342,19,51348.1
H01856,148.6,25.5,10,北,11.762,2.751,0,116.074907,39.972064,6,42196.1
H01857,138.0,10.5,16,东南,6.58,2.281,0,116.27049,39.792195,10,47261.9
H01858,146.3,8.5,10,东,16.074,3.106,0,116.143305,40.037457,19,57238.5
H01859,69.9,1.2,7,东南,5.948,1.991,0,116.446238,39.897184,2,40958.4
H01860,75.7,2.8,7,南,20.558,2.99,0,116.395293,39.965746,19,39664.6
H01861,97.2,15.4,15,南,21.968,2.489,1,116.08721,39.800689,5,43190.4
H01862,111.3,14.1,29,东南,17.139,1.988,1,116.50492,39.977914,10,43898.3
H01863,101.3,8.2,29,南,4.289,1.959,1,116.492386,39.95653,9,49665.8
H01864,101.5,3.1,8,西,5.274,3.182,0,116.118307,39.730794,18,42511.3
H01865,71.1,12.1,27,西,11.674,1.645,1,116.59686,39.865994,19,38464.7
H01866,86.2,2.1,23,南,8.155,0.868,1,116.485169,40.062415,5,54216.4
H01867,80.2,7.9,13,南,4.42,3.127,0,116.267987,39.972088,7,48103.9
H01868,121.9,5.5,21,南,9.275,4.196,1,116.50657,39.766249,7,50836.9
H01869,89.5,26.8,7,北,15.546,0.834,0,116.313909,40.011126,21,27724.1
H01870,125.4,21.3,6,西,4.011,3.117,1,116.392641,39.99795,24,52647.9
H01871,73.5,27.1,23,南,14.305,2.074,1,116.091709,40.064072,18,40516.1
H01872,114.7,28.2,13,东南,16.433,1.008,1,116.509003,40.085553,18,40568.7
H01873,92.6,6.6,2,南,12.048,0.416,0,116.520343,39.871055,23,40795.7
H01874,103.1,28.3,5,南,6.117,2.106,0,116.069186,39.968758,14,36845.2
H01875,151.4,16.5,11,东南,6.834,0.292,1,116.425809,39.975296,18,74453.8
H01876,107.2,24.0,6,北,17.237,1.841,1,116.046139,39.828213,21,32648.1
H01877,95.0,8.0,18,西南,13.796,0.84,0,116.344533,39.822389,19,43959.4
H01878,125.8,0.7,1,北,2.06,1.616,0,116.550577,39.729025,17,50850.8
H01879,141.5,12.6,20,东南,14.729,2.073,1,116.491653,39.93692,6,59122.1
H01880,79.0,22.7,1,东,3.969,1.521,1,116.102222,40.082342,16,46399.6
H01881,110.0,20.3,14,北,21.654,4.913,0,116.01208,39.853814,8,38636.7
H01882,147.4,29.2,17,东,10.112,2.413,0,116.143797,40.068438,1,36159.5
H01883,97.8,21.1,1,东南,2.883,2.58,0,116.578799,39.988037,8,40624.5
H01884,69.8,9.7,17,东,14.578,1.305,1,116.508359,39.719769,5,30812.4
H01885,126.9,29.1,2,南,20.982,1.451,1,116.460163,39.771125,16,38874.5
H01886,146.3,6.4,3,西,3.053,3.89,1,116.374954,39.816215,10,62934.9
H01887,64.6,27.7,28,南,8.21,2.207,0,116.038574,39.709908,7,27711.7
H01888,109.1,12.8,10,南,24.114,1.313,0,116.352352,39.846107,20,36239.8
H01889,87.3,20.4,29,南,15.879,2.949,0,116.567102,39.809108,19,34169.2
H01890,66.6,20.5,10,南,7.049,3.504,0,116.106331,39.71574,10,25103.8
H01891,155.2,24.9,10,东南,7.319,1.146,0,116.311805,40.021513,9,51759.9
H01892,120.9,15.7,14,南,9.824,0.615,1,116.264076,39.959819,4,52607.1
H01893,98.5,15.1,26,东,6.448,1.991,1,116.014505,40.063768,14,67781.2
H01894,159.0,21.3,23,南,9.374,0.427,0,116.030768,39.822548,10,68912.1
H01895,93.3,7.9,17,南,20.626,2.192,1,116.215121,39.954599,2,33122.6
H01896,82.3,3.6,6,东南,9.531,2.446,1,116.26949,39.904878,14,52782.6
H01897,154.2,7.6,20,北,20.581,2.164,1,116.509363,39.751966,16,38658.0
H01898,107.1,28.5,9,北,9.759,4.736,1,116.243928,39.715071,19,31527.2
H01899,118.1,5.7,1,南,15.216,0.566,1,116.357314,39.98889,15,48710.0
H01900,114.7,18.9,26,西,21.844,0.438,0,116.129844,39.739839,19,39661.4
H01901,104.1,11.4,8,东南,9.936,4.948,0,116.156928,39.950059,21,42013.6
H01902,142.1,9.4,10,东,22.972,3.294,1,116.085043,39.87621,17,37925.6
H01903,115.6,13.8,22,东,16.085,1.059,0,116.130838,39.98477,8,40042.6
H01904,156.8,23.5,22,东,3.044,1.922,0,116.578521,39.885409,8,57248.2
H01905,81.9,19.2,27,东南,10.705,4.151,1,116.343434,40.062132,22,43871.1
H01906,152.1,27.1,16,北,17.036,0.656,1,116.334975,39.712316,19,48012.6
H01907,118.1,7.3,29,东南,5.839,3.185,1,116.341366,39.738284,18,45644.0
H01908,148.3,1.5,29,东南,23.342,4.702,1,116.290539,40.086614,13,63204.2
H01909,78.6,15.4,29,南,18.602,0.606,1,116.139913,39.906052,10,33159.5
H01910,93.5,20.6,4,南,11.197,2.403,1,116.540064,39.774779,19,32703.2
H01911,92.4,22.7,19,北,18.192,1.828,0,116.247722,39.927826,12,33539.5
H01912,115.8,2.3,21,南,6.414,3.531,0,116.410274,39.78601,3,58182.1
H01913,143.2,27.4,18,南,7.233,3.963,0,116.401803,40.071931,5,52979.9
H01914,140.1,0.4,17,南,18.852,1.842,1,116.350627,39.934628,4,53574.3
H01915,64.4,6.4,24,北,5.487,4.911,0,116.144089,40.050145,14,39409.6
H01916,144.8,6.9,7,北,10.552,4.669,1,116.44597,39.973611,13,43171.7
H01917,117.8,21.7,29,南,6.815,1.649,0,116.319301,39.813977,23,35146.7
H01918,51.0,28.6,11,东南,8.719,3.762,1,116.23758,39.810852,6,23911.9
H01919,91.5,1.6,3,南,5.619,1.03,0,116.064974,39.842133,11,50801.3
H01920,107.8,8.9,30,南,5.003,0.153,1,116.34214,39.869888,16,75679.0
H01921,76.3,8.6,30,东,8.097,1.735,1,116.067443,40.00692,11,48287.0
H01922,76.5,9.8,26,南,22.619,2.194,1,116.347783,39.704112,3,27461.0
H01923,91.4,19.7,23,南,15.605,3.344,1,116.329938,39.893763,9,31201.6
H01924,138.1,27.1,6,东,2.822,0.806,0,116.099741,39.78196,4,60229.5
H01925,97.3,28.5,18,南,15.824,2.069,1,116.342096,40.066187,22,37165.1
H01926,113.1,11.0,9,西,3.538,0.619,1,116.337925,39.938618,22,52814.1
H01927,135.0,29.4,25,南,19.061,0.246,1,116.441055,39.83718,22,48374.6
H01928,91.9,12.9,27,东南,18.063,2.982,1,116.488854,40.094655,17,37532.9
H01929,60.8,20.4,23,南,16.155,4.544,0,116.295054,40.00497,16,25208.8
H01930,53.9,4.5,2,北,7.807,2.359,1,116.551186,39.831381,24,36915.2
H01931,85.4,29.3,19,东,1.538,4.986,1,116.129159,39.96976,5,34621.6
H01932,101.0,8.8,18,东,2.434,2.898,0,116.112775,39.938063,5,58242.1
H01933,93.8,0.8,17,南,13.082,3.13,0,116.075483,39.859612,1,35838.7
H01934,78.0,6.1,5,南,17.4,1.116,1,116.301332,39.933231,13,43140.8
H01935,51.5,13.4,17,西南,12.223,2.59,1,116.521903,40.059517,8,31688.9
H01936,132.0,23.3,15,南,10.826,3.581,0,116.026283,39.830911,15,58176.3
H01937,48.7,8.1,22,西,11.982,4.615,1,116.014482,40.029103,10,36892.4
H01938,140.7,27.3,4,西,22.571,0.724,0,116.326271,39.896451,15,42625.5
H01939,73.9,15.3,25,南,14.878,1.069,0,116.18645,39.815579,10,30377.6
H01940,148.6,23.6,17,南,14.381,0.232,1,116.572703,40.095845,3,59508.5
H01941,148.7,1.5,1,北,9.269,1.002,1,116.443548,39.831691,24,59270.1
H01942,54.5,12.5,4,南,18.816,0.565,0,116.173662,40.086929,13,27071.3
H01943,155.9,27.9,19,南,14.775,1.507,0,116.243889,39.954132,5,34718.5
H01944,96.6,0.1,29,西,4.135,1.858,0,116.518787,39.860297,1,48720.0
H01945,50.4,4.5,20,南,23.672,0.547,0,116.233653,39.976603,16,35020.3
H01946,50.4,8.2,11,西南,20.699,2.268,0,116.428399,40.038712,16,24089.9
H01947,90.2,24.9,9,东南,10.411,2.74,1,116.381855,39.841797,19,31784.7
H01948,146.3,10.6,3,东南,2.038,1.38,0,116.32449,39.741461,10,63985.0
H01949,97.3,29.1,8,南,22.904,4.794,0,116.407655,39.792206,16,24584.5
H01950,77.8,17.0,10,东南,15.928,2.003,0,116.595848,39.777196,17,26864.8
H01951,132.5,10.7,6,南,21.12,4.914,0,116.397163,40.087206,11,34862.8
H01952,60.6,29.3,3,南,10.492,2.862,0,116.525521,39.864721,15,25273.4
H01953,103.9,27.1,10,北,13.188,2.547,1,116.054149,39.731364,15,36829.9
H01954,142.9,25.2,28,西,3.679,4.422,1,116.176424,39.753819,13,40148.2
H01955,87.0,2.3,12,南,18.605,0.969,1,116.455639,39.716587,21,35576.6
H01956,70.7,23.1,17,东,14.956,0.423,0,116.416305,39.969546,6,26794.6
H01957,59.5,21.2,15,南,20.767,4.69,1,116.432148,39.866477,20,23607.3
H01958,133.5,4.9,27,北,4.957,4.559,0,116.405187,39.881752,23,61135.6
H01959,69.6,17.0,22,西,20.76,1.567,1,116.108177,39.749102,6,30912.5
H01960,146.1,25.0,19,南,8.81,3.429,1,116.399304,40.034271,22,57842.7
H01961,105.0,10.8,2,西南,3.734,1.892,0,116.379589,39.759423,12,51142.4
H01962,114.2,27.8,1,东,24.31,4.681,1,116.283217,39.790817,18,26925.2
H01963,140.9,3.6,20,北,14.528,4.028,0,116.055014,40.057241,22,52124.1
H01964,65.7,4.6,24,北,7.125,1.099,1,116.280784,39.832439,10,40436.1
H01965,134.4,1.2,14,南,19.102,3.791,1,116.466117,40.087935,4,49433.8
H01966,53.2,5.9,1,南,3.819,2.68,0,116.183327,39.960809,18,39030.3
H01967,125.2,25.9,11,南,10.372,1.763,1,116.240373,39.960355,9,32637.6
H01968,158.6,21.5,3,南,24.686,0.633,1,116.151938,39.723064,18,53811.6
H01969,131.1,4.6,9,东,5.377,2.026,1,116.388797,39.765757,7,63742.4
H01970,142.1,11.0,15,北,3.272,4.802,0,116.462914,39.777486,10,50777.8
H01971,77.3,9.1,10,西,3.383,3.34,1,116.25867,39.797043,7,38149.5
H01972,103.2,10.3,6,北,24.582,1.114,0,116.502872,40.040098,4,34177.4
H01973,103.4,23.0,6,北,13.775,1.43,0,116.535972,39.831211,24,25280.4
H01974,57.3,0.6,9,南,19.061,4.018,1,116.458155,39.9969,16,33573.8
H01975,111.3,19.2,4,北,12.895,2.791,1,116.386782,39.806722,9,27366.6
H01976,48.1,11.4,26,南,21.14,2.863,1,116.280968,40.037058,6,28825.3
H01977,134.2,20.0,8,南,6.998,2.074,0,116.56289,39.877636,23,52934.8
H01978,94.7,6.9,17,东南,14.58,3.432,0,116.148922,39.771919,15,39763.5
H01979,114.0,22.6,28,南,7.666,0.42,1,116.033489,39.931262,9,41570.6
H01980,143.3,11.7,17,东,13.012,1.686,0,116.398274,39.896544,13,48129.0
H01981,103.0,18.7,18,西南,22.937,1.681,0,116.164916,40.062958,24,33560.3
H01982,92.2,2.0,2,南,7.597,2.253,1,116.123145,39.993147,15,46115.2
H01983,96.5,16.8,17,南,11.082,0.485,0,116.442062,39.835935,1,33572.3
H01984,133.6,20.4,29,西南,22.856,4.876,0,116.203674,39.993614,15,33059.0
H01985,90.2,0.5,18,西,4.487,1.965,0,116.575966,40.000537,5,48794.6
H01986,139.4,4.8,26,东,8.784,2.53,0,116.492661,40.046553,11,69251.3
H01987,98.5,29.9,20,东,22.41,1.88,1,116.58623,39.947195,5,32290.4
H01988,74.5,27.3,30,东,21.182,1.195,1,116.050989,39.75395,1,29309.5
H01989,121.6,19.9,11,南,10.352,0.982,1,116.179042,40.013092,17,52843.1
H01990,152.2,14.1,6,西,23.322,2.989,0,116.007363,40.08364,7,50889.0
H01991,107.5,19.7,11,东,6.721,2.954,1,116.254001,39.755501,18,43210.8
H01992,55.5,9.5,24,东南,14.459,4.847,1,116.069932,39.743819,17,31841.5
H01993,133.4,25.1,6,西南,19.397,1.362,1,116.095422,39.713526,16,51236.1
H01994,113.4,22.6,12,北,8.446,1.793,1,116.543034,39.705274,15,35279.9
H01995,132.8,15.9,12,南,1.75,1.039,0,116.581638,39.810941,4,41781.0
H01996,61.1,14.5,12,南,19.429,3.414,1,116.437684,39.808666,13,28530.2
H01997,46.6,9.8,5,南,8.906,4.792,1,116.460841,39.981683,16,30767.1
H01998,101.8,10.2,15,西,24.24,2.317,1,116.09348,39.974175,1,39672.8
H01999,87.9,28.3,26,西,3.791,3.406,1,116.404926,39.747115,5,35746.2
H02000,86.1,22.9,3,南,18.718,3.582,1,116.193146,39.863401,17,26593.8
H02001,104.5,23.6,23,北,12.502,2.627,0,116.06686,39.709995,7,46671.0
H02002,144.4,16.3,7,南,15.743,1.165,0,116.170588,39.940299,20,51856.6
H02003,101.0,17.4,23,西,14.645,3.422,1,116.26629,39.811189,14,32068.0
H02004,48.8,1.8,23,南,10.682,0.684,1,116.118336,39.946755,19,43244.9
H02005,71.7,12.1,6,北,12.331,4.816,0,116.53149,39.882591,5,23688.1
H02006,129.1,6.8,13,南,17.161,3.457,1,116.409368,39.901328,21,48164.6
H02007,159.1,23.1,17,西南,12.67,4.446,1,116.552908,39.990401,10,60125.8
H02008,108.6,8.6,21,北,16.785,2.76,0,116.512906,39.885537,21,38800.8
H02009,49.0,29.1,23,南,7.513,3.323,0,116.118473,40.087886,17,31861.7
H02010,134.4,20.8,24,南,7.437,1.092,0,116.119059,39.811506,20,48866.2
H02011,152.6,9.9,9,北,11.83,1.171,0,116.497212,39.958251,14,40888.4
H02012,159.0,16.3,18,东,19.37,2.381,1,116.429704,40.046748,16,59002.7
H02013,50.8,17.4,13,西南,8.628,2.911,0,116.036285,39.836838,3,28008.2
H02014,128.0,4.9,29,西南,12.752,1.077,0,116.316639,39.928976,11,48511.8
H02015,149.9,19.1,10,南,16.457,4.012,0,116.490656,39.802231,9,34582.3
H02016,67.6,9.1,21,南,17.762,4.523,1,116.390459,39.732006,15,27879.5
H02017,118.8,7.2,30,南,13.395,1.702,0,116.147285,39.801511,1,40044.0
H02018,113.0,4.6,30,南,1.375,4.797,1,116.121038,39.984272,21,61753.7
H02019,47.6,12.3,5,东南,3.996,4.28,1,116.378812,39.871553,9,34650.5
H02020,96.5,3.3,11,南,9.603,4.273,0,116.117115,40.079312,2,41032.3
H02021,126.7,8.8,12,南,24.356,3.045,1,116.481678,40.096809,15,54883.9
H02022,105.3,26.3,17,东南,15.718,4.01,0,116.1439,39.766593,19,32507.7
H02023,92.5,24.6,11,南,24.66,3.97,1,116.066545,39.78697,5,31980.3
H02024,78.4,16.1,17,南,9.44,4.056,1,116.328162,39.94993,10,41954.3
H02025,83.5,25.4,17,西,2.758,1.277,1,116.022292,39.854666,8,37353.6
H02026,158.6,9.1,3,南,24.45,3.795,1,116.441994,39.801245,5,50029.3
H02027,114.4,27.6,28,东,22.363,0.332,0,116.458743,39.976335,21,32091.7
H02028,154.6,17.5,12,西,4.88,2.845,0,116.135885,39.773934,10,62791.3
H02029,50.2,27.4,17,北,18.782,2.976,1,116.513669,39.812369,16,22089.3
H02030,70.1,28.5,28,东,5.271,0.667,1,116.478092,40.028019,6,30569.2
H02031,81.4,7.6,12,东南,3.145,1.656,0,116.214221,39.972703,8,51511.8
H02032,128.8,3.9,3,南,14.539,0.979,1,116.177993,39.993106,9,80209.2
H02033,84.5,7.3,27,南,21.446,3.687,0,116.356999,40.042732,20,29492.4
H02034,110.2,20.0,4,北,11.067,0.959,1,116.287264,39.774987,15,40274.9
H02035,142.3,20.4,16,南,21.201,1.207,1,116.548673,39.901651,21,48159.8
H02036,59.8,22.7,18,南,17.891,1.805,1,116.367662,39.736039,12,25694.2
H02037,111.8,27.3,27,东南,23.74,1.706,1,116.538913,39.939554,10,32805.8
H02038,92.0,5.0,4,东南,13.273,4.073,1,116.520845,40.02668,12,38010.4
H02039,102.1,9.3,17,南,1.401,2.915,0,116.505913,39.71974,23,37903.0
H02040,92.5,12.7,11,南,16.321,3.412,0,116.553552,39.949359,13,33231.7
H02041,158.8,11.4,22,北,21.824,4.637,0,116.142289,39.840787,14,48279.8
H02042,108.5,1.5,10,南,20.119,4.251,0,116.495655,39.859418,9,41990.0
H02043,102.4,3.0,6,南,8.913,3.942,1,116.584903,39.908194,4,50365.6
H02044,83.1,3.0,3,南,3.021,2.225,1,116.22993,40.087536,6,40965.6
H02045,105.6,0.5,6,北,12.96,2.547,0,116.364723,39.770246,8,38417.2
H02046,117.6,17.9,30,北,3.019,4.7,1,116.261607,39.81039,16,45306.5
H02047,155.0,10.9,14,南,22.241,1.207,0,116.196157,39.79544,12,58217.2
H02048,144.2,16.7,15,东,4.103,2.206,0,116.168327,39.926935,10,56109.2
H02049,113.4,16.4,5,东南,8.353,1.472,0,116.174868,40.016522,14,50801.9
H02050,107.3,3.8,16,南,13.589,0.984,0,116.251051,39.709255,13,44919.4
H02051,108.8,29.4,22,西,12.676,3.493,1,116.172816,39.764662,2,29414.4
H02052,114.8,10.1,25,西南,6.479,2.438,0,116.195205,39.726166,18,48426.9
H02053,126.1,18.8,24,西,7.099,4.873,1,116.316156,39.876413,1,41725.8
H02054,84.3,8.4,23,西,17.79,4.549,1,116.510214,39.76679,6,25781.9
H02055,121.2,18.9,22,北,4.121,3.254,0,116.130805,39.863917,1,47735.3
H02056,51.0,14.1,15,南,16.465,4.469,1,116.119711,40.081461,10,27834.0
H02057,96.3,3.3,18,西,20.083,0.952,1,116.077591,40.08595,16,56866.8
H02058,95.4,1.2,4,南,1.574,2.834,1,116.499962,40.090776,19,70757.6
H02059,81.6,8.9,12,东南,8.786,2.779,0,116.167217,40.088611,12,55926.5
H02060,94.3,21.3,10,南,8.52,3.191,1,116.008645,39.80705,6,36526.5
H02061,135.6,17.1,28,南,19.463,0.88,1,116.522721,40.028237,23,44203.9
H02062,56.5,16.2,5,东,3.952,2.858,0,116.14867,39.844164,24,30677.6
H02063,109.0,13.9,8,南,5.93,0.132,0,116.182885,39.772467,12,46648.3
H02064,55.5,2.0,8,南,18.675,2.21,1,116.459113,39.930037,2,27537.3
H02065,146.0,11.3,30,北,13.696,1.07,1,116.544377,39.892214,7,61379.7
H02066,140.7,25.8,1,南,9.41,3.632,1,116.532638,39.800212,22,39552.8
H02067,111.0,23.4,8,南,17.694,3.462,1,116.169413,40.058551,16,40291.6
H02068,97.6,27.1,4,南,21.505,2.685,1,116.125142,39.734615,13,34421.5
H02069,50.6,26.5,20,西南,22.91,3.076,0,116.098588,40.062812,24,25043.6
H02070,48.9,7.8,6,西,15.273,0.625,1,116.471946,39.967931,8,27982.7
H02071,102.1,4.5,6,东,1.177,4.434,0,116.521716,40.090655,9,45403.6
H02072,139.6,12.4,8,东南,24.715,3.664,1,116.559701,39.963995,24,46110.0
H02073,153.9,9.8,6,南,22.48,1.73,1,116.422038,39.869243,8,43731.0
H02074,102.6,20.9,14,东,15.681,1.249,0,116.0011,39.846692,6,49398.4
H02075,126.3,2.2,7,南,21.569,4.92,0,116.073854,40.083376,12,50266.0
H02076,155.7,9.4,15,南,15.651,3.344,1,116.374202,39.848992,6,47457.6
H02077,127.9,20.5,28,东南,19.812,0.669,1,116.236621,40.047035,4,51451.9
H02078,154.8,26.7,20,南,18.5,0.877,0,116.599135,39.843428,6,32887.5
H02079,74.3,20.6,24,东南,24.674,1.502,1,116.17125,39.856828,23,33252.8
H02080,71.6,13.6,26,东,24.979,4.981,0,116.534374,40.084115,24,22327.0
H02081,91.3,23.9,23,西南,10.178,0.147,0,116.364079,39.974414,17,29506.9
H02082,48.0,10.9,19,西南,24.266,1.334,1,116.0821,40.015055,20,29870.9
H02083,89.8,27.0,30,南,1.684,3.153,1,116.351246,39.934325,5,34569.5
H02084,121.5,22.1,15,东南,23.68,0.626,1,116.446701,39.913263,11,43496.5
H02085,45.3,16.4,29,南,7.024,3.827,0,116.43333,40.031848,7,27906.7
H02086,123.4,2.6,6,东,21.563,2.794,1,116.27616,39.903922,3,46353.0
H02087,99.0,23.0,3,南,6.332,1.505,1,116.587169,39.882066,19,45409.4
H02088,101.2,23.1,9,东南,5.871,0.316,1,116.414576,39.990472,17,48181.4
H02089,131.1,21.2,18,南,22.86,3.362,0,116.200272,39.72582,21,36831.4
H02090,153.0,5.2,14,南,1.777,4.733,1,116.594469,39.78431,20,52395.9
H02091,68.3,6.2,9,北,22.2,2.675,0,116.343208,39.744817,18,27032.8
H02092,113.2,10.7,20,东南,16.291,1.572,0,116.460202,39.84533,6,34969.8
H02093,70.4,3.4,11,东,6.195,4.867,0,116.104883,40.096897,24,41816.7
H02094,133.2,14.5,8,北,5.496,0.912,1,116.035106,39.961503,22,51202.7
H02095,80.4,29.5,21,北,22.078,0.515,1,116.112182,39.801375,4,24103.4
H02096,114.6,7.5,12,东,22.531,2.358,1,116.118903,39.841468,3,31851.1
H02097,131.2,10.8,16,南,12.619,1.062,1,116.411168,40.017358,23,59817.3
H02098,51.1,14.8,6,南,10.4,0.182,0,116.558601,39.999878,18,26893.8
H02099,65.7,0.2,15,北,11.077,0.293,1,116.462043,39.864355,16,47809.4
H02100,84.5,15.9,12,东,19.146,2.725,1,116.162347,40.045803,2,36140.2
H02101,70.7,16.5,13,南,23.281,1.784,0,116.479737,39.773959,15,23219.8
H02102,62.3,5.0,8,西,22.205,4.737,1,116.091921,39.862262,17,34731.5
H02103,158.5,24.7,24,南,16.416,0.291,0,116.584317,39.947679,11,44307.4
H02104,96.7,27.7,4,南,9.301,4.594,1,116.277911,40.060257,6,35111.0
H02105,106.5,28.0,3,南,24.523,2.181,1,116.432194,40.042851,20,22418.0
H02106,82.8,17.4,6,南,19.047,1.795,1,116.259113,39.864069,12,32521.8
H02107,146.7,28.4,15,南,23.375,0.558,0,116.027226,39.860362,15,50576.3
H02108,112.0,12.5,30,南,4.771,4.008,1,116.443505,39.816166,4,54746.6
H02109,63.3,21.8,7,东,21.531,1.36,1,116.481448,39.831015,16,27750.0
H02110,123.8,11.6,26,东,22.014,4.383,0,116.120868,39.798299,12,40556.6
H02111,138.1,12.6,25,南,23.845,1.137,0,116.075892,39.813389,16,56596.3
H02112,48.5,25.5,6,南,13.784,2.043,1,116.034527,39.961171,3,25067.6
H02113,73.4,17.8,5,南,12.589,3.316,0,116.380026,40.017129,12,30185.2
H02114,94.3,5.8,19,东,22.861,4.461,0,116.379611,39.877095,18,28595.0
H02115,132.5,4.9,20,南,15.65,0.614,0,116.566982,39.752352,18,34469.7
H02116,87.7,22.8,18,南,19.145,3.718,0,116.379381,39.793942,9,21920.7
H02117,152.3,11.8,21,南,3.656,4.141,1,116.236787,39.932089,1,64054.6
H02118,129.1,26.1,9,南,7.622,2.434,1,116.001106,39.91618,9,69542.0
H02119,71.2,14.1,25,南,8.202,2.98,1,116.022085,39.740305,16,43425.3
H02120,97.6,10.0,25,东,9.593,2.949,1,116.567334,39.786201,22,38687.0
H02121,115.5,23.0,11,东,14.705,4.235,0,116.33247,39.937643,6,39336.8
H02122,112.3,26.1,16,南,23.138,4.221,1,116.570957,39.771175,18,28391.7
H02123,75.7,22.8,25,北,18.663,0.758,1,116.146882,40.067216,24,35801.6
H02124,135.2,19.0,6,北,12.944,3.473,1,116.198183,39.869068,19,41051.2
H02125,153.7,8.3,24,西,3.093,3.647,1,116.406567,40.012822,11,68483.1
H02126,118.2,1.5,20,东,14.238,4.753,1,116.490221,39.957291,22,42241.1
H02127,136.0,15.3,28,东,6.47,1.665,1,116.115377,39.881361,14,60966.5
H02128,64.1,25.1,1,西,23.096,3.699,1,116.568463,39.843329,23,24393.5
H02129,86.8,23.1,10,南,2.445,2.608,0,116.149633,40.008272,14,37478.6
H02130,64.2,24.6,30,东,10.297,4.839,1,116.304318,39.873911,3,31310.3
H02131,132.6,9.0,4,南,7.629,0.58,0,116.455898,39.773164,6,38296.0
H02132,93.7,20.3,9,东南,8.946,0.62,1,116.434965,39.938067,18,38895.3
H02133,124.5,22.8,25,西,17.147,3.94,0,116.033692,39.971193,18,45996.1
H02134,99.9,5.0,29,东南,19.177,3.204,0,116.567597,39.91251,20,34700.6
H02135,153.1,20.8,12,东,17.584,3.191,0,116.574407,39.815451,12,37978.4
H02136,154.8,10.4,11,南,20.487,3.412,0,116.318196,39.975392,22,36013.5
H02137,65.0,4.6,30,北,20.901,4.498,1,116.184168,39.965352,12,33227.3
H02138,141.1,3.3,30,北,24.581,3.465,0,116.44177,39.782702,9,57311.9
H02139,89.2,10.4,21,南,22.257,0.27,0,116.470112,39.834496,14,27676.1
H02140,46.6,21.9,3,南,8.406,0.688,1,116.309771,40.016864,19,27487.4
H02141,102.5,18.0,3,北,1.662,3.867,1,116.130472,39.849913,6,39914.0
H02142,102.6,24.3,15,西,12.368,0.983,1,116.286207,40.071214,4,34429.8
H02143,121.9,14.5,2,南,11.079,1.681,1,116.430697,40.029449,24,30269.1
H02144,103.2,12.0,22,北,21.703,0.536,0,116.599109,39.911821,22,32297.9
H02145,90.4,14.5,13,南,9.023,3.619,0,116.292035,40.084482,7,39985.8
H02146,100.3,29.5,9,东南,8.741,1.802,1,116.199855,39.986385,19,46722.8
H02147,93.2,2.3,18,西,23.055,0.85,0,116.478364,40.070555,6,35757.3
H02148,83.4,27.5,15,南,7.188,1.894,0,116.158825,40.04609,12,40087.2
H02149,67.9,9.1,3,南,16.389,4.028,0,116.334831,39.864256,20,23595.9
H02150,108.2,26.1,11,西南,22.149,1.156,0,116.123373,39.993161,13,35320.0
H02151,95.9,14.3,17,南,7.506,3.378,1,116.009528,39.909605,4,49812.0
H02152,132.1,3.5,25,东南,23.949,4.804,1,116.27262,39.945318,5,48863.6
H02153,76.5,14.2,28,南,3.655,2.32,0,116.054158,39.859111,20,40549.3
H02154,86.7,4.5,25,南,13.814,0.685,0,116.52838,39.998916,1,33982.2
H02155,150.6,25.2,9,西,4.852,3.526,1,116.268765,39.757334,21,41531.0
H02156,51.3,14.7,22,东南,13.739,1.453,0,116.044033,40.02155,3,30673.3
H02157,150.8,29.5,3,南,18.505,2.026,0,116.013937,40.056318,16,51108.3
H02158,148.9,11.6,16,南,8.613,2.859,0,116.424813,40.067116,6,60293.1
H02159,51.6,20.4,9,东南,2.316,4.733,0,116.400578,39.989433,15,32773.5
H02160,158.1,9.1,5,南,17.729,1.714,1,116.381477,39.854809,23,51108.1
H02161,140.7,5.8,17,西南,15.841,1.714,0,116.476895,39.860247,24,40193.2
H02162,60.5,0.0,22,北,12.454,4.205,0,116.32624,39.715372,6,31992.1
H02163,104.4,29.4,6,东南,23.794,3.098,0,116.318007,39.95596,5,28087.5
H02164,73.1,22.9,11,西,6.241,3.156,1,116.511815,40.044318,2,30629.6
H02165,123.8,9.7,26,西,17.798,2.771,1,116.544135,40.012033,14,40323.1
H02166,145.1,3.7,20,北,17.952,4.177,1,116.143914,39.700086,18,67798.5
H02167,130.6,11.8,30,北,10.132,4.281,0,116.155508,39.996566,21,46501.1
H02168,136.9,19.8,6,南,21.115,3.214,1,116.047066,39.853201,13,44795.2
H02169,73.8,3.5,18,西,18.587,3.794,0,116.095505,40.081864,15,38306.4
H02170,132.2,8.5,27,东,10.599,3.967,0,116.343039,39.912849,4,44193.4
H02171,128.1,7.9,7,南,3.736,2.405,1,116.462968,39.732022,1,54377.5
H02172,50.2,24.7,14,东,18.485,3.105,1,116.095442,39.845313,21,27711.3
H02173,74.5,23.1,27,南,15.979,1.423,0,116.433842,40.070241,15,36784.7
H02174,46.4,6.1,29,北,8.185,4.546,0,116.164812,39.865341,24,38311.2
H02175,65.9,27.0,23,西,12.226,1.045,1,116.155547,39.802259,24,30104.4
H02176,46.1,12.4,15,南,20.217,0.367,0,116.158225,40.064497,1,24907.1
H02177,128.9,15.7,22,南,23.242,4.456,1,116.062083,39.958241,19,53663.7
H02178,129.9,16.8,12,北,9.497,4.368,0,116.163032,39.924493,2,37127.0
H02179,106.0,15.8,13,南,11.228,3.348,0,116.107252,39.755841,16,43290.9
H02180,146.8,11.5,13,西南,20.624,2.748,0,116.117631,39.701875,16,54962.6
H02181,110.9,27.2,24,西,12.3,1.892,1,116.402484,39.942072,2,34256.5
H02182,113.9,19.8,23,南,2.033,2.472,1,116.203585,39.810939,11,58838.7
H02183,108.0,29.6,28,西南,23.361,4.589,0,116.414216,39.865125,13,25431.5
H02184,107.8,20.9,15,西,9.5,1.642,0,116.597302,39.911579,17,38527.3
H02185,66.0,6.0,19,南,17.242,1.774,1,116.426591,39.822068,19,35455.5
H02186,85.7,2.0,18,北,14.928,3.791,1,116.187892,39.728318,14,31855.8
H02187,81.8,22.4,10,南,20.875,4.026,0,116.106219,39.705221,9,24912.5
H02188,77.5,27.6,4,北,24.311,3.257,0,116.297888,39.847044,5,22331.3
H02189,114.9,8.5,15,西南,11.22,4.071,0,116.275228,39.894948,15,44996.0
H02190,50.2,15.4,5,东,11.806,1.266,1,116.407066,39.969149,8,31892.7
H02191,114.6,25.8,23,东,7.48,2.889,0,116.209208,39.983632,10,36400.8
H02192,70.8,7.6,6,南,6.543,4.802,0,116.075587,39.737085,4,35947.3
H02193,51.9,20.1,25,南,17.77,4.648,1,116.480758,40.048619,5,25872.4
H02194,123.1,28.8,23,南,10.108,0.335,0,116.396457,39.815059,10,33540.6
H02195,76.9,22.7,9,东,13.43,1.715,0,116.580584,39.891815,22,26010.8
H02196,65.6,19.2,21,南,14.978,4.993,0,116.279847,39.934916,16,34211.5
H02197,146.1,0.3,3,北,18.674,1.064,0,116.269327,39.829361,19,66991.6
H02198,64.2,10.3,24,北,18.219,1.828,0,116.580818,39.992414,22,25503.3
H02199,125.0,18.9,11,南,18.173,1.929,1,116.06493,39.875995,3,36328.4
H02200,90.4,25.4,21,南,15.23,3.219,0,116.42931,39.743971,12,37958.8
H02201,122.0,4.3,15,北,22.763,0.221,1,116.245742,39.871812,8,44962.0
H02202,113.8,16.9,12,南,1.218,2.762,0,116.428492,39.873476,6,40005.8
H02203,88.7,13.8,15,南,21.157,1.606,1,116.009491,39.712246,16,35965.0
H02204,140.2,10.1,8,南,7.584,1.703,1,116.275672,39.968472,5,72426.3
H02205,92.4,26.3,26,西,12.966,3.191,1,116.339891,39.75518,1,29498.7
H02206,112.3,27.6,13,西,19.429,2.688,1,116.328196,39.940627,20,32519.4
H02207,93.1,13.9,15,南,20.878,4.773,0,116.050565,40.035088,1,32895.9
H02208,127.9,3.5,27,西南,24.723,1.908,0,116.495084,39.780291,22,34398.9
H02209,131.9,4.9,11,南,2.868,2.558,1,116.439066,39.898893,11,48148.7
H02210,109.5,1.3,11,南,5.473,0.265,0,116.399463,39.830106,22,50076.6
H02211,114.3,23.1,24,东,15.539,3.548,0,116.058216,39.904347,19,47508.8
H02212,107.3,0.9,6,东南,9.409,1.456,1,116.55345,39.915455,23,46808.6
H02213,153.5,25.8,1,南,24.361,3.884,0,116.347547,39.952926,10,28016.6
H02214,63.4,0.1,14,南,20.599,1.789,1,116.514898,39.733899,17,38053.5
H02215,64.3,6.3,15,东,20.941,3.872,0,116.142859,39.974009,2,33931.1
H02216,124.9,3.3,9,南,4.798,1.398,1,116.071803,39.985589,16,74561.8
H02217,150.5,3.4,9,南,16.662,3.342,1,116.308661,39.922674,2,63518.3
H02218,140.2,28.7,15,东,2.961,1.014,0,116.274079,39.716652,13,34777.2
H02219,145.1,19.2,25,西,3.249,0.367,1,116.208179,39.701009,16,54091.5
H02220,110.8,5.0,28,东,1.675,3.548,1,116.254661,39.757438,1,53835.5
H02221,110.5,17.0,9,东南,23.242,1.033,0,116.029258,39.966045,4,35194.8
H02222,123.8,26.7,19,北,13.569,2.416,0,116.489311,39.930321,19,34223.6
H02223,145.5,25.3,4,西,7.444,4.239,0,116.42965,39.805262,22,44844.5
H02224,70.4,18.6,3,东,6.134,0.243,0,116.217351,39.958617,14,36012.4
H02225,58.3,5.2,29,东,5.149,0.873,1,116.128343,39.943687,8,40592.7
H02226,49.5,7.8,11,南,23.907,0.86,0,116.275581,39.73684,4,26216.0
H02227,134.8,25.8,25,南,11.651,4.95,0,116.59004,39.831592,12,46259.1
H02228,78.6,28.5,20,北,6.032,1.657,0,116.325444,39.91586,6,28687.0
H02229,140.7,16.7,23,南,3.443,2.987,1,116.535302,39.995676,22,41445.8
H02230,128.0,24.2,27,西南,10.423,4.548,1,116.165514,39.813509,1,40371.9
H02231,99.8,23.1,1,北,19.072,4.948,1,116.032071,39.798091,20,29825.4
H02232,57.4,2.9,20,西南,20.032,1.92,1,116.04618,39.866535,7,36509.1
H02233,93.6,5.1,1,南,4.892,3.516,1,116.094021,39.855059,2,51983.3
H02234,108.6,7.1,10,东南,12.398,1.493,0,116.41252,40.050969,7,47287.9
H02235,99.0,4.3,28,西,4.808,3.424,1,116.077923,39.708209,23,55673.6
H02236,80.0,3.2,16,北,18.117,4.263,1,116.545221,39.70815,14,32675.6
H02237,118.3,29.7,8,南,23.182,0.303,1,116.533766,39.969958,24,37459.5
H02238,120.0,1.5,28,北,5.82,1.065,1,116.354312,39.751697,5,50710.2
H02239,122.0,14.7,16,北,24.675,3.908,0,116.255719,39.718177,6,34308.9
H02240,90.0,19.5,2,南,6.724,0.328,0,116.288059,39.839329,7,35517.0
H02241,91.1,29.1,6,南,2.55,2.102,0,116.098302,39.814352,9,41665.1
H02242,52.1,5.2,9,南,22.608,2.23,0,116.008201,39.787194,10,26634.8
H02243,55.5,16.7,23,南,11.984,2.039,1,116.146823,40.017242,18,37440.7
H02244,75.3,22.4,23,东南,22.573,4.438,0,116.020127,39.914347,2,23921.6
H02245,131.0,26.4,16,北,11.507,0.802,0,116.51294,40.009257,8,35975.6
H02246,130.0,18.8,25,南,1.878,1.74,1,116.064491,40.004832,11,61678.8
H02247,128.1,8.1,16,东,22.291,2.5,1,116.458226,40.093107,8,51298.3
H02248,68.2,0.1,2,南,2.711,4.376,0,116.452975,39.818302,2,39293.3
H02249,151.2,28.4,27,东,24.514,2.382,1,116.424946,40.043894,18,55238.3
H02250,63.5,7.6,2,南,8.227,3.861,0,116.498528,39.825201,6,32911.5
H02251,147.0,8.6,8,西,4.628,3.03,1,116.231796,39.785762,19,51606.6
H02252,87.2,20.4,3,南,3.969,0.788,1,116.291268,39.801814,14,43981.2
H02253,54.8,27.4,13,东南,6.039,1.072,1,116.323468,39.803709,9,28916.9
H02254,150.6,25.7,20,北,14.207,3.682,1,116.406714,39.807243,24,48885.4
H02255,65.7,19.6,29,南,17.035,1.636,0,116.582838,39.936978,24,28052.7
H02256,152.7,6.0,23,南,24.221,4.019,0,116.405121,39.740816,8,37270.4
H02257,146.4,14.2,20,西南,3.836,1.249,1,116.506827,40.07075,11,87690.3
H02258,83.4,26.5,23,东南,19.33,4.881,0,116.143395,39.736545,14,25284.9
H02259,48.8,3.2,30,北,4.758,1.847,0,116.2291,39.91048,22,35290.5
H02260,63.1,18.8,22,南,11.074,1.343,0,116.485957,39.903447,22,27034.6
H02261,80.0,6.6,22,南,2.765,2.368,0,116.279043,39.85564,6,48237.7
H02262,87.7,27.3,11,东南,14.532,4.859,0,116.441828,40.004531,2,29433.4
H02263,119.8,4.3,29,北,3.104,1.341,1,116.50084,39.922227,17,67022.4
H02264,83.4,22.3,29,西,22.104,3.138,0,116.304549,39.843521,16,26732.8
H02265,100.6,16.1,23,东南,23.492,0.341,1,116.022895,39.737335,18,50887.2
H02266,92.8,5.3,5,东南,3.459,3.091,1,116.151872,39.713307,22,52213.0
H02267,124.6,20.5,24,南,10.005,0.509,1,116.156813,40.045762,1,49044.1
H02268,100.0,1.7,27,东,22.983,4.028,1,116.141413,40.069794,21,49919.1
H02269,76.6,2.5,25,东,6.699,4.107,1,116.385232,40.005294,1,37361.2
H02270,61.7,12.1,28,东,24.525,2.273,0,116.148214,40.079196,21,30328.2
H02271,105.4,24.4,25,东,2.96,2.139,1,116.505787,40.008629,24,47934.1
H02272,157.5,16.1,16,西,14.384,2.069,1,116.212407,40.026684,5,75714.9
H02273,81.4,6.2,29,南,13.855,0.202,1,116.302685,40.078424,13,48500.4
H02274,152.9,13.5,11,南,24.653,0.893,1,116.166618,39.831866,6,38929.9
H02275,59.8,2.6,23,南,2.205,2.357,0,116.159585,40.009994,23,40696.5
H02276,146.4,5.9,29,南,11.976,2.268,0,116.126406,40.078007,22,58970.2
H02277,156.5,12.9,30,南,22.226,0.324,1,116.554172,39.807016,14,62703.5
H02278,68.2,14.9,21,东南,13.33,0.948,1,116.532586,40.07724,9,31343.3
H02279,94.8,27.2,17,北,23.704,4.243,1,116.474004,39.996672,22,26978.8
H02280,60.7,29.8,1,东,8.268,2.861,1,116.443021,39.987219,2,24839.1
H02281,72.9,17.7,10,南,6.871,4.404,1,116.568379,39.734637,6,31296.8
H02282,124.4,7.2,11,南,15.642,3.921,1,116.069129,40.027308,21,54323.4
H02283,143.1,25.6,19,西,1.141,0.736,0,116.046705,39.816804,21,54476.6
H02284,49.4,13.3,21,西,3.705,1.032,0,116.069398,39.925706,3,31759.3
H02285,88.5,10.3,23,南,23.673,0.194,0,116.405702,39.851588,6,35729.2
H02286,149.5,21.6,10,南,10.666,3.753,1,116.237456,40.048219,18,54845.7
H02287,110.4,0.1,19,南,21.866,3.483,1,116.051144,39.759621,4,48576.4
H02288,109.9,11.3,23,东南,21.543,4.279,0,116.178109,39.946912,11,28655.9
H02289,122.3,12.1,17,北,2.426,3.327,1,116.198532,39.833016,24,45960.3
H02290,75.9,18.4,25,南,10.171,2.462,1,116.333711,39.79189,20,33134.0
H02291,135.1,10.3,10,南,19.29,4.652,1,116.458086,39.756057,24,35697.5
H02292,116.5,12.2,17,东,24.244,0.79,0,116.378908,39.864544,3,48761.2
H02293,153.2,26.3,2,南,23.413,4.142,1,116.175151,39.832937,5,38162.6
H02294,61.5,9.4,30,南,18.603,3.538,1,116.239488,39.983952,14,35000.5
H02295,126.9,11.7,10,北,3.606,2.375,1,116.572333,39.918911,15,42400.7
H02296,144.0,29.8,2,东,19.604,1.809,1,116.532495,39.888799,14,37607.8
H02297,110.3,0.9,18,南,5.082,1.405,1,116.455528,39.77283,3,52641.0
H02298,102.1,1.4,14,南,1.899,3.709,1,116.456225,39.908695,3,55606.2
H02299,137.0,26.1,25,北,4.143,4.798,0,116.222061,39.773758,3,37891.8
H02300,67.4,5.0,17,西南,4.043,0.733,0,116.040779,39.938775,18,54473.9
H02301,91.3,6.5,25,东,1.55,0.112,0,116.078607,40.021444,14,56466.6
H02302,103.9,18.5,30,南,20.576,1.906,1,116.49615,39.727498,3,31654.3
H02303,142.6,10.5,1,南,9.272,0.808,0,116.131012,39.830889,19,47459.9
H02304,45.2,17.7,29,南,19.604,2.729,0,116.335038,39.869614,4,22921.1
H02305,125.8,8.5,18,东,3.502,1.246,1,116.041734,40.001421,17,76647.9
H02306,140.6,20.9,19,北,8.483,0.415,0,116.379112,39.79155,17,37602.6
H02307,53.7,15.7,27,南,17.095,1.114,1,116.26445,39.729741,13,33612.9
H02308,137.7,29.1,25,北,12.921,0.639,0,116.381528,39.828714,24,36223.2
H02309,84.6,15.9,24,南,9.75,3.554,0,116.021215,39.84353,13,38117.7
H02310,100.1,26.9,13,南,19.395,2.56,1,116.03973,39.836178,2,36920.5
H02311,107.2,11.6,14,南,12.642,4.316,1,116.336028,39.82619,14,40738.9
H02312,137.4,17.3,11,东南,23.334,0.449,0,116.431811,39.967818,2,41853.3
H02313,110.4,18.2,28,北,15.284,4.19,1,116.555024,40.041826,19,40790.9
H02314,122.9,28.3,8,南,22.033,0.702,1,116.35694,40.019589,7,32369.0
H02315,156.0,17.2,28,西,17.853,3.168,0,116.131765,40.000437,13,44102.9
H02316,90.2,8.8,14,南,21.728,1.137,1,116.254012,39.895856,17,45428.9
H02317,51.8,19.4,3,南,21.126,0.681,1,116.364797,39.912731,3,24995.5
H02318,49.4,4.4,17,西,10.481,0.676,0,116.54821,39.939482,20,37448.0
H02319,70.8,2.8,4,西,14.723,0.975,0,116.182931,39.858412,24,33244.0
H02320,62.2,22.0,29,东,7.555,1.157,1,116.048418,40.021436,11,32929.9
H02321,45.5,25.2,30,东,4.241,4.221,0,116.275081,39.754798,2,26343.7
H02322,125.7,20.7,7,西,13.993,2.476,0,116.345851,39.847802,9,33279.1
H02323,47.4,17.8,9,南,20.655,3.456,1,116.400482,40.077128,20,25156.9
H02324,131.1,8.9,28,东南,2.775,1.188,0,116.589352,40.021153,2,53212.9
H02325,155.2,12.6,8,西,13.357,1.429,0,116.530316,39.871653,15,43570.6
H02326,104.2,8.8,25,东南,12.117,1.612,0,116.09976,39.838316,23,49580.2
H02327,63.0,7.2,13,北,22.259,1.848,1,116.318643,39.847083,3,26186.2
H02328,156.4,4.5,15,东南,14.257,3.763,1,116.014474,39.887991,11,59492.9
H02329,142.4,29.2,3,西南,16.805,4.557,1,116.262933,40.000632,14,39827.0
H02330,144.4,11.2,1,南,15.855,2.059,1,116.345451,39.888883,2,45991.7
H02331,122.1,18.7,6,东南,1.814,4.958,0,116.489413,39.901283,19,47254.8
H02332,103.0,0.5,20,东,22.892,1.281,0,116.598761,39.988096,10,32032.9
H02333,56.1,6.7,1,北,7.783,1.904,0,116.402513,39.737061,17,26418.2
H02334,154.2,4.0,1,南,7.224,1.335,0,116.338251,40.099748,6,66651.0
H02335,111.8,2.7,29,东,14.618,0.389,0,116.467682,39.724534,12,45224.6
H02336,87.1,23.5,28,东,21.5,3.627,1,116.228136,40.037456,15,35393.4
H02337,85.6,27.5,19,北,16.723,4.759,0,116.569636,39.998559,23,30196.3
H02338,84.6,10.2,8,南,8.51,2.675,1,116.099723,39.850813,3,44618.6
H02339,107.7,14.9,8,北,21.534,4.5,0,116.026965,39.919084,3,41052.9
H02340,77.8,25.8,2,西,17.065,4.449,1,116.4016,39.888711,2,28444.2
H02341,133.8,4.8,30,东,15.13,2.781,1,116.186967,39.852413,7,61377.3
H02342,131.9,28.8,5,西,10.959,1.24,0,116.359121,39.890697,7,35823.2
H02343,121.0,14.7,21,西,15.171,1.965,1,116.218999,39.877268,20,56518.9
H02344,98.3,21.2,14,西南,9.392,0.769,1,116.410383,39.785807,16,44972.0
H02345,142.2,17.7,12,北,6.312,4.804,1,116.037166,39.819888,3,51209.1
H02346,59.8,3.2,2,南,6.022,1.414,1,116.229837,40.066261,19,45731.9
H02347,115.0,14.6,8,北,22.797,1.13,0,116.165569,40.088295,21,41009.2
H02348,114.2,5.0,1,南,4.059,0.502,0,116.270115,39.894247,8,57042.8
H02349,113.9,21.6,17,北,8.828,0.126,0,116.341774,40.036863,12,40136.2
H02350,120.1,1.5,24,东,11.797,4.634,1,116.130088,39.942842,7,62470.4
H02351,89.2,1.7,18,西,11.092,3.09,0,116.191465,39.714378,14,39959.6
H02352,46.6,10.1,5,西,7.106,1.888,1,116.312681,40.090463,6,27985.3
H02353,47.4,19.6,3,东南,19.987,4.996,0,116.556945,39.865644,6,22966.3
H02354,156.1,20.1,27,北,10.948,4.433,1,116.547349,39.746458,24,40088.8
H02355,50.6,15.6,17,西,12.208,2.818,1,116.454788,39.733088,17,29933.2
H02356,87.3,24.5,14,南,7.431,0.415,0,116.075047,40.031531,16,46926.9
H02357,85.9,9.7,16,北,7.333,1.081,0,116.474218,39.948957,18,38331.0
H02358,121.3,4.8,16,东,15.738,2.287,0,116.234108,39.812856,15,37545.3
H02359,144.7,2.8,9,南,21.406,2.973,1,116.074226,39.998526,7,50696.6
H02360,45.5,2.2,26,南,8.473,0.2,1,116.103609,39.772646,10,40828.8
H02361,106.1,16.7,18,南,18.937,4.085,0,116.40335,39.966532,21,37785.8
H02362,76.4,26.1,27,北,18.07,4.238,1,116.116655,40.087126,6,29604.8
H02363,82.3,21.6,14,南,16.634,0.875,1,116.320246,39.789274,21,28516.2
H02364,153.8,0.8,2,东南,15.19,1.915,1,116.101517,39.816645,20,70137.9
H02365,53.0,16.3,25,西,23.722,0.381,1,116.150998,40.000754,11,31226.4
H02366,96.4,6.0,23,东,16.267,4.778,0,116.514656,40.033961,12,38062.0
H02367,146.4,4.5,2,东,15.564,4.251,1,116.006508,39.764253,10,40082.0
H02368,63.9,23.6,30,南,10.28,3.467,0,116.429039,39.825684,7,26535.7
H02369,95.0,14.5,5,北,24.753,3.841,1,116.179571,39.868513,16,31459.1
H02370,105.7,5.2,8,南,6.237,1.48,0,116.25985,39.776102,22,49528.7
H02371,68.9,1.6,25,西,19.184,2.602,0,116.337738,40.069262,8,31587.0
H02372,60.2,7.3,30,北,18.635,4.055,1,116.240349,39.821668,13,32585.1
H02373,74.1,26.6,12,北,4.063,0.903,0,116.376185,39.780424,5,29183.6
H02374,74.5,27.6,12,北,8.773,1.389,0,116.115825,39.719508,5,28797.8
H02375,151.6,1.9,8,北,9.954,1.174,0,116.424062,39.966073,23,69204.4
H02376,77.7,8.5,7,南,18.391,4.983,0,116.098143,39.868485,22,37817.5
H02377,147.6,16.3,11,西,21.308,4.97,1,116.117956,40.01106,16,39310.2
H02378,81.1,25.6,26,南,9.291,4.372,1,116.347797,39.902035,9,31759.6
H02379,95.1,8.8,18,北,13.917,2.149,0,116.572402,39.765876,22,28313.4
H02380,48.2,13.5,12,南,8.301,1.781,1,116.44018,39.751637,21,29640.1
H02381,147.5,18.6,8,东南,19.809,0.437,1,116.271943,40.098777,8,51523.5
H02382,103.9,12.4,29,南,7.154,2.167,0,116.342108,39.792957,5,44105.4
H02383,90.8,22.1,10,西南,8.197,3.946,0,116.550873,40.045159,3,33586.1
H02384,91.5,29.8,12,东南,13.332,0.374,0,116.529968,40.038997,10,25574.6
H02385,159.9,19.4,8,南,24.628,2.072,0,116.329493,39.843344,9,41533.6
H02386,108.7,19.2,29,东,1.37,3.513,1,116.322051,39.905736,13,44003.7
H02387,59.9,1.1,2,南,11.457,2.851,0,116.420244,40.043155,8,36087.6
H02388,111.5,18.6,6,南,13.413,4.337,0,116.434977,39.997464,23,28067.2
H02389,63.6,8.8,19,南,1.215,1.099,0,116.39707,39.740805,19,37466.2
H02390,88.0,9.9,21,南,17.451,2.75,1,116.199887,39.89008,22,46726.4
H02391,109.9,5.0,5,南,3.642,1.473,0,116.561681,39.929737,9,48091.2
H02392,148.9,9.5,30,北,9.81,0.382,0,116.015408,39.92068,7,68011.7
H02393,114.7,11.2,2,西,1.229,0.537,1,116.594097,39.836124,20,42460.3
H02394,107.8,13.8,10,北,1.058,2.396,1,116.071623,39.747142,11,43814.8
H02395,59.1,18.4,20,东,14.662,0.235,1,116.477021,39.858021,14,32770.4
H02396,71.0,6.7,30,南,2.463,0.691,1,116.075599,39.797088,24,50957.7
H02397,125.9,24.5,19,南,5.411,2.881,1,116.517693,39.844339,21,30908.8
H02398,112.5,5.3,18,南,3.16,3.425,0,116.191077,39.832312,22,58159.0
H02399,120.9,24.9,24,东,3.759,3.994,0,116.435516,39.702145,10,43651.4
H02400,93.2,8.4,22,东,15.385,2.991,0,116.325357,40.019108,4,42493.0
H02401,142.8,13.8,9,南,24.126,4.773,0,116.409834,39.821062,16,39813.0
H02402,61.8,16.8,18,北,24.495,0.478,0,116.59654,39.932757,21,19876.0
H02403,86.5,3.7,25,南,8.276,0.918,0,116.456371,39.877039,7,38745.9
H02404,92.6,12.2,10,西,12.032,3.903,0,116.46295,39.907822,20,33649.2
H02405,143.4,12.4,18,北,10.026,3.649,0,116.321785,39.974955,17,60518.0
H02406,115.8,15.1,9,南,1.76,0.187,1,116.180566,39.854627,22,54252.6
H02407,125.2,8.6,5,北,18.617,4.593,0,116.40267,40.036303,15,42668.5
H02408,54.1,29.0,27,南,1.135,2.355,0,116.44024,39.739158,16,26784.9
H02409,132.2,6.8,3,北,10.668,1.098,1,116.376218,40.084473,14,52033.4
H02410,80.3,7.7,20,南,10.909,3.959,1,116.327685,39.787704,6,40174.4
H02411,150.2,22.3,8,北,5.266,3.995,1,116.445754,39.862806,19,51622.2
H02412,145.9,5.4,3,南,10.89,3.272,0,116.016588,40.005777,21,77331.2
H02413,113.4,23.5,24,东,4.958,2.835,1,116.524867,40.074797,22,35019.5
H02414,53.9,21.4,9,东,20.134,4.087,1,116.206166,39.990528,2,27982.8
H02415,67.1,18.8,25,东,16.166,3.251,0,116.074765,39.886471,7,26405.2
H02416,64.3,12.0,27,北,12.607,0.902,0,116.235392,39.721947,22,32773.3
H02417,110.5,9.5,21,北,2.47,2.468,1,116.134308,39.897825,22,38192.4
H02418,65.3,28.4,8,南,4.134,1.356,1,116.465771,40.03429,17,31662.4
H02419,127.8,3.4,30,南,23.332,1.453,0,116.176489,39.9843,8,43525.9
H02420,124.7,5.2,29,北,19.365,3.615,1,116.308657,40.072116,3,40719.1
H02421,78.9,20.2,9,北,9.815,1.532,1,116.319514,40.07145,21,33732.1
H02422,57.7,11.0,27,南,6.564,2.155,0,116.459641,39.99275,13,32640.8
H02423,122.9,28.8,9,南,18.918,4.657,0,116.404421,39.918859,24,30112.9
H02424,108.4,26.8,2,南,23.866,0.901,1,116.429233,39.806796,9,37905.5
H02425,120.0,27.4,9,南,11.495,4.16,0,116.553391,39.735124,7,33193.1
H02426,50.6,9.7,20,东南,4.284,4.698,0,116.553029,40.006685,7,33030.2
H02427,52.6,4.6,1,东南,23.422,3.397,0,116.242685,39.81503,12,24050.7
H02428,117.5,8.1,20,西,18.382,3.88,0,116.173335,39.820595,22,34691.3
H02429,129.7,4.6,25,南,3.937,4.751,0,116.492411,39.823815,23,47041.1
H02430,45.7,6.1,20,南,17.603,2.628,0,116.366423,39.735535,15,25034.4
H02431,103.8,21.7,27,北,16.656,3.279,1,116.426597,39.717334,6,31473.6
H02432,61.0,5.8,4,北,24.694,2.872,1,116.163337,40.098356,17,29322.5
H02433,48.3,27.5,13,东,24.9,0.248,0,116.148494,39.859192,24,21011.9
H02434,122.1,12.7,19,北,10.743,0.857,0,116.25626,40.094532,13,64071.6
H02435,92.0,3.1,19,南,20.105,0.5,1,116.491891,39.954444,7,45111.0
H02436,159.0,16.3,26,南,24.278,4.506,1,116.368979,39.812279,14,48327.0
H02437,88.6,5.2,17,南,6.631,4.805,0,116.278066,39.820216,14,38023.6
H02438,112.3,9.4,8,南,23.913,1.732,1,116.187796,39.869272,13,35906.7
H02439,69.0,29.9,18,西南,12.276,2.008,1,116.465677,39.763306,5,24317.7
H02440,94.9,19.7,26,北,10.025,2.312,0,116.540418,39.862956,12,33901.3
H02441,51.9,26.6,21,东,14.641,3.319,1,116.413076,39.786226,23,24389.2
H02442,79.2,29.0,17,南,22.844,3.731,1,116.258019,39.992808,9,28130.8
H02443,124.0,26.3,16,东南,15.479,1.386,0,116.14407,39.834663,18,36592.0
H02444,133.9,15.5,16,南,19.674,0.664,1,116.360801,40.023129,22,42820.9
H02445,69.7,4.1,14,南,10.18,4.707,0,116.329718,40.056979,3,40926.3
H02446,120.1,26.0,4,东,7.919,2.509,1,116.396261,39.723101,1,36635.2
H02447,117.7,15.0,9,西,12.387,4.947,1,116.578288,39.899956,20,37882.5
H02448,106.2,24.4,29,南,1.325,4.586,1,116.55065,39.705682,21,41221.5
H02449,148.5,1.4,28,东,24.918,0.148,0,116.335039,40.040824,6,43188.5
H02450,77.6,5.5,14,北,3.931,2.267,0,116.179042,39.94439,22,47403.7
H02451,151.5,22.2,4,北,15.104,3.124,1,116.13149,39.977592,21,44941.8
H02452,82.1,21.1,22,南,5.373,1.626,1,116.202743,39.800394,2,40364.7
H02453,74.8,12.0,16,东,24.167,3.985,1,116.280739,39.842224,3,30571.1
H02454,98.6,3.3,16,西,20.047,4.24,0,116.512166,39.886538,12,29534.6
H02455,57.8,20.8,8,西南,3.748,3.355,1,116.351819,39.946965,5,36490.7
H02456,60.9,21.0,6,北,16.4,4.408,0,116.466247,39.8762,13,20969.8
H02457,54.6,25.1,30,西南,8.171,1.559,0,116.28588,39.879721,10,28357.3
H02458,102.1,9.4,17,南,19.569,3.213,0,116.318612,39.953638,7,31489.5
H02459,156.0,4.1,10,东南,21.937,4.038,0,116.10775,39.718334,9,41768.2
H02460,86.5,25.7,27,南,1.361,4.749,1,116.277579,39.902979,6,36265.7
H02461,118.2,14.1,1,南,8.32,1.619,1,116.176724,39.998483,2,61518.9
H02462,97.9,17.4,6,东,20.937,3.274,0,116.175214,39.929629,2,35614.7
H02463,110.7,27.9,21,东,19.292,0.787,0,116.167385,39.882182,20,34455.8
H02464,92.4,25.3,10,南,9.223,2.215,0,116.5055,40.077297,2,34619.4
H02465,135.9,12.5,19,南,14.723,3.949,0,116.19443,39.961076,22,47291.4
H02466,105.4,20.9,24,南,8.149,3.839,1,116.083852,39.981953,22,42005.2
H02467,148.4,19.9,8,东,2.837,2.474,1,116.467991,39.943041,10,69506.7
H02468,124.2,21.6,18,南,8.018,1.639,0,116.597462,39.96216,19,26659.5
H02469,113.1,13.0,16,西,7.151,3.279,1,116.061753,39.782616,6,57897.1
H02470,142.8,2.3,15,南,18.797,4.305,1,116.505576,39.730401,23,57553.0
H02471,94.6,14.2,17,南,13.921,0.306,0,116.492299,39.797032,16,28312.1
H02472,88.8,4.6,26,北,5.667,2.146,0,116.467586,40.008749,11,41744.7
H02473,75.0,2.7,20,南,1.892,1.566,1,116.475861,40.019672,23,41842.1
H02474,150.3,15.2,18,东,16.374,2.0,0,116.009254,39.861081,14,62746.6
H02475,94.1,4.7,21,南,8.185,0.9,0,116.516881,39.838392,17,51911.0
H02476,144.3,16.8,17,南,20.888,0.773,0,116.148298,39.713278,5,45956.3
H02477,117.4,22.7,28,南,22.876,3.58,1,116.365116,40.097547,19,31578.2
H02478,77.7,9.8,13,北,16.674,1.953,0,116.103739,39.802907,17,36235.0
H02479,110.4,18.4,28,南,20.747,1.407,0,116.080831,40.097967,14,45997.7
H02480,91.2,19.0,24,东南,3.454,3.462,1,116.344453,39.905996,5,38307.4
H02481,77.3,16.5,25,北,10.638,0.661,1,116.095769,39.884711,11,35304.3
H02482,98.7,12.2,24,南,5.303,3.529,1,116.095146,39.895129,6,41528.4
H02483,124.2,12.8,15,北,2.809,3.624,0,116.164198,39.883116,12,48755.6
H02484,157.0,3.3,8,北,16.269,3.658,1,116.596025,39.993194,11,47876.9
H02485,76.1,29.3,3,北,18.069,2.894,1,116.05515,39.907538,2,28174.5
H02486,157.3,14.7,20,南,10.68,2.489,0,116.289166,40.044685,1,33857.9
H02487,105.5,14.3,5,东,23.891,1.656,1,116.034317,39.890363,5,41962.8
H02488,97.9,21.3,7,东,17.245,2.793,0,116.41515,39.882479,12,30797.2
H02489,45.2,6.2,20,东南,4.869,3.868,0,116.360075,39.789271,21,36435.2
H02490,107.8,16.9,10,南,19.842,4.765,1,116.204065,40.081129,23,33781.4
H02491,120.2,17.0,17,西,21.567,0.392,1,116.357164,39.945057,17,33305.7
H02492,128.0,22.3,6,南,4.598,0.631,0,116.302681,39.806663,20,44472.8
H02493,84.1,15.4,25,南,5.727,1.939,0,116.388166,39.92368,11,37416.9
H02494,116.7,11.4,13,南,8.287,4.408,0,116.489619,39.707191,20,32685.1
H02495,126.2,21.5,9,西南,9.788,4.273,1,116.11513,39.76468,6,39653.7
H02496,78.4,23.8,22,东,10.26,0.968,1,116.521213,39.946795,23,25891.9
H02497,63.2,2.7,27,南,6.006,2.198,1,116.030375,39.9563,8,49132.2
H02498,101.9,9.0,22,西南,7.667,0.372,1,116.4035,39.86247,18,42026.6
H02499,76.0,19.7,5,西,17.213,1.223,1,116.128039,39.80536,10,32937.8
H02500,70.5,23.9,22,北,5.448,1.156,0,116.518221,40.009743,6,28641.3
H02501,91.3,9.1,29,东,8.346,1.049,1,116.153042,39.881713,1,45005.5
H02502,74.7,3.5,13,南,19.512,1.424,1,116.02569,39.802379,20,45966.8
H02503,149.6,4.2,12,南,1.852,2.042,1,116.571195,40.005839,9,52367.2
H02504,122.0,3.9,20,东,17.042,4.396,0,116.449642,39.761169,16,41914.3
H02505,82.6,18.9,18,南,20.732,4.513,1,116.448994,40.031496,1,26664.6
H02506,84.9,22.9,8,东,17.409,3.174,1,116.190123,39.742214,2,31706.5
H02507,96.0,14.6,27,南,5.108,1.198,1,116.333403,39.976218,24,42530.9
H02508,124.6,25.9,15,东,7.645,1.908,0,116.491466,39.740306,23,36229.2
H02509,67.2,13.6,5,南,15.134,2.13,1,116.393492,39.971819,17,32223.8
H02510,67.3,1.2,7,西南,2.612,1.261,1,116.10751,39.93268,24,56036.3
H02511,134.3,0.1,5,东,9.153,1.386,0,116.521587,39.990266,11,45228.7
H02512,71.7,14.8,22,南,16.226,2.768,1,116.571686,40.059078,11,29226.2
H02513,58.1,4.7,13,西,18.729,3.892,1,116.539573,39.908147,20,26201.0
H02514,55.4,7.2,11,南,4.355,1.778,1,116.016246,39.776473,22,37634.1
H02515,77.7,10.5,29,东,6.301,2.784,1,116.186871,40.083369,7,47313.8
H02516,151.7,7.5,11,北,2.347,3.858,1,116.130665,39.795087,24,50999.7
H02517,112.6,24.6,4,北,16.306,2.922,1,116.059291,39.92107,3,30433.0
H02518,77.1,27.1,19,南,11.889,1.119,1,116.574871,39.875096,9,31036.5
H02519,74.5,3.4,20,南,12.957,3.327,1,116.204595,40.01509,15,46092.2
H02520,77.9,0.1,23,北,5.217,1.764,1,116.08148,40.052306,13,58597.0
H02521,155.6,13.8,27,北,16.237,4.315,1,116.483186,39.779152,20,43391.1
H02522,87.3,2.1,23,北,11.59,2.534,1,116.422945,39.723654,5,37956.5
H02523,79.3,13.3,11,南,6.408,4.691,1,116.402776,39.972465,1,37251.7
H02524,122.0,27.4,30,南,9.164,4.38,0,116.062831,40.02137,6,44986.1
H02525,54.6,27.7,24,南,11.23,1.984,1,116.309573,39.760958,11,24488.6
H02526,154.9,3.3,21,北,2.916,3.453,0,116.275705,39.723788,14,65026.3
H02527,158.5,29.3,20,南,13.605,3.069,0,116.23811,39.809022,4,49487.2
H02528,158.0,17.2,16,南,20.33,1.057,0,116.448897,39.828046,9,48823.2
H02529,126.7,29.8,2,南,17.818,3.12,1,116.486995,39.726337,1,31685.8
H02530,54.0,3.9,15,南,12.747,2.065,0,116.356437,39.948443,11,31549.0
H02531,82.0,1.5,8,东,15.491,2.561,0,116.210359,39.90791,19,32063.8
H02532,48.8,7.2,22,南,17.362,3.822,0,116.012353,39.794647,21,30431.7
H02533,121.8,28.7,17,南,2.762,2.61,0,116.471924,39.916357,13,41203.0
H02534,137.3,29.2,1,西,20.867,0.834,0,116.194667,40.079049,1,43196.8
H02535,78.2,13.2,19,南,17.25,0.578,1,116.227155,40.072541,24,40638.7
H02536,151.1,10.6,3,北,16.316,4.955,1,116.47074,39.885344,12,55666.5
H02537,151.2,3.2,4,南,1.724,1.793,0,116.024561,39.978821,12,61967.9
H02538,103.2,10.9,20,南,16.07,2.319,0,116.476832,39.808631,7,32926.9
H02539,159.5,17.7,22,北,24.968,3.973,1,116.488454,39.763876,1,30970.5
H02540,130.1,4.3,19,南,17.303,4.527,0,116.513211,40.005784,24,62304.8
H02541,55.7,12.5,16,北,2.396,4.458,1,116.51578,39.818883,15,35228.9
H02542,116.2,20.8,27,南,3.033,1.007,0,116.191178,39.804375,15,44786.1
H02543,140.3,20.8,3,东,23.71,2.569,0,116.425887,39.701828,20,32215.9
H02544,141.9,20.1,4,东,5.854,3.823,1,116.13925,39.960242,9,48520.1
H02545,70.0,14.8,27,南,15.276,2.389,1,116.225618,39.950302,4,36275.9
H02546,126.5,8.5,26,西,5.701,1.454,0,116.074184,39.879967,7,49643.4
H02547,91.0,21.6,18,东,4.631,2.251,1,116.190866,39.705613,16,50974.6
H02548,51.2,26.9,3,西,14.968,1.861,1,116.014259,39.751781,19,26334.3
H02549,157.8,11.6,26,东,17.054,2.239,0,116.275608,39.813892,5,46116.8
H02550,45.0,7.9,13,南,6.488,4.835,0,116.267509,39.981128,15,36993.1
H02551,66.3,3.4,16,南,12.801,1.476,0,116.355968,39.818615,2,36698.1
H02552,156.6,13.2,3,东,17.992,1.721,0,116.510074,39.778506,5,39093.9
H02553,136.0,27.7,20,北,18.335,2.863,0,116.012779,39.890997,16,47619.4
H02554,82.3,10.1,14,东,24.546,2.537,0,116.030229,39.778727,10,32268.9
H02555,107.1,17.4,20,南,14.538,1.924,1,116.033114,39.868488,23,51626.8
H02556,113.0,12.7,16,南,12.305,4.07,1,116.494519,39.787862,7,27096.2
H02557,72.4,12.9,26,南,11.443,1.817,1,116.051578,40.092918,3,38722.4
H02558,57.2,29.0,21,南,13.585,3.295,0,116.187625,39.793378,8,25940.4
H02559,77.6,12.0,15,南,1.817,3.604,0,116.527233,39.95061,8,36269.6
H02560,130.4,29.0,21,南,11.793,2.338,1,116.424186,39.7392,17,41828.4
H02561,79.3,16.1,16,南,12.725,3.18,0,116.466187,39.716691,9,26858.1
H02562,139.2,23.6,6,东,4.269,0.501,0,116.596408,39.857133,3,51287.2
H02563,80.5,5.9,7,南,1.86,3.595,1,116.148985,39.773514,4,44217.3
H02564,75.0,19.3,27,西,6.598,2.276,1,116.333254,40.083187,23,41167.4
H02565,133.2,14.5,11,南,1.066,4.957,0,116.503683,39.823865,12,48909.3
H02566,121.6,10.2,24,东南,8.464,3.371,1,116.571332,40.046096,1,49126.8
H02567,48.8,0.9,4,西,14.474,1.157,1,116.419168,40.051365,21,36784.6
H02568,132.3,12.7,14,南,24.837,4.907,0,116.192143,40.097474,14,44193.2
H02569,115.6,25.1,28,南,3.261,3.084,1,116.291847,39.99919,3,34999.7
H02570,81.3,19.8,14,南,23.824,4.462,0,116.088622,40.031173,22,32409.4
H02571,72.6,6.1,12,西南,12.765,0.506,1,116.415138,40.037415,23,48130.4
H02572,89.6,29.0,9,西,1.598,2.89,1,116.063612,39.910463,14,39478.6
H02573,49.3,7.4,30,南,15.025,4.651,1,116.419668,39.796959,4,26540.8
H02574,81.8,28.4,24,西,20.129,0.27,1,116.128109,39.701479,5,28885.9
H02575,153.2,16.4,15,南,23.329,3.337,1,116.378362,40.088835,13,33395.8
H02576,151.2,23.2,18,南,5.28,4.534,0,116.132562,39.904552,16,48380.0
H02577,135.8,23.7,2,东,19.397,1.61,0,116.397413,39.942857,7,25317.5
H02578,105.9,19.1,27,南,5.982,4.275,0,116.247673,39.864193,16,36197.2
H02579,93.6,20.8,8,北,17.812,3.812,1,116.205471,39.957361,7,34884.0
H02580,137.8,15.7,13,南,6.878,2.047,1,116.328154,40.042413,18,70830.8
H02581,57.8,20.6,16,南,7.535,1.992,0,116.519638,39.992448,18,24529.8
H02582,79.4,16.2,11,东南,1.039,3.665,1,116.017366,39.886994,20,42863.1
H02583,65.1,6.9,13,西,7.751,4.431,1,116.190229,39.757097,10,32613.4
H02584,56.4,9.0,12,北,14.24,1.583,0,116.243405,40.029865,11,31480.8
H02585,74.5,6.1,20,东南,20.23,4.36,0,116.133636,39.906504,23,35114.8
H02586,134.6,9.7,2,南,16.39,3.247,0,116.107896,39.739173,4,40925.8
H02587,145.1,1.5,18,南,6.714,4.231,0,116.31925,39.988572,13,45015.2
H02588,118.7,22.9,6,北,2.683,1.442,0,116.198184,39.818829,4,46777.3
H02589,115.6,16.0,30,南,22.008,4.004,0,116.148025,40.023638,23,40413.4
H02590,158.3,15.0,8,北,17.193,0.855,0,116.33759,39.740747,1,48522.7
H02591,88.8,17.2,30,北,3.299,2.142,0,116.023627,39.818159,21,31394.8
H02592,130.1,29.1,6,北,17.235,4.72,0,116.16253,39.960875,21,31620.7
H02593,83.7,27.0,18,东,8.358,2.914,1,116.35804,40.033698,15,31391.1
H02594,77.0,2.3,6,东,13.413,0.82,1,116.412426,39.775812,5,42961.1
H02595,51.9,19.1,21,西,10.29,0.207,0,116.031662,39.779146,12,32392.5
H02596,143.2,2.6,9,南,17.72,3.279,0,116.046564,40.086944,8,76753.1
H02597,152.6,4.8,22,东南,13.681,3.377,1,116.555253,39.970476,13,54427.4
H02598,91.8,1.3,21,西,7.645,3.52,1,116.463213,39.760872,13,43590.7
H02599,94.3,7.6,22,东,6.694,4.527,0,116.306794,39.749186,7,42503.2
H02600,80.8,21.8,9,北,10.786,3.198,0,116.522745,39.852651,5,26827.3
H02601,111.7,3.5,14,东,21.118,1.26,1,116.198669,40.073759,18,48011.6
H02602,145.9,19.0,3,南,12.667,4.269,0,116.071963,39.817499,24,52458.4
H02603,60.2,2.0,18,北,22.355,2.575,0,116.578842,39.956716,14,25967.9
H02604,89.1,12.8,30,南,5.877,1.473,0,116.13739,39.919112,7,48521.5
H02605,46.8,3.5,2,南,9.19,0.791,0,116.367013,39.874494,23,33644.5
H02606,150.6,6.9,28,北,1.579,3.428,0,116.304293,40.053182,11,80683.2
H02607,131.2,12.4,9,北,6.246,3.858,0,116.139458,39.84705,24,66756.2
H02608,93.9,1.2,9,南,7.536,1.009,0,116.213166,39.811218,19,62181.5
H02609,143.1,12.3,9,北,10.625,3.8,0,116.381994,40.01734,24,47687.5
H02610,77.6,17.1,19,南,7.365,4.593,0,116.49896,39.836125,22,26950.8
H02611,135.4,0.6,9,东,3.811,2.388,1,116.278733,39.821432,4,65105.0
H02612,94.8,12.8,1,南,24.514,4.317,1,116.493713,39.714479,2,30142.3
H02613,97.0,11.0,28,南,9.899,0.455,1,116.145953,39.714503,24,51245.0
H02614,61.9,7.3,19,西,7.405,1.524,1,116.252264,39.796028,16,41883.6
H02615,150.5,25.0,27,北,7.818,2.305,1,116.35555,39.966942,22,60286.9
H02616,136.5,14.3,1,南,12.153,2.246,0,116.174342,39.914659,10,49649.0
H02617,88.0,17.9,4,西南,19.155,1.85,0,116.407191,39.730335,12,28635.6
H02618,76.8,14.8,18,南,5.214,1.46,1,116.505569,39.70312,23,42125.8
H02619,49.9,6.4,6,东南,18.13,0.898,0,116.53154,40.04678,24,26220.4
H02620,150.9,10.1,12,南,22.909,2.038,1,116.548024,39.752846,22,41010.4
H02621,98.2,6.9,7,西,10.848,1.645,0,116.223371,40.026917,1,42003.8
H02622,136.2,14.7,26,西南,21.612,4.504,1,116.109575,39.888167,24,33136.2
H02623,116.6,20.5,24,南,10.535,0.478,1,116.155174,39.983399,23,51203.2
H02624,74.0,17.5,19,南,14.304,2.337,1,116.237734,40.091407,2,31420.2
H02625,140.8,12.5,2,西南,17.187,2.1,0,116.150514,39.828186,8,45510.2
H02626,155.6,13.8,6,东南,24.754,0.229,0,116.187971,39.745815,20,48065.4
H02627,59.1,24.7,4,西南,8.74,4.732,0,116.202435,40.07191,10,31158.6
H02628,140.8,17.9,6,北,23.844,4.842,1,116.05992,40.077143,9,38806.9
H02629,111.2,8.6,29,南,9.989,3.95,1,116.425306,40.045516,19,36088.1
H02630,112.5,5.3,24,南,23.012,4.267,1,116.570228,39.928321,4,34511.2
H02631,152.9,21.3,3,南,5.543,1.401,1,116.082596,39.741012,3,78696.8
H02632,99.8,14.9,27,北,5.105,0.328,1,116.426823,39.955665,10,42410.9
H02633,106.6,16.6,29,东南,1.906,2.083,1,116.559917,40.094409,10,48416.2
H02634,141.6,3.3,16,南,3.214,3.984,0,116.308297,40.024157,10,62904.0
H02635,98.3,18.9,10,南,7.914,4.995,1,116.284702,40.03225,19,33260.0
H02636,119.6,9.6,8,南,23.202,1.796,0,116.543818,40.014706,2,37846.3
H02637,128.1,9.5,10,东,2.557,2.727,1,116.024908,39.723399,22,50283.9
H02638,73.6,19.0,1,北,14.458,3.314,1,116.28903,40.053031,7,28936.1
H02639,73.6,13.5,23,南,24.285,2.564,1,116.227291,39.846921,17,31240.3
H02640,53.1,6.6,20,北,13.227,3.659,0,116.257616,39.892094,9,28050.7
H02641,104.4,15.2,20,西南,2.979,3.943,0,116.223066,39.72049,13,46657.7
H02642,57.3,18.6,3,西,9.91,1.786,0,116.028034,40.011996,6,31615.4
H02643,107.4,25.6,10,南,17.647,3.197,0,116.550214,39.862344,17,34398.9
H02644,52.1,4.4,27,南,2.244,0.13,0,116.34442,39.860477,1,36866.3
H02645,130.3,9.2,4,东南,21.491,0.93,1,116.237241,40.055024,12,48380.5
H02646,140.8,12.4,4,东南,22.322,1.953,1,116.328602,40.085283,6,68464.8
H02647,91.9,9.0,14,西,3.116,2.523,0,116.548763,39.9761,24,38433.2
H02648,144.1,27.8,7,西,5.44,4.911,0,116.132697,40.074549,8,42290.3
H02649,122.5,0.7,16,南,6.241,2.547,0,116.134417,39.990006,17,63174.4
H02650,98.6,2.9,5,西,10.045,4.344,0,116.389101,39.721489,24,46884.3
H02651,139.8,10.6,5,东南,6.31,0.468,0,116.087517,39.826358,19,66663.9
H02652,121.1,24.1,26,西,3.571,2.885,0,116.163169,39.861298,10,50676.8
H02653,115.0,13.9,12,西,16.33,3.302,1,116.538204,39.751445,1,30929.4
H02654,46.8,0.0,14,南,16.317,2.497,1,116.410628,39.951274,23,32842.0
H02655,62.4,5.4,21,北,17.97,4.108,0,116.170271,39.924554,16,34026.8
H02656,47.3,2.4,3,北,15.332,3.482,0,116.521052,39.929707,3,28610.3
H02657,102.4,29.1,6,南,22.546,4.831,1,116.541639,39.824042,24,25889.1
H02658,132.3,20.2,17,南,21.716,3.826,0,116.041484,40.023663,19,41012.8
H02659,99.8,29.7,3,东南,14.467,0.184,0,116.078797,39.921162,14,39844.3
H02660,58.2,13.1,11,南,12.024,3.913,1,116.261987,39.847464,18,35364.8
H02661,86.4,14.3,8,南,12.735,2.085,1,116.096782,39.93641,14,37124.5
H02662,128.9,7.8,26,北,9.627,1.429,1,116.450799,39.814833,17,44127.5
H02663,158.9,15.5,5,西南,20.529,0.5,1,116.049319,39.843435,21,62718.3
H02664,156.3,28.7,30,东,15.144,3.518,0,116.511658,40.062652,1,33343.1
H02665,99.5,18.1,15,南,6.527,2.992,1,116.335583,40.098442,6,42875.9
H02666,64.1,8.1,1,南,20.729,1.213,0,116.073518,39.986618,24,29957.0
H02667,142.5,15.1,26,东南,4.59,1.918,0,116.059035,39.890433,19,61745.6
H02668,84.6,12.6,13,东南,22.348,1.18,0,116.561152,40.092539,5,28474.5
H02669,86.8,21.3,19,东南,17.554,3.151,0,116.383351,39.899671,2,29747.5
H02670,150.2,27.8,5,西南,7.342,2.897,0,116.533326,39.864493,8,51084.7
H02671,144.5,26.2,1,东,6.475,3.681,1,116.57737,40.030363,19,47034.5
H02672,86.0,10.4,21,南,15.074,4.279,1,116.398563,40.052129,21,39467.4
H02673,66.3,7.1,16,东南,11.877,4.782,1,116.131827,40.04353,16,39019.0
H02674,90.4,5.8,26,南,22.962,0.867,0,116.267776,40.048377,14,32143.9
H02675,117.1,23.8,4,东,17.253,1.61,1,116.491193,40.079438,12,51762.1
H02676,98.3,25.9,26,东,2.651,4.624,0,116.226619,39.825271,14,30989.5
H02677,49.0,29.7,21,东,23.357,0.297,1,116.077389,40.080537,3,22847.4
H02678,111.1,4.7,7,南,22.418,3.424,0,116.319243,40.005202,12,42296.4
H02679,80.0,11.1,9,东,22.377,0.869,1,116.549994,40.070232,8,32721.0
H02680,132.7,11.0,4,南,9.366,1.171,0,116.105358,40.090987,13,55344.2
H02681,99.0,21.6,5,西,9.111,2.238,1,116.002077,39.877998,18,58334.0
H02682,92.3,28.3,15,西南,19.53,4.51,1,116.310175,39.700622,22,22705.5
H02683,45.3,5.5,28,东,12.445,4.272,0,116.251111,39.935536,3,30588.6
H02684,47.8,26.4,21,西,22.097,3.432,0,116.207469,39.773471,5,22075.4
H02685,90.2,18.6,12,南,5.61,4.533,0,116.469901,40.03647,24,33895.2
H02686,72.8,26.7,24,东,17.559,0.162,1,116.409725,39.926399,13,24348.6
H02687,82.7,16.3,4,南,5.746,4.791,0,116.317103,39.806001,17,39689.1
H02688,104.1,12.8,21,北,23.039,3.059,1,116.566894,39.867026,7,28845.1
H02689,77.8,20.5,9,南,13.831,4.376,0,116.465941,40.026211,24,39198.1
H02690,154.3,25.2,10,西,14.202,1.374,1,116.416401,39.958615,5,35242.8
H02691,150.6,9.2,2,西,16.933,2.395,1,116.19022,39.713001,2,35411.9
H02692,79.5,16.9,10,北,5.318,0.774,0,116.435967,40.033669,23,34211.5
H02693,73.0,1.4,17,南,6.245,2.208,1,116.195846,39.873517,7,47461.2
H02694,49.4,4.7,28,东,5.088,3.881,1,116.030576,39.961488,21,39853.0
H02695,117.1,10.9,8,东,17.663,3.082,0,116.481313,39.856694,5,34509.8
H02696,142.9,6.4,6,南,21.362,3.581,1,116.072611,39.801737,14,62407.4
H02697,99.1,21.4,30,南,12.676,4.016,0,116.30007,40.049786,10,33367.8
H02698,62.1,6.6,25,南,21.005,4.564,1,116.007135,40.092191,1,33444.9
H02699,78.4,5.5,26,北,5.455,1.209,0,116.274346,40.089642,10,43265.8
H02700,48.7,5.1,2,南,10.492,3.944,0,116.43601,40.024235,19,32108.8
H02701,147.3,21.9,25,北,6.018,1.062,0,116.424168,39.998579,20,53679.9
H02702,148.2,22.9,23,北,2.627,4.987,0,116.289935,39.734201,19,43540.6
H02703,57.1,3.1,18,东,3.444,4.947,0,116.003672,39.917501,18,42715.8
H02704,49.4,14.6,8,南,5.26,0.101,0,116.406387,39.807901,16,28385.7
H02705,64.2,25.3,10,东南,22.432,4.769,1,116.563797,40.018641,3,24127.4
H02706,63.5,1.4,8,南,10.313,2.633,1,116.456622,39.70496,17,32769.5
H02707,46.7,21.2,6,南,21.28,4.666,0,116.190073,39.882824,17,22740.5
H02708,69.0,27.4,4,东,4.5,3.765,1,116.350757,39.896952,11,29809.4
H02709,95.6,14.5,16,北,1.478,3.935,0,116.269604,39.738185,16,45010.0
H02710,150.9,9.5,7,西,12.142,4.286,1,116.166597,39.95857,16,55315.5
H02711,156.0,6.7,12,南,14.19,0.601,1,116.196188,39.794811,16,63620.2
H02712,153.3,17.6,5,南,15.891,4.093,0,116.245185,39.854097,22,49112.8
H02713,77.2,27.1,4,北,3.109,1.909,1,116.544575,39.976867,1,30178.7
H02714,148.6,24.1,9,南,20.445,4.479,1,116.478595,39.847326,15,33901.7
H02715,154.9,28.0,19,西,1.715,3.214,1,116.215495,40.014769,24,56862.7
H02716,153.4,4.3,9,南,5.303,4.275,1,116.585705,40.096126,24,69264.4
H02717,124.6,16.4,24,北,3.958,3.553,0,116.520939,39.79583,13,43378.8
H02718,125.7,24.6,21,南,5.776,1.814,0,116.360461,40.013525,16,50133.1
H02719,145.6,3.4,15,北,10.418,3.487,1,116.404013,39.754401,15,64860.6
H02720,158.0,3.5,19,东,16.733,4.922,0,116.444822,40.066855,21,64202.9
H02721,48.6,25.8,15,南,23.864,1.143,0,116.150486,39.717615,16,21678.4
H02722,101.3,10.8,2,南,8.403,4.387,0,116.320507,39.892577,7,38058.0
H02723,81.7,24.5,27,南,10.826,2.2,1,116.000307,39.960959,19,43967.5
H02724,83.4,21.6,14,北,23.318,0.558,1,116.57909,39.791852,11,23835.7
H02725,96.4,15.7,28,东,15.708,3.805,1,116.087572,39.940341,24,45118.8
H02726,47.5,1.3,16,西,21.544,4.379,1,116.561283,39.882465,9,28006.3
H02727,78.2,23.3,12,北,15.373,3.063,0,116.545397,39.924924,22,23654.3
H02728,151.5,9.4,4,东,15.931,3.648,1,116.302922,39.907768,4,50768.1
H02729,72.8,8.4,24,西,2.359,2.46,1,116.314067,40.016639,16,47926.3
H02730,74.1,20.9,26,南,22.305,3.382,0,116.092431,39.940099,23,25529.8
H02731,67.9,17.6,17,北,21.235,2.976,0,116.472622,39.762142,7,22036.0
H02732,125.5,2.9,29,北,20.946,1.341,0,116.434646,39.865807,4,46293.9
H02733,73.3,9.2,9,南,4.098,3.086,1,116.573243,39.979311,17,42092.2
H02734,123.0,7.2,4,东南,20.686,4.197,0,116.463229,39.969208,12,36153.4
H02735,57.1,17.1,4,南,5.754,2.435,1,116.065574,39.992656,9,33230.4
H02736,112.7,7.1,13,东,9.686,3.389,0,116.073254,40.07784,11,54076.7
H02737,89.9,13.8,30,东,5.593,2.961,1,116.200842,39.956739,8,40335.2
H02738,79.0,28.6,1,南,12.515,1.407,1,116.202174,39.796112,20,32237.9
H02739,79.3,7.0,4,南,2.188,0.928,0,116.216698,40.003051,21,40730.2
H02740,95.8,10.1,5,南,14.62,3.711,0,116.595974,40.01566,17,34059.1
H02741,75.3,14.3,22,南,13.236,1.055,1,116.483805,39.901404,19,40252.3
H02742,120.3,17.7,9,北,18.039,1.949,1,116.29808,39.746237,24,38570.4
H02743,92.9,3.4,3,东,19.309,1.816,0,116.023396,40.06602,13,42343.3
H02744,52.8,24.1,15,东,22.743,1.509,1,116.403811,39.738685,24,21974.0
H02745,47.2,20.4,22,西,7.06,1.258,0,116.198266,40.081639,14,28544.5
H02746,105.2,4.6,21,西,24.586,3.61,1,116.182221,39.896611,9,34886.4
H02747,51.6,14.8,6,北,5.548,0.173,1,116.339539,39.833562,1,26875.2
H02748,52.6,8.1,26,东,18.479,0.849,0,116.187196,40.073769,11,36180.3
H02749,79.9,3.0,29,北,13.248,1.851,0,116.250156,39.794453,13,43334.1
H02750,119.7,20.6,3,南,23.654,1.528,0,116.150704,39.793328,23,32935.3
H02751,49.8,23.4,18,西,18.585,0.784,0,116.100717,39.957965,3,24617.9
H02752,139.5,8.3,28,南,21.876,1.464,0,116.381544,39.908781,1,55772.3
H02753,153.8,21.0,15,北,15.859,1.018,0,116.104688,39.936734,21,55654.7
H02754,139.2,28.5,20,南,16.281,4.794,0,116.558853,39.80236,3,27101.9
H02755,136.9,23.8,13,西,15.78,1.985,0,116.237635,39.834157,11,44809.8
H02756,143.7,12.7,17,东,24.463,2.506,1,116.426516,39.779137,13,52201.3
H02757,72.6,25.5,24,西,24.263,1.259,0,116.122147,39.898329,22,27801.1
H02758,53.8,1.2,20,南,5.788,4.752,1,116.454139,39.932077,14,36355.1
H02759,67.4,14.2,8,北,4.618,4.869,0,116.432642,40.091144,2,29117.4
H02760,115.0,28.8,9,北,24.11,3.661,0,116.046478,39.79292,10,28042.1
H02761,80.3,19.7,8,北,8.491,1.516,1,116.182267,40.010341,17,48682.4
H02762,101.6,4.8,21,南,5.636,4.643,1,116.51954,39.789017,2,33072.7
H02763,68.3,15.6,8,西南,9.19,4.109,0,116.013738,39.903452,14,44292.9
H02764,90.3,25.8,14,南,17.566,3.96,0,116.217846,40.011559,14,25390.7
H02765,97.4,29.3,19,西,18.265,3.535,1,116.354759,40.069303,12,32094.0
H02766,120.9,23.7,3,东南,12.621,1.267,1,116.029152,39.857727,9,45822.5
H02767,61.5,28.1,17,东,10.629,4.702,1,116.184746,39.705112,13,24443.0
H02768,106.1,3.3,20,南,13.969,0.679,0,116.306234,40.064519,16,46525.3
H02769,95.9,20.2,28,东,13.66,0.279,1,116.391751,39.75135,16,42802.8
H02770,112.5,15.1,11,南,19.889,0.791,1,116.376572,39.703974,24,38826.6
H02771,96.6,20.0,28,南,18.407,3.458,0,116.510802,40.01976,15,31880.1
H02772,106.9,15.9,18,南,10.105,1.808,1,116.343331,40.033605,4,39973.2
H02773,49.3,14.5,27,东,11.987,3.746,0,116.288599,39.897721,21,30158.0
H02774,137.5,13.7,21,南,20.396,0.895,1,116.476203,39.850498,8,38133.5
H02775,101.5,22.1,29,南,12.801,3.586,1,116.017735,40.076298,9,38145.0
H02776,140.1,11.9,4,南,22.976,0.818,1,116.036896,40.075888,14,56341.6
H02777,82.4,21.3,15,南,7.921,0.996,1,116.57213,40.025376,13,34286.4
H02778,141.3,15.4,13,南,24.348,0.711,1,116.218276,39.820612,2,41264.6
H02779,140.5,24.0,8,北,2.026,2.275,1,116.237893,39.782084,14,52772.4
H02780,47.1,1.0,4,南,7.909,4.264,0,116.064052,39.788068,19,37749.9
H02781,146.6,2.9,18,西,4.593,0.888,0,116.229528,40.005125,23,75116.4
H02782,82.8,20.7,22,南,3.23,1.259,1,116.283612,40.072842,6,39218.7
H02783,108.3,15.8,22,南,12.448,1.413,1,116.470787,40.026429,6,45178.6
H02784,110.2,17.2,11,东,21.914,4.815,0,116.426447,39.881283,1,37768.7
H02785,85.8,23.7,20,北,23.844,4.156,0,116.242361,40.014456,17,25156.5
H02786,105.9,0.4,17,北,5.879,3.246,1,116.413796,39.744915,5,44268.5
H02787,68.5,28.2,19,南,11.462,2.302,0,116.38946,39.924418,9,26657.6
H02788,52.4,19.4,22,东,20.116,1.158,1,116.080957,40.007758,24,32862.4
H02789,83.8,25.4,12,南,21.663,4.174,0,116.050101,39.892615,23,30742.0
H02790,70.9,23.1,3,南,12.915,1.405,0,116.064614,39.802339,13,27600.7
H02791,121.3,6.7,17,南,9.602,1.345,0,116.463285,39.745738,14,38655.0
H02792,106.0,4.3,22,南,19.027,3.073,1,116.284997,40.070188,24,43300.7
H02793,77.3,7.3,2,北,8.077,4.256,1,116.588587,40.045076,11,40157.2
H02794,140.9,25.1,24,东,21.804,4.562,0,116.326783,39.751218,16,38570.5
H02795,57.7,14.9,19,东南,11.784,1.871,1,116.084982,40.042917,9,32915.3
H02796,93.9,6.8,13,南,13.463,4.758,1,116.571424,39.797109,8,35473.4
H02797,95.3,6.7,30,东,8.62,0.974,1,116.291781,40.022411,12,51227.3
H02798,110.4,26.6,1,西南,21.65,0.87,0,116.038627,39.970415,17,31817.1
H02799,56.0,9.7,16,南,22.199,1.832,1,116.297231,39.82114,9,26333.3
H02800,103.8,23.4,3,南,1.365,4.437,0,116.306249,40.079847,10,38421.7
H02801,156.6,10.1,4,东南,14.161,1.225,1,116.35536,39.794694,11,59104.0
H02802,145.8,7.1,24,北,13.238,4.199,1,116.346496,39.995678,9,64381.9
H02803,107.8,3.1,21,南,4.031,0.305,0,116.239536,40.014216,2,51101.7
H02804,93.8,16.3,1,北,10.55,4.489,0,116.580294,39.763308,11,31370.4
H02805,108.3,13.2,16,南,24.837,3.5,0,116.597151,40.092735,23,34061.9
H02806,60.7,18.8,28,北,19.474,2.961,0,116.40859,39.927111,10,30382.0
H02807,68.7,17.0,9,北,21.11,1.106,1,116.322638,39.821371,10,30191.3
H02808,79.8,4.0,16,西南,18.03,3.375,1,116.565853,40.061841,2,38673.9
H02809,52.9,29.1,5,北,15.634,2.207,1,116.128732,40.062039,2,25696.6
H02810,139.4,21.4,4,东,22.669,1.343,0,116.336124,39.97979,15,38251.3
H02811,70.3,1.3,22,北,20.649,0.969,0,116.586781,39.83724,5,23772.5
H02812,73.5,7.9,25,南,11.847,4.482,0,116.454518,39.781831,6,26838.3
H02813,142.0,10.5,19,南,1.122,0.206,0,116.463833,39.954285,1,58566.0
H02814,133.6,16.4,14,南,5.742,0.915,0,116.083802,39.930149,23,68307.0
H02815,60.3,21.4,3,北,13.705,2.204,1,116.393508,39.848975,2,25038.4
H02816,147.8,0.3,6,南,2.167,3.923,1,116.45445,39.712448,19,65539.6
H02817,70.6,14.0,14,南,16.59,4.302,0,116.292235,39.820434,6,26339.4
H02818,83.1,8.6,19,东,23.122,2.155,1,116.055469,39.875276,5,37214.9
H02819,126.4,8.8,15,南,3.37,3.935,0,116.005486,40.006195,17,69062.6
H02820,70.3,23.9,20,东,17.037,4.899,0,116.175186,39.799623,21,21964.8
H02821,82.4,16.7,12,西南,6.094,1.661,0,116.459779,39.96105,22,38019.0
H02822,108.9,17.0,16,南,21.285,2.102,0,116.525694,39.894234,9,29092.6
H02823,77.3,28.8,20,东南,5.979,3.611,0,116.409778,39.996996,1,25835.8
H02824,107.4,21.7,2,南,10.207,3.781,1,116.485069,39.854599,16,43382.3
H02825,53.6,7.8,8,北,17.424,0.774,0,116.420646,39.965375,22,26706.2
H02826,156.4,4.9,30,南,3.603,3.788,1,116.414799,39.952101,13,79151.4
H02827,58.8,29.1,14,南,22.898,1.576,0,116.52511,39.795197,14,22098.7
H02828,86.0,14.7,22,西南,2.94,0.16,0,116.172218,39.953865,23,40334.8
H02829,91.8,5.4,20,东南,3.115,1.499,1,116.249118,39.70984,5,48969.8
H02830,118.6,3.3,23,东南,3.842,0.264,0,116.46923,40.017049,24,64455.0
H02831,111.0,28.9,14,北,3.409,4.069,1,116.142875,40.030877,23,46004.6
H02832,76.4,22.0,5,南,14.222,0.514,1,116.002235,39.789279,14,32966.4
H02833,114.7,3.5,14,南,4.99,2.947,1,116.449738,39.718594,11,42079.3
H02834,128.6,27.0,3,东南,5.636,3.999,1,116.222034,39.982529,9,53383.4
H02835,116.1,4.8,14,东,11.171,0.804,1,116.013675,39.835006,5,72916.6
H02836,156.9,15.0,18,南,12.618,0.457,0,116.357271,39.945697,19,69366.6
H02837,70.6,4.7,11,西南,8.103,2.501,0,116.150905,39.905444,14,42893.2
H02838,78.4,27.0,1,西,8.783,0.297,0,116.213257,39.812338,7,29975.1
H02839,114.7,19.0,26,南,10.386,1.665,0,116.51105,40.046965,1,34713.5
H02840,159.6,6.3,1,南,7.326,4.545,1,116.254403,39.776295,1,55913.4
H02841,78.8,11.6,2,北,17.247,1.226,0,116.266251,39.95287,5,28304.3
H02842,60.8,17.8,14,北,11.791,3.874,0,116.34962,39.838827,24,30574.8
H02843,93.8,3.8,3,西,22.724,1.19,0,116.456263,39.958914,17,32083.5
H02844,100.0,1.3,18,北,4.707,2.025,0,116.134414,40.088053,14,45989.8
H02845,82.6,13.4,20,西,1.51,1.469,0,116.537485,39.915618,14,40285.4
H02846,80.7,12.3,4,西,13.695,1.238,1,116.302846,40.009256,5,29476.2
H02847,128.8,8.4,27,东南,7.941,2.95,0,116.086166,39.758186,17,51015.2
H02848,130.1,8.0,23,北,8.332,1.399,1,116.109433,39.941993,7,56950.9
H02849,125.8,6.5,10,南,7.972,1.992,0,116.459416,39.744289,18,36198.0
H02850,59.5,2.8,14,南,24.609,3.027,0,116.237924,39.988715,18,32408.6
H02851,101.4,23.3,5,南,12.635,4.671,0,116.402982,39.890766,13,30012.6
H02852,151.7,2.1,20,南,17.605,1.093,0,116.408285,39.851351,16,68255.3
H02853,109.7,18.5,4,东,24.853,2.543,1,116.414482,39.949085,1,25968.7
H02854,141.6,12.7,14,南,3.447,3.648,1,116.575821,39.931272,19,41370.3
H02855,70.3,1.7,7,东南,11.436,3.354,0,116.256975,39.99714,2,41751.0
H02856,70.9,21.0,17,南,16.093,1.708,0,116.461587,39.782774,8,24968.9
H02857,126.5,13.7,6,北,18.47,1.46,0,116.239229,39.722727,12,41884.3
H02858,72.0,28.3,2,东,18.26,0.754,1,116.127122,39.898519,2,31618.3
H02859,139.3,15.9,25,北,11.94,4.538,0,116.026366,39.808042,11,56042.1
H02860,75.5,8.8,14,南,19.719,1.476,0,116.312893,39.849561,13,24176.9
H02861,115.9,11.3,18,北,12.874,0.226,1,116.531957,39.992025,19,45790.4
H02862,130.6,27.2,18,南,21.372,4.731,1,116.404801,39.860726,16,29855.7
H02863,156.4,2.5,10,南,4.998,4.553,1,116.437234,40.028395,15,64170.7
H02864,107.5,0.7,7,东,1.723,2.542,1,116.43492,39.98317,7,59485.3
H02865,134.9,25.7,17,西,9.449,3.649,1,116.027215,39.946562,9,38325.8
H02866,136.3,29.6,13,东南,20.63,3.046,1,116.376868,40.007453,8,36198.0
H02867,147.2,26.5,21,东南,11.888,4.636,0,116.452745,39.924621,1,42553.9
H02868,67.8,19.9,29,北,20.029,2.439,1,116.427898,40.016531,15,29098.0
H02869,100.3,1.0,26,南,12.585,4.974,0,116.563073,39.740817,6,38850.0
H02870,68.1,13.1,17,东,19.865,4.695,1,116.575708,39.954237,7,25090.7
H02871,146.8,6.5,9,西,24.584,2.41,0,116.040919,39.775341,15,46322.8
H02872,59.2,2.0,4,东,11.657,3.641,0,116.288423,39.984951,13,37133.3
H02873,56.0,23.8,1,南,21.613,3.805,1,116.353286,39.747333,23,18987.1
H02874,91.3,14.4,4,东南,7.6,0.861,1,116.558854,39.953071,19,32215.0
H02875,62.2,6.6,7,南,20.225,3.782,1,116.013347,39.941936,17,34136.3
H02876,149.4,11.9,5,南,6.526,1.908,0,116.531689,39.86258,10,33227.1
H02877,65.6,21.9,18,东,20.841,0.815,1,116.304073,39.868437,1,24048.6
H02878,113.7,24.4,22,南,16.728,3.042,1,116.174006,39.779597,10,37907.4
H02879,153.5,7.4,23,东,6.028,0.422,1,116.461141,39.737302,5,62104.5
H02880,97.1,11.7,15,西南,2.478,3.196,0,116.160471,40.07065,20,51778.1
H02881,107.4,25.2,28,北,11.214,0.702,1,116.564048,39.842011,19,29596.7
H02882,135.9,12.7,25,南,11.61,1.115,1,116.187822,39.81639,4,47491.7
H02883,141.5,9.2,8,南,1.212,3.214,0,116.432294,40.004547,22,48109.8
H02884,56.5,26.8,22,西,9.728,4.818,1,116.238734,39.763504,19,23315.1
H02885,66.8,18.1,24,南,6.554,3.386,0,116.276869,39.836438,9,34674.2
H02886,54.4,15.1,13,西,17.644,2.973,0,116.418938,39.890773,7,30831.5
H02887,83.2,28.5,12,北,14.427,2.132,1,116.296964,40.033325,2,28858.2
H02888,66.4,17.0,29,南,1.287,2.826,1,116.296444,39.823556,20,44859.1
H02889,146.0,3.7,13,北,8.239,4.535,0,116.158444,40.063275,22,48804.2
H02890,45.3,2.1,19,南,3.151,1.105,1,116.266117,40.029703,11,36363.1
H02891,125.8,6.8,2,东南,23.016,1.271,1,116.522062,40.042528,20,51080.1
H02892,95.3,17.6,9,南,4.602,2.257,0,116.361723,39.713794,12,32758.4
H02893,131.7,21.3,10,东,8.98,1.03,1,116.007635,39.953788,23,61033.0
H02894,92.6,22.9,21,东,2.348,3.401,0,116.428521,39.999235,18,37607.9
H02895,46.6,15.6,10,南,4.824,4.517,0,116.34464,39.722903,2,26893.7
H02896,131.2,16.0,24,北,24.203,2.683,0,116.068429,39.779491,5,36691.2
H02897,98.8,3.1,24,北,17.556,3.697,1,116.505551,40.0121,7,41870.8
H02898,48.5,13.1,9,南,13.642,3.227,1,116.407185,39.974586,20,27675.0
H02899,51.8,0.9,12,北,16.816,1.184,1,116.488187,39.780617,11,28888.8
H02900,141.8,21.1,29,南,8.404,3.157,0,116.352446,39.703125,2,28278.2
H02901,136.2,12.0,27,南,8.158,3.505,1,116.522543,40.006665,9,58921.7
H02902,56.1,12.6,14,南,2.43,1.309,1,116.525901,40.01852,9,38722.1
H02903,113.3,16.4,9,西,18.124,2.967,0,116.310782,39.913732,12,30593.5
H02904,149.9,29.5,27,南,3.366,0.33,0,116.163674,40.020794,11,49703.0
H02905,53.1,20.8,16,南,6.984,3.746,0,116.510005,39.988976,7,28709.0
H02906,58.0,8.3,17,东,1.947,4.14,0,116.423184,39.768681,11,35921.6
H02907,74.7,29.1,30,东,15.807,0.332,1,116.142355,39.87041,16,32434.4
H02908,55.9,17.1,4,南,20.42,2.089,1,116.195169,39.739655,4,25665.1
H02909,111.9,7.8,1,南,9.008,1.714,0,116.334583,39.854562,5,44108.3
H02910,70.0,7.7,14,南,8.776,3.377,0,116.512713,39.713624,2,26143.6
H02911,157.1,9.1,28,东,13.458,4.954,0,116.010207,39.825963,18,66487.1
H02912,148.2,25.1,18,南,1.781,1.592,0,116.084811,39.882042,21,53088.4
H02913,46.2,21.3,10,北,2.608,1.759,0,116.576991,40.063208,21,26158.4
H02914,60.4,16.0,5,东,15.268,1.835,1,116.112085,40.060847,10,33324.3
H02915,131.8,26.1,6,南,8.611,0.203,1,116.373702,39.930861,10,46705.4
H02916,47.2,17.7,9,南,7.726,3.536,1,116.376313,40.029576,12,27739.4
H02917,55.0,13.9,4,南,12.32,3.31,1,116.532682,40.048887,24,34898.7
H02918,61.6,8.5,18,南,5.915,0.35,0,116.059478,39.908834,20,40047.7
H02919,78.5,18.8,18,西,23.386,1.502,1,116.315766,40.035399,7,28494.5
H02920,156.4,8.7,24,南,10.509,1.219,0,116.379845,39.866328,4,55729.0
H02921,144.9,11.7,13,南,23.031,0.72,0,116.001038,40.070141,1,46054.9
H02922,114.9,11.8,19,北,4.138,2.892,1,116.46694,39.825682,5,36985.5
H02923,140.0,25.8,28,东,1.63,3.764,0,116.341339,39.746861,3,38573.8
H02924,132.1,6.0,10,西南,23.092,2.769,0,116.167251,39.786941,15,31198.2
H02925,98.9,4.4,25,西,8.669,0.636,1,116.567252,39.865954,14,50786.1
H02926,149.5,15.4,29,南,12.169,2.375,1,116.589191,39.783788,11,40105.2
H02927,83.8,27.1,13,东,24.395,1.664,0,116.4194,40.073504,3,25122.8
H02928,132.3,29.7,27,北,14.3,3.264,1,116.001754,39.815918,13,48140.4
H02929,50.1,11.1,6,东南,22.157,3.238,1,116.574356,40.001506,18,24037.4
H02930,120.7,0.5,12,东,9.147,3.679,0,116.364769,39.768759,1,50663.8
H02931,82.4,21.2,30,西,7.348,3.821,0,116.184476,39.729218,1,31848.6
H02932,112.4,18.1,30,西,15.015,4.05,0,116.093672,39.872996,2,34413.9
H02933,145.1,14.7,7,南,15.347,3.001,1,116.32564,39.91173,23,66471.6
H02934,137.3,29.3,23,南,8.405,4.618,0,116.329511,39.915628,16,35286.9
H02935,50.4,29.7,9,北,6.244,0.845,0,116.446731,39.883096,19,24905.0
H02936,127.0,13.2,10,南,10.639,1.529,1,116.551628,40.016136,3,40585.9
H02937,102.5,10.4,5,东,8.863,2.165,1,116.440304,40.01493,24,45251.8
H02938,155.0,29.8,18,西,9.227,2.102,0,116.056305,39.751817,10,59995.9
H02939,96.3,4.4,14,东南,20.806,2.754,1,116.534157,39.910769,12,43459.3
H02940,129.1,15.1,26,南,22.028,3.962,1,116.447111,39.835998,11,35001.2
H02941,69.3,20.0,6,东南,16.911,3.314,1,116.161564,39.881794,12,27489.7
H02942,92.6,2.1,16,东南,7.618,2.223,1,116.132035,39.841569,15,52866.0
H02943,51.8,15.0,2,东,16.753,1.702,0,116.142496,39.923601,1,28915.0
H02944,104.6,18.6,3,南,2.034,0.583,0,116.532036,39.789768,24,39767.1
H02945,155.7,25.4,26,西南,21.056,0.476,0,116.217734,39.911629,3,32474.2
H02946,140.2,21.4,29,西南,8.718,4.287,0,116.093741,39.750708,9,52923.4
H02947,85.1,27.7,15,北,8.823,3.044,1,116.138675,39.891597,9,28180.0
H02948,138.2,0.7,24,东南,22.041,2.421,0,116.11208,40.07764,1,52552.5
H02949,69.4,29.3,18,东,15.185,1.528,1,116.352364,39.900323,3,27461.5
H02950,148.9,17.0,5,东,18.407,4.894,0,116.292711,39.799185,14,43559.2
H02951,158.5,0.7,23,北,23.286,3.542,1,116.259552,39.829065,5,50355.0
H02952,59.5,14.6,3,北,9.014,4.761,1,116.539063,39.765602,11,27832.3
H02953,144.6,3.0,21,南,6.583,0.379,1,116.246659,40.078074,18,62192.5
H02954,99.4,19.1,23,东,4.247,3.377,1,116.416918,39.990375,4,45864.2
H02955,47.4,10.0,14,北,7.223,3.072,0,116.497702,40.068395,17,35934.2
H02956,86.3,18.8,10,西,5.22,2.118,0,116.450799,39.718791,11,38028.9
H02957,76.2,14.2,26,西,16.732,2.445,1,116.249815,39.921925,3,34238.4
H02958,140.9,28.2,19,西,19.013,2.867,0,116.131287,39.995582,11,44586.6
H02959,111.6,17.3,17,南,15.525,0.835,0,116.167092,39.767046,5,52178.5
H02960,148.6,5.4,9,东南,8.247,4.82,0,116.052296,39.816256,14,62211.4
H02961,140.7,24.3,26,东,18.801,1.194,1,116.183779,39.874889,23,51341.0
H02962,113.7,22.3,7,南,5.689,4.554,1,116.285054,40.076677,22,38012.7
H02963,124.3,23.6,18,西南,23.328,3.766,0,116.483362,39.969881,6,19255.3
H02964,59.2,17.1,13,南,4.003,3.469,1,116.591222,39.743763,12,33980.3
H02965,123.6,22.5,19,南,11.128,3.462,0,116.53054,40.025378,2,41247.2
H02966,124.8,20.7,18,南,14.191,0.607,0,116.318715,39.864725,6,44856.0
H02967,86.5,0.9,29,北,7.562,4.882,1,116.218443,40.040566,8,42738.9
H02968,119.4,8.6,22,南,16.061,1.396,0,116.568455,39.855607,7,40490.5
H02969,115.9,17.5,9,南,13.656,3.742,0,116.405405,39.863253,20,27900.9
H02970,124.7,14.3,22,北,1.587,0.471,1,116.575815,40.062985,12,60472.2
H02971,52.4,14.8,18,南,9.236,3.088,0,116.237909,39.718429,5,30679.6
H02972,104.1,23.7,1,南,4.589,1.034,1,116.353258,39.799451,22,35127.7
H02973,116.6,19.3,14,南,1.408,4.482,1,116.310291,39.868068,19,48106.8
H02974,144.6,1.1,2,西,11.486,3.714,1,116.282203,39.801693,12,50761.0
H02975,107.0,17.3,19,南,9.557,3.603,1,116.543997,39.827559,24,48918.4
H02976,135.8,21.5,4,北,21.719,2.495,0,116.222736,40.087517,15,37651.0
H02977,86.1,5.7,23,南,3.631,0.733,0,116.246241,40.058071,6,37143.8
H02978,151.4,8.0,29,南,9.213,3.857,0,116.566812,39.944496,4,44908.9
H02979,130.2,2.6,6,西,19.578,1.0,0,116.4404,40.07639,23,50126.2
H02980,128.7,26.5,25,南,6.274,1.445,0,116.107106,40.049737,20,45808.6
H02981,123.1,9.5,21,东南,10.857,4.45,1,116.092383,39.773482,14,55346.0
H02982,131.5,1.6,3,东,17.77,3.963,0,116.308997,39.881282,15,45004.8
H02983,154.3,15.0,21,东,21.647,2.04,1,116.17268,39.768678,18,63048.5
H02984,78.1,23.0,7,东南,14.74,2.972,0,116.302056,39.700747,23,29242.9
H02985,55.7,25.7,11,西,2.637,1.355,0,116.123008,39.949885,14,31228.0
H02986,52.9,12.7,19,南,9.607,4.808,1,116.595984,39.879397,1,27918.7
H02987,130.7,28.8,5,南,10.659,4.345,0,116.015183,40.016886,10,48475.4
H02988,98.0,28.0,4,东,3.645,2.048,0,116.411014,39.84205,6,33685.4
H02989,62.8,22.5,16,东,12.301,0.601,0,116.090891,39.870555,5,33841.4
H02990,123.4,16.8,6,南,13.479,3.305,1,116.430784,39.997691,19,49023.7
H02991,105.9,18.5,2,西,14.049,1.108,1,116.335222,39.858301,3,45394.9
H02992,88.8,29.9,3,西,3.318,2.457,1,116.372991,39.917704,22,32900.5
H02993,155.4,18.4,1,南,23.239,1.073,1,116.163043,39.864793,8,41142.4
H02994,52.3,28.5,26,西南,6.465,3.867,1,116.249299,40.019677,17,31259.7
H02995,119.9,4.7,5,南,8.078,1.984,0,116.130156,39.787076,2,54803.9
H02996,138.1,14.8,22,东南,8.32,2.252,0,116.191357,40.048805,17,60689.2
H02997,53.6,6.6,10,北,17.054,0.519,1,116.5768,39.833847,6,24341.8
H02998,56.9,29.3,5,南,1.421,3.655,0,116.206334,39.957481,21,29060.0
H02999,126.2,1.0,30,北,16.193,4.799,0,116.358381,39.970547,18,45717.8
H03000,126.4,7.0,21,东南,16.438,2.428,1,116.014583,39.883026,2,43501.8
H03001,115.5,13.3,11,南,21.178,1.955,0,116.026925,39.892656,24,40286.1
H03002,75.0,14.4,6,南,7.213,2.377,0,116.048339,39.968606,9,34036.8
H03003,100.2,0.9,6,西南,6.093,3.111,0,116.112201,40.082128,1,45455.4
H03004,137.1,12.9,7,东,10.044,1.678,0,116.007054,39.951736,14,52192.9
H03005,107.9,4.6,12,南,3.619,1.878,1,116.494678,39.797254,19,55771.3
H03006,76.4,23.4,30,东,13.987,3.223,1,116.373759,39.877539,10,27644.3
H03007,129.2,14.9,12,东,3.518,1.041,1,116.288512,39.818661,12,44179.3
H03008,131.7,28.1,1,南,1.542,2.489,1,116.493311,40.007294,1,36233.4
H03009,151.5,29.4,18,南,21.358,0.253,0,116.289385,39.767632,16,30962.4
H03010,57.0,15.7,22,西南,24.801,2.149,0,116.492448,40.093674,13,23102.7
H03011,50.1,10.2,22,西南,3.026,0.562,0,116.517063,39.859782,2,32001.0
H03012,132.9,6.3,19,西,9.439,2.717,0,116.551502,39.749289,14,65486.9
H03013,143.9,17.7,27,南,7.187,4.582,0,116.590706,39.934538,2,53522.9
H03014,135.7,3.0,22,南,1.608,3.258,0,116.378416,39.849412,3,52797.3
H03015,59.4,16.3,1,北,22.143,4.289,0,116.365191,39.787404,22,22116.1
H03016,153.3,19.9,20,南,7.117,1.2,1,116.364645,39.708156,11,47142.4
H03017,92.1,25.7,26,南,5.729,3.307,0,116.388236,39.998844,11,30886.1
H03018,154.4,9.1,20,北,23.328,0.367,1,116.229685,39.768639,7,44888.3
H03019,150.1,13.6,5,南,10.316,2.011,1,116.231029,39.955604,10,63674.1
H03020,49.2,22.0,16,东南,11.684,2.727,1,116.238698,39.976476,21,33574.0
H03021,82.7,20.6,9,东,6.952,1.042,1,116.170515,39.85003,17,44578.8
H03022,90.8,27.2,9,西南,12.66,1.783,1,116.544865,39.831407,13,32934.4
H03023,112.3,12.0,7,北,7.735,4.607,1,116.496461,39.834021,20,34095.7
H03024,74.2,0.1,19,北,15.029,4.289,1,116.510247,39.953048,11,29668.8
H03025,133.9,16.0,7,东南,16.033,2.822,1,116.105677,39.909338,6,62690.9
H03026,106.2,26.1,19,西,6.951,0.157,1,116.083657,39.75768,24,44994.5
H03027,104.2,8.2,30,西,15.069,2.79,1,116.434424,39.756294,3,36375.8
H03028,79.9,24.8,1,北,1.619,2.576,1,116.217663,39.880383,11,35837.1
H03029,113.6,25.5,27,东南,9.224,1.069,0,116.180736,40.077629,12,41746.9
H03030,141.1,3.5,4,北,4.812,3.748,1,116.137687,39.953125,23,65099.5
H03031,74.5,28.2,29,东,3.283,2.908,0,116.56175,40.044797,20,31821.3
H03032,152.3,10.2,4,西,3.098,1.725,0,116.326659,39.809462,22,66704.9
H03033,151.7,23.9,7,南,10.885,4.076,0,116.087819,39.750107,18,46710.9
H03034,137.9,23.4,25,东南,21.962,2.214,1,116.236983,39.879536,21,57999.8
H03035,66.8,26.9,7,北,12.471,4.18,1,116.155959,39.873904,20,34334.9
H03036,143.1,2.3,15,东南,21.833,2.509,0,116.345737,39.713922,2,55756.9
H03037,155.9,17.6,17,西南,10.309,1.15,1,116.547893,39.923245,7,74570.6
H03038,59.2,22.9,21,西,21.684,4.626,0,116.251173,39.804391,4,25279.0
H03039,143.5,22.9,11,南,7.648,4.161,1,116.274708,39.78592,19,52092.9
H03040,46.2,15.1,4,南,17.649,0.909,1,116.207858,40.048218,12,31794.3
H03041,146.9,8.1,21,西南,9.68,3.403,1,116.54361,39.992952,1,57518.3
H03042,87.5,5.5,18,东,8.947,1.661,0,116.586268,40.035335,23,33184.4
H03043,99.7,26.1,6,西,10.279,4.647,1,116.222116,39.803938,2,35484.5
H03044,95.6,11.3,29,西南,5.22,2.885,0,116.201442,39.994048,17,50115.8
H03045,57.2,6.6,25,西南,14.59,2.676,1,116.035314,40.086003,21,33724.9
H03046,122.1,15.8,1,东,11.859,1.228,1,116.299304,39.997999,21,50505.7
H03047,61.4,2.8,1,南,10.563,2.774,0,116.35202,39.876591,22,36402.6
H03048,156.5,2.8,28,西南,11.261,3.947,0,116.080162,39.867179,13,86422.8
H03049,109.3,17.2,4,东南,22.509,2.926,1,116.378464,40.052434,19,29371.6
H03050,149.9,0.4,8,南,5.105,3.017,1,116.211571,39.982404,21,102577.0
H03051,146.6,20.1,16,南,12.772,1.064,0,116.371681,40.010572,17,49231.9
H03052,47.3,26.2,8,东,20.188,1.078,1,116.511066,39.884887,24,22259.6
H03053,81.0,1.3,22,东南,11.764,2.459,0,116.042195,39.701409,20,43043.7
H03054,58.9,9.6,1,东,18.071,4.878,1,116.208525,39.803163,4,28073.4
H03055,69.8,23.3,23,南,14.118,1.315,1,116.378379,39.95181,8,34725.1
H03056,59.5,6.4,24,南,2.817,0.349,0,116.089158,39.902545,18,45353.2
H03057,117.0,26.1,19,西,1.6,4.605,1,116.328756,39.711823,13,36093.2
H03058,157.3,2.0,25,南,17.202,4.67,1,116.28414,39.768746,19,45811.9
H03059,75.0,0.0,30,东南,12.87,3.369,0,116.586645,39.914714,19,34862.4
H03060,76.2,7.7,24,南,16.127,1.897,1,116.332762,39.79797,17,33406.1
H03061,49.3,7.8,10,南,20.554,4.726,1,116.472902,40.066888,14,29656.6
H03062,59.6,12.0,5,北,11.715,3.077,1,116.157259,39.786433,5,28440.4
H03063,100.9,29.2,11,北,21.585,1.062,0,116.243622,39.801999,18,25428.7
H03064,111.6,8.0,28,东,3.974,4.308,0,116.053278,39.868667,24,70002.6
H03065,122.9,10.1,20,北,22.254,1.844,0,116.271978,39.764783,9,34336.3
H03066,122.3,13.3,13,南,8.242,1.67,1,116.228982,40.082061,18,56388.4
H03067,114.3,24.8,17,东南,11.865,1.275,1,116.462378,39.878544,24,46487.8
H03068,111.1,23.8,30,北,11.939,4.405,1,116.440851,40.025378,21,31435.8
H03069,56.9,17.0,12,北,1.876,3.877,1,116.112364,40.088732,3,40397.9
H03070,134.6,26.6,28,北,6.345,1.323,0,116.44015,39.773683,20,48017.2
H03071,101.0,4.4,11,西南,6.405,3.639,1,116.055463,40.005698,9,65242.0
H03072,144.8,6.0,22,南,3.129,2.384,1,116.22719,39.858698,13,74197.2
H03073,116.7,25.7,28,东,3.627,3.262,1,116.33032,40.012642,19,48191.9
H03074,98.1,17.9,4,北,10.392,1.748,0,116.414106,39.808619,18,36293.5
H03075,150.0,24.4,23,南,10.886,1.263,1,116.317385,39.72755,7,46272.2
H03076,84.8,19.1,13,北,9.713,4.285,1,116.214649,39.884274,15,39556.2
H03077,148.2,29.4,2,西南,18.116,2.291,0,116.536888,40.044804,4,32225.3
H03078,107.6,25.4,18,西南,18.397,1.08,0,116.391082,39.922445,18,29071.2
H03079,126.8,27.8,9,南,22.985,2.13,1,116.285412,39.793215,1,32770.7
H03080,82.9,18.2,1,北,14.247,1.413,0,116.200059,39.77578,5,30150.8
H03081,81.5,26.3,11,东,14.501,4.81,1,116.585532,39.86682,2,20463.6
H03082,126.1,15.2,20,南,24.816,4.859,0,116.034702,40.083801,8,36094.4
H03083,148.9,1.9,12,南,2.783,4.429,0,116.345435,40.050593,7,83576.4
H03084,78.3,17.2,4,北,20.981,4.088,0,116.384688,39.964696,10,26048.7
H03085,110.1,24.8,28,东,13.458,2.386,0,116.431497,40.053774,11,36604.4
H03086,67.9,24.2,18,西,21.939,3.561,0,116.082516,39.92125,3,20424.7
H03087,100.6,19.2,14,西,3.333,0.294,1,116.36642,39.890382,1,39616.0
H03088,137.2,0.1,25,北,18.552,3.362,0,116.184221,39.999124,23,44016.3
H03089,84.5,25.5,28,东南,1.971,4.864,1,116.013024,39.900212,24,38838.1
H03090,50.0,17.9,1,东,12.858,2.279,0,116.40433,39.779446,24,22282.3
H03091,147.7,0.2,17,南,21.503,3.753,0,116.35519,39.976769,20,59076.4
H03092,125.4,12.7,4,东南,17.888,1.339,1,116.152989,39.834292,13,52454.0
H03093,142.1,5.5,17,西,6.713,3.405,1,116.157304,40.08321,16,71010.1
H03094,45.2,7.6,30,北,7.898,1.387,0,116.383218,40.020216,4,30278.0
H03095,88.3,12.8,3,南,14.386,3.898,0,116.51971,39.970133,16,29202.9
H03096,67.6,15.3,6,南,8.472,2.402,0,116.233508,39.943789,14,33098.1
H03097,127.2,8.6,28,西,9.454,2.132,1,116.593737,40.011983,5,40691.8
H03098,159.6,26.5,6,东南,17.624,0.342,1,116.425443,39.768104,24,59380.8
H03099,83.6,4.8,14,南,1.7,1.919,1,116.17735,39.792018,22,57330.4
H03100,134.9,21.5,28,西,8.409,3.609,0,116.458179,40.056579,18,45096.4
H03101,153.8,24.0,8,西,23.428,4.346,0,116.552469,39.823297,24,44213.8
H03102,113.1,25.5,14,南,10.905,3.487,0,116.438377,39.843251,19,42692.8
H03103,88.8,26.1,10,西,19.243,3.626,1,116.02594,40.019287,3,23792.2
H03104,113.3,11.6,8,东南,7.581,3.004,0,116.228079,39.726955,22,44971.9
H03105,75.1,23.5,5,北,13.392,0.485,0,116.240213,39.705062,11,25358.5
H03106,123.6,12.8,12,南,3.98,3.118,1,116.586912,40.095364,1,49281.7
H03107,63.0,3.3,2,南,3.377,1.432,0,116.24226,39.865364,2,40109.1
H03108,55.1,28.5,22,西南,1.951,4.92,1,116.018566,39.971312,22,36456.8
H03109,137.0,7.8,1,东,22.068,1.207,1,116.532656,39.759352,23,42347.3
H03110,96.3,16.5,8,南,9.159,4.364,1,116.07291,39.768424,19,46598.8
H03111,115.5,19.6,8,东南,3.025,3.383,1,116.312529,39.819667,9,48585.1
H03112,66.7,15.6,26,北,20.446,1.802,1,116.081582,39.779286,2,29914.2
H03113,102.0,1.9,6,南,13.525,3.971,0,116.517872,39.860679,7,34958.7
H03114,152.3,15.9,25,东,1.212,0.515,0,116.5485,39.837811,17,68058.9
H03115,136.7,23.8,26,西南,12.114,3.75,1,116.498538,39.807444,12,43213.2
H03116,106.9,20.1,5,南,14.384,3.226,0,116.128392,40.068962,16,37473.5
H03117,119.0,27.4,2,南,10.561,4.6,1,116.005024,39.89714,12,53459.9
H03118,88.6,2.9,28,西,7.719,1.272,1,116.203536,39.869194,15,60801.7
H03119,102.0,3.6,4,西,7.343,0.468,0,116.418599,40.073214,5,50247.6
H03120,119.2,13.7,25,西,13.493,4.097,0,116.167748,40.017124,18,50671.1
H03121,72.6,12.6,2,北,10.121,4.957,0,116.069304,39.903688,18,31251.8
H03122,47.5,26.4,23,南,15.272,0.87,1,116.059115,39.800739,5,26978.4
H03123,134.0,5.2,18,西,3.908,0.846,1,116.071151,39.76429,20,70677.9
H03124,73.4,21.8,19,东,22.765,2.462,1,116.512059,39.719479,6,23019.4
H03125,69.6,19.6,5,西,11.006,0.463,1,116.343164,39.945073,5,34919.2
H03126,127.0,8.2,28,南,15.624,4.77,0,116.480939,40.099243,2,43006.9
H03127,92.1,17.3,10,西,7.054,4.427,1,116.185301,39.847761,11,33723.8
H03128,150.8,24.7,28,东南,10.261,2.107,1,116.347199,39.870287,1,52729.0
H03129,53.5,8.9,9,南,9.777,4.384,0,116.062391,39.769171,20,37709.9
H03130,61.9,16.5,19,东,8.499,0.236,1,116.125261,39.847065,22,40240.2
H03131,51.4,8.5,20,西,9.635,3.247,1,116.478226,39.976287,13,34126.0
H03132,56.9,13.5,5,东南,18.297,0.202,1,116.530098,39.804316,23,24486.6
H03133,128.2,0.9,16,西南,23.063,1.654,1,116.404431,39.971229,23,49122.4
H03134,153.2,6.4,5,东南,19.66,0.3,1,116.39153,39.980217,4,42069.1
H03135,80.7,29.3,22,东南,17.928,0.398,0,116.412084,39.847109,23,33207.3
H03136,71.2,19.9,30,北,9.338,0.44,0,116.573595,39.889372,4,27203.6
H03137,112.1,13.2,23,北,20.658,4.969,0,116.103466,40.028107,14,33948.4
H03138,155.4,17.8,25,南,9.55,2.172,0,116.20845,39.889796,14,52557.8
H03139,59.9,9.9,19,南,4.715,4.537,1,116.214107,39.804162,23,34316.8
H03140,84.3,22.1,7,西,18.852,0.821,0,116.507462,39.911151,10,29201.0
H03141,88.7,4.4,18,东,24.476,3.558,0,116.264144,39.823231,14,38987.5
H03142,111.5,12.0,2,南,20.699,2.173,1,116.171266,40.088515,17,44265.5
H03143,50.3,2.9,2,南,23.269,3.086,1,116.59216,39.982034,13,25488.0
H03144,45.7,9.3,12,东南,24.501,2.767,1,116.008591,40.094495,14,26598.5
H03145,47.9,23.2,12,西南,10.739,3.056,0,116.506774,39.898512,18,25676.6
H03146,120.2,12.9,2,北,15.602,2.815,1,116.348853,40.001514,9,49045.8
H03147,115.4,7.5,17,西,13.681,0.758,0,116.444591,39.770331,8,52049.8
H03148,48.6,21.8,22,东南,22.454,1.367,1,116.330565,39.747238,8,21874.5
H03149,46.4,26.2,8,东南,6.734,1.932,0,116.367383,40.056143,19,27410.7
H03150,156.1,14.3,25,南,8.386,2.086,0,116.599551,39.942387,5,58316.3
H03151,101.5,18.8,16,南,1.592,0.64,0,116.086766,39.702957,10,53115.0
H03152,105.1,9.8,10,北,4.369,0.187,0,116.298264,39.847806,1,41340.5
H03153,83.1,9.4,24,东南,21.691,3.919,1,116.083824,40.011381,5,35869.0
H03154,159.0,11.1,15,南,19.494,3.303,0,116.218567,40.069642,1,50631.2
H03155,120.9,11.5,19,西南,8.872,2.456,1,116.581619,39.920614,1,39673.4
H03156,135.1,5.3,3,南,23.195,1.834,1,116.043648,39.922208,14,46389.5
H03157,128.8,21.9,1,南,15.051,4.991,1,116.269424,39.769561,7,37322.7
H03158,59.1,11.2,13,南,17.472,0.909,0,116.588314,39.767083,17,25092.9
H03159,113.8,2.1,30,东南,22.024,1.216,1,116.086803,40.084961,4,53275.1
H03160,63.7,4.6,24,东,9.632,0.96,0,116.519421,40.006085,24,36336.1
H03161,89.0,2.6,16,东南,24.147,2.434,1,116.10839,40.010896,12,35274.2
H03162,81.4,14.2,6,西,19.718,3.467,1,116.508691,40.040853,12,30849.9
H03163,109.8,21.3,30,东南,2.488,2.732,1,116.466269,39.80573,14,45298.4
H03164,126.7,9.1,21,东南,23.231,4.192,1,116.27848,39.90259,17,50427.3
H03165,105.2,10.7,15,南,21.8,1.268,0,116.597286,39.84175,5,30969.6
H03166,76.3,3.3,7,北,15.855,4.554,0,116.460636,39.837869,13,34075.5
H03167,138.6,1.3,26,东南,5.179,4.298,1,116.261542,39.864279,2,62980.5
H03168,154.6,17.8,23,东南,14.047,0.985,0,116.317137,40.005897,2,65765.0
H03169,52.1,21.7,28,东,20.717,2.293,0,116.389754,39.904139,1,21840.0
H03170,70.2,20.2,15,东,2.353,0.51,1,116.010383,39.880051,16,43612.5
H03171,158.3,23.0,4,北,21.0,2.785,1,116.506343,39.848496,13,50086.4
H03172,118.3,27.2,11,北,13.941,3.37,0,116.356222,39.710446,6,31845.4
H03173,51.9,2.7,19,东,3.779,4.221,1,116.192037,40.017941,22,44391.2
H03174,107.4,28.5,10,西南,9.692,3.389,1,116.01785,39.703477,23,39874.6
H03175,95.2,26.0,28,西,22.051,4.515,1,116.007187,39.9547,15,32247.1
H03176,135.8,13.4,15,东,12.983,4.274,1,116.493754,39.917045,19,60189.1
H03177,88.8,7.4,13,南,12.149,3.593,1,116.253194,40.046923,17,35194.2
H03178,95.4,10.4,20,南,19.072,0.285,1,116.40001,39.895697,2,40891.2
H03179,54.2,25.0,1,南,8.323,3.382,0,116.148094,40.005109,5,25642.0
H03180,45.6,22.4,11,南,13.442,1.26,0,116.302837,40.088163,15,29553.7
H03181,66.2,27.6,6,西,4.831,2.503,0,116.397505,39.870533,5,29812.6
H03182,118.2,29.1,1,北,7.371,0.214,0,116.379847,39.76852,12,37766.3
H03183,52.5,4.4,30,东南,23.329,1.034,0,116.38128,39.979443,22,36265.3
H03184,130.6,11.3,16,北,15.604,1.659,0,116.251465,39.840483,14,45487.7
H03185,158.2,7.4,6,南,16.101,4.461,0,116.403619,39.723302,23,47606.0
H03186,72.0,0.8,23,东,13.246,3.112,0,116.529742,40.051434,17,37026.1
H03187,53.0,24.7,4,北,3.912,3.84,1,116.13591,39.817756,15,32912.3
H03188,82.0,14.0,26,南,4.876,2.917,0,116.402012,40.05839,23,39626.6
H03189,100.3,12.2,14,东,20.12,1.016,0,116.066947,39.867738,19,45185.3
H03190,87.2,11.6,6,南,3.744,3.725,0,116.507523,39.990316,10,44152.3
H03191,142.0,16.6,6,南,13.504,2.517,0,116.031079,39.907194,11,59957.5
H03192,119.0,6.6,15,南,7.047,3.213,1,116.45556,39.767461,17,55690.3
H03193,91.9,0.6,21,北,16.791,3.614,0,116.232644,39.730206,4,34734.9
H03194,114.1,27.8,30,北,16.99,4.636,0,116.060782,39.85591,12,39477.4
H03195,82.0,25.0,9,北,9.715,4.417,0,116.124678,39.73622,6,27700.2
H03196,152.7,4.7,16,南,4.232,2.128,1,116.104129,39.754316,19,66061.7
H03197,66.3,27.3,28,南,5.298,0.309,1,116.42969,39.972834,15,35374.1
H03198,78.2,4.4,6,北,15.968,2.196,0,116.047226,39.783545,1,36446.1
H03199,115.9,19.4,28,南,23.733,1.183,1,116.506808,39.721096,4,27926.8
H03200,159.0,25.3,11,东,13.493,4.957,1,116.051311,39.995916,16,57492.8
H03201,75.9,14.4,3,南,11.612,4.749,0,116.549877,40.058189,17,34468.6
H03202,77.0,5.5,25,东南,22.75,2.569,1,116.32986,40.03678,23,32481.2
H03203,91.6,19.5,24,南,16.15,3.125,1,116.258571,39.756757,21,32469.8
H03204,125.4,15.1,5,北,14.369,3.251,0,116.027768,39.981395,22,48225.9
H03205,79.5,29.2,19,东,20.139,3.172,1,116.096471,40.043915,2,29327.7
H03206,121.3,2.4,24,西南,3.315,1.153,0,116.159178,40.013216,8,52868.6
H03207,101.6,16.2,2,北,19.366,2.236,0,116.35718,39.987928,10,27542.2
H03208,120.3,9.4,24,西南,10.65,4.343,0,116.219239,40.088248,10,52381.4
H03209,90.2,8.9,7,东,13.492,3.961,1,116.343278,39.726597,21,35127.6
H03210,67.0,13.1,22,南,24.284,1.864,1,116.582678,40.036446,7,27625.1
H03211,62.4,2.5,1,南,21.136,4.157,1,116.157017,39.951795,13,31458.9
H03212,107.7,12.5,3,北,11.428,1.855,1,116.187735,39.839055,10,43192.2
H03213,109.3,24.6,14,南,9.389,0.733,0,116.511306,39.859319,8,28936.3
H03214,63.7,20.8,17,东,17.889,3.289,1,116.43541,40.089172,10,27774.2
H03215,131.8,4.2,13,西,22.438,4.071,0,116.33777,40.047615,22,34951.6
H03216,140.6,1.1,22,东南,18.437,3.315,1,116.430611,39.816842,15,67682.7
H03217,121.2,20.3,17,南,2.057,2.485,1,116.195085,39.781283,13,44582.1
H03218,125.9,21.7,29,东,9.684,4.937,1,116.065165,39.781335,21,44717.7
H03219,80.7,0.9,23,西,14.872,3.771,1,116.302073,40.09964,22,32940.6
H03220,54.9,16.1,8,北,19.718,2.936,0,116.041558,39.857021,24,28787.5
H03221,122.9,6.1,25,南,6.162,3.026,0,116.107368,40.032803,19,51914.0
H03222,76.7,20.8,7,南,15.897,1.773,1,116.099393,39.803671,18,38849.6
H03223,76.6,29.7,4,西,20.33,2.042,1,116.534176,39.86527,19,26230.3
H03224,134.0,18.2,9,北,19.455,4.479,0,116.456413,39.856967,16,40227.6
H03225,112.1,13.9,18,东南,12.109,1.686,1,116.447478,39.933607,11,40603.7
H03226,112.5,28.3,28,南,22.216,4.35,0,116.517757,39.936649,9,21695.5
H03227,65.3,22.2,7,南,20.464,2.609,0,116.576788,39.744616,19,21492.7
H03228,147.6,8.7,28,南,15.222,2.062,0,116.546615,40.070652,10,40742.0
H03229,113.5,7.9,18,东南,4.036,1.292,1,116.013713,39.849446,21,58126.6
H03230,143.5,9.8,6,东南,14.249,3.22,0,116.540928,40.088542,21,47052.5
H03231,118.8,27.6,18,东,7.268,2.286,1,116.560101,39.878876,3,44261.2
H03232,159.7,12.6,1,南,22.01,1.537,0,116.364145,39.882355,10,42882.4
H03233,106.5,10.6,24,东,10.144,2.08,0,116.026456,40.026105,17,49407.2
H03234,47.2,6.9,10,北,9.784,3.49,1,116.470853,39.735798,24,30789.4
H03235,85.6,13.4,27,南,24.998,0.594,0,116.277731,40.035226,20,39431.9
H03236,101.5,14.7,4,西南,20.017,1.763,0,116.359908,40.011433,7,44069.8
H03237,153.4,13.7,23,东,13.183,3.979,1,116.153411,40.090401,13,73388.6
H03238,79.5,29.0,27,北,20.56,2.66,1,116.428884,39.730829,2,25991.2
H03239,146.8,20.4,17,北,12.141,4.19,1,116.406823,39.806354,5,49981.0
H03240,114.2,18.4,3,东,9.294,1.667,1,116.188016,39.760974,20,32330.9
H03241,117.1,14.0,20,东,23.077,2.166,1,116.198295,39.856079,16,46627.4
H03242,155.9,12.7,26,东,2.986,4.401,1,116.038603,39.786223,22,68952.9
H03243,97.0,20.9,2,南,3.737,1.209,1,116.04415,40.027472,24,46469.5
H03244,122.5,13.3,24,西,10.675,3.561,1,116.51698,39.82463,14,47926.8
H03245,52.3,7.0,2,西,8.061,0.298,1,116.408456,40.001669,10,34177.8
H03246,127.7,27.7,30,南,4.02,1.561,1,116.073117,40.050612,5,58635.2
H03247,114.3,13.9,5,北,10.517,4.069,1,116.554973,39.841841,3,36058.6
H03248,146.1,5.7,9,南,7.271,5.0,1,116.56445,39.902866,14,64573.5
H03249,87.6,24.0,23,东南,16.509,1.397,1,116.06916,39.935183,6,34694.0
H03250,148.3,14.4,13,南,6.304,3.358,1,116.339563,40.090092,22,87349.3
H03251,123.2,13.5,6,西,18.96,3.39,1,116.589413,40.057188,12,35201.7
H03252,68.7,20.6,19,南,17.087,0.748,1,116.080052,39.959676,17,31003.3
H03253,81.1,15.4,22,东,4.673,0.506,0,116.367002,39.89884,13,38652.6
H03254,46.7,5.6,23,东南,4.3,0.693,1,116.512843,39.861268,2,29659.5
H03255,123.9,2.0,30,南,6.965,1.94,1,116.071902,39.753802,13,78373.1
H03256,105.1,14.2,25,南,18.81,1.019,0,116.313144,39.846078,21,41771.9
H03257,98.1,10.9,28,南,11.937,4.195,1,116.420687,39.94767,21,37207.8
H03258,145.2,28.0,23,西,24.528,1.806,0,116.023238,39.807382,7,39081.7
H03259,60.4,30.0,29,西南,22.673,3.202,0,116.467192,40.023266,10,19513.4
H03260,48.5,6.5,3,西,18.963,0.905,1,116.000238,39.806058,16,34019.9
H03261,92.9,4.9,27,西,20.033,2.826,0,116.25436,39.951956,10,39097.5
H03262,63.1,3.2,21,南,15.717,3.333,1,116.489689,39.721064,24,33205.7
H03263,100.1,7.5,1,东,10.149,1.996,0,116.579264,39.731767,6,40694.7
H03264,98.7,14.9,4,南,8.924,3.204,1,116.065647,40.008379,2,44627.2
H03265,133.0,28.4,8,北,13.009,1.918,0,116.228679,39.787445,10,36390.0
H03266,79.1,28.1,9,南,20.342,1.98,1,116.126982,39.899031,5,31251.0
H03267,79.7,17.4,29,东,12.327,1.737,0,116.58417,39.982074,17,36647.8
H03268,132.3,16.7,15,东,4.388,4.081,0,116.277576,39.963186,2,49947.0
H03269,98.6,11.9,23,南,11.837,2.3,1,116.364266,39.764532,3,36886.2
H03270,117.9,1.4,17,东,19.612,2.367,0,116.037591,39.872597,5,49446.7
H03271,114.0,10.4,3,南,11.177,4.948,1,116.106364,39.911235,3,47902.1
H03272,121.2,17.6,11,南,19.376,0.963,1,116.035575,39.830475,1,45763.2
H03273,61.7,13.9,9,西南,5.911,3.809,0,116.569319,39.932633,13,34330.9
H03274,110.1,26.7,11,南,1.513,3.471,1,116.334242,40.039837,1,42645.2
H03275,158.7,16.0,25,东南,15.05,1.663,0,116.518825,39.983169,9,45793.0
H03276,49.6,24.1,22,南,1.376,2.954,0,116.102608,40.01777,7,33067.5
H03277,136.4,14.1,20,南,16.556,0.88,0,116.217457,39.855423,14,38117.5
H03278,66.1,5.3,2,北,13.622,4.653,1,116.471276,39.777186,5,31082.0
H03279,117.5,2.4,1,东,12.221,4.014,0,116.441106,40.032829,6,46615.2
H03280,134.0,19.3,17,南,14.658,4.978,1,116.326282,39.829211,24,40510.1
H03281,82.0,25.8,17,东,20.992,1.862,0,116.205421,40.061861,4,32603.5
H03282,94.8,19.7,17,东,23.626,1.733,0,116.047241,39.84829,21,29386.9
H03283,148.5,2.8,11,南,2.482,2.579,0,116.076136,39.753907,5,59854.3
H03284,72.9,2.7,2,南,23.904,4.877,0,116.591298,39.811449,5,24142.7
H03285,139.3,22.2,18,西,16.529,1.73,1,116.517447,40.060517,11,33106.4
H03286,47.7,27.9,17,北,10.752,1.337,0,116.147101,39.892695,1,23965.3
H03287,66.7,16.6,17,东,23.164,4.842,1,116.420421,40.013918,10,24096.4
H03288,98.2,18.8,25,西南,16.471,2.399,0,116.372611,39.822517,20,33951.9
H03289,59.7,13.9,18,东,15.382,1.378,0,116.410883,39.705277,3,21090.2
H03290,96.9,7.1,12,西,13.526,0.953,0,116.399205,39.701258,18,36340.9
H03291,58.4,14.7,20,南,12.645,1.513,0,116.448063,40.020122,16,30880.1
H03292,156.0,13.2,30,南,8.915,2.563,1,116.216357,39.88645,20,54212.6
H03293,68.5,27.0,27,南,16.111,0.962,0,116.521683,39.971675,12,24143.1
H03294,147.5,18.4,14,南,22.49,2.125,0,116.471111,39.715273,8,40376.0
H03295,102.2,15.6,29,北,5.271,2.975,0,116.404152,40.0291,21,31034.8
H03296,56.0,23.8,26,东南,1.254,4.668,0,116.192873,40.054767,2,30669.9
H03297,134.7,5.3,14,南,23.504,1.22,1,116.394051,39.891891,23,49495.0
H03298,146.5,13.6,8,南,16.141,0.348,0,116.495674,39.835421,13,45390.4
H03299,141.4,27.8,24,南,7.935,0.584,0,116.583725,39.922282,8,44131.3
H03300,122.7,4.2,22,南,1.091,3.069,1,116.379501,39.981587,20,54273.5
H03301,133.0,25.0,1,南,17.959,1.913,0,116.531093,39.954085,22,32584.8
H03302,77.7,12.7,7,西,21.554,1.661,1,116.247423,39.824453,2,37721.5
H03303,111.0,11.2,21,东,24.702,3.345,1,116.043142,40.041722,17,37864.4
H03304,48.4,8.0,14,北,9.252,3.786,0,116.543897,39.989427,19,27052.5
H03305,149.1,26.1,6,北,24.389,1.089,0,116.481688,40.023508,22,35307.4
H03306,116.7,2.4,2,西,22.402,3.378,0,116.373068,39.808271,23,42762.3
H03307,46.4,20.7,6,南,12.594,3.557,0,116.559928,39.826369,2,21044.8
H03308,94.3,24.8,14,东,6.348,3.891,1,116.391185,39.760841,14,41545.2
H03309,118.9,20.6,17,西,11.791,1.811,0,116.357586,39.926543,10,40851.8
H03310,77.2,10.0,15,西,2.786,2.729,0,116.255256,39.80093,3,37361.5
H03311,129.2,0.3,1,东,24.329,3.309,0,116.54,39.910204,5,35967.3
H03312,82.9,16.6,10,东,10.807,1.874,0,116.49029,39.814078,10,28840.1
H03313,80.6,29.7,12,东,23.035,0.613,0,116.287126,40.090488,10,26466.5
H03314,124.8,5.8,28,南,12.465,2.376,1,116.432471,39.961639,13,60804.1
H03315,85.1,29.4,2,北,12.428,4.344,0,116.129009,39.777397,8,18626.8
H03316,112.1,27.1,11,北,21.26,3.201,0,116.335067,39.809416,13,30117.4
H03317,110.1,0.6,7,西,1.022,0.202,1,116.577642,39.775045,9,53802.1
H03318,83.2,2.7,14,南,12.064,3.88,1,116.403493,39.846277,16,34585.3
H03319,111.9,24.3,11,南,10.951,4.358,1,116.350218,39.938035,2,43919.1
H03320,122.2,18.6,15,西,3.628,1.281,1,116.478764,39.838533,22,46885.4
H03321,48.4,3.2,21,南,10.894,0.448,1,116.446484,40.028005,7,32797.1
H03322,143.3,24.0,26,北,17.441,4.534,0,116.246551,39.927116,7,30337.1
H03323,93.9,0.5,28,西,13.971,4.482,1,116.304061,40.041247,11,35554.7
H03324,116.0,5.6,9,北,15.689,0.195,1,116.330439,39.720636,24,50428.3
H03325,152.8,4.6,24,南,10.145,1.055,0,116.170311,39.905633,13,47434.1
H03326,68.5,26.5,17,北,22.163,1.144,0,116.237335,39.959727,10,24997.3
H03327,115.6,20.0,16,西,4.317,1.988,0,116.284076,39.955597,4,36082.3
H03328,116.9,20.7,21,南,13.518,1.471,0,116.188993,39.850515,2,40286.9
H03329,127.5,17.4,1,西,1.893,0.293,1,116.226696,40.040426,9,59250.4
H03330,60.5,28.9,19,西,16.396,0.561,0,116.386633,40.080429,18,29756.8
H03331,54.4,23.7,8,西南,11.136,4.317,0,116.505863,39.768122,19,20980.9
H03332,83.9,0.4,8,西南,21.634,2.96,0,116.205536,39.82493,17,34276.5
H03333,115.6,4.8,15,东南,16.023,3.997,1,116.181237,39.79669,20,52431.1
H03334,152.5,25.5,13,西南,7.608,1.321,1,116.587843,39.789469,7,37507.6
H03335,159.8,14.3,9,南,12.652,0.107,0,116.08895,39.803325,20,57255.9
H03336,121.7,7.1,3,南,18.803,2.454,0,116.073034,39.738431,6,35557.8
H03337,52.2,21.9,2,东,13.258,0.601,0,116.508384,39.902323,8,21173.7
H03338,136.3,14.2,4,南,18.921,4.842,1,116.574565,39.809324,4,37212.7
H03339,79.0,11.1,27,西,3.174,4.773,1,116.080481,39.799923,5,47325.7
H03340,98.8,10.8,21,北,6.714,3.346,0,116.572536,39.910075,17,36894.7
H03341,64.7,4.6,23,南,16.903,0.978,0,116.029822,39.87938,3,38120.6
H03342,136.4,8.5,6,北,16.474,1.082,0,116.30887,40.06711,6,46518.9
H03343,123.8,8.6,20,西,19.666,3.681,0,116.265265,40.025366,21,40618.2
H03344,80.3,9.3,14,西南,11.561,4.02,1,116.527743,39.951277,14,32885.6
H03345,139.7,26.3,25,西南,16.964,4.079,1,116.361935,39.92141,9,29629.6
H03346,148.3,1.3,3,南,3.25,3.628,0,116.076613,40.002471,2,79897.1
H03347,153.5,15.8,8,北,17.416,4.251,0,116.051578,39.738878,6,44806.3
H03348,49.9,13.2,18,北,3.832,1.341,0,116.329677,39.791946,16,34653.9
H03349,65.6,4.8,7,南,2.775,1.908,1,116.462125,39.801846,8,39447.4
H03350,68.7,28.0,5,北,16.269,1.962,0,116.488471,39.728464,23,19727.8
H03351,128.2,11.9,5,东,14.293,0.739,1,116.092875,39.720508,1,47347.3
H03352,71.7,6.9,19,南,23.42,4.228,1,116.345669,39.806874,20,33873.1
H03353,150.3,29.5,3,北,22.678,4.605,0,116.061957,39.923031,24,46285.3
H03354,133.7,11.2,3,东南,8.679,2.121,1,116.59843,39.905771,5,36285.1
H03355,82.7,12.1,13,西南,12.015,0.828,0,116.36416,39.785633,10,36535.7
H03356,70.0,4.4,29,南,17.09,0.726,1,116.282608,39.895653,7,39375.6
H03357,157.3,27.9,12,南,1.571,4.573,1,116.218551,39.76942,5,56417.9
H03358,142.3,2.8,8,南,22.741,0.963,1,116.446985,39.721503,16,49816.9
H03359,89.9,28.9,30,西,6.478,4.631,1,116.184665,39.719666,18,35272.0
H03360,128.7,10.0,14,南,17.365,0.24,1,116.00796,39.815756,18,48762.2
H03361,120.7,5.8,1,东,12.673,4.987,1,116.479205,39.933827,13,45748.2
H03362,58.6,19.6,30,南,6.892,3.56,0,116.565017,40.009678,22,30583.7
H03363,60.8,1.2,22,南,4.419,2.376,1,116.472378,39.88742,3,40651.4
H03364,145.5,2.2,3,南,6.738,1.521,0,116.471158,39.858009,23,73162.4
H03365,64.5,14.3,30,南,14.127,0.866,1,116.400431,39.752716,4,31498.1
H03366,145.2,12.0,19,南,9.866,3.109,1,116.409243,39.901004,7,60609.7
H03367,78.2,29.6,5,北,14.29,2.957,1,116.241353,39.973025,5,26755.4
H03368,94.6,12.9,12,北,22.502,3.284,0,116.576357,39.8899,8,29971.5
H03369,99.7,27.0,10,北,12.148,2.012,1,116.483545,39.724321,18,33748.7
H03370,118.3,13.4,1,北,2.609,3.586,0,116.323997,39.96659,22,47107.6
H03371,84.6,0.2,22,东南,10.375,2.271,1,116.301235,40.009062,22,39962.5
H03372,72.7,29.8,19,西,2.847,0.556,1,116.519793,39.940297,22,32293.9
H03373,55.0,24.3,21,南,17.309,4.026,1,116.31493,39.996444,12,21959.5
H03374,68.1,28.9,1,东南,4.714,2.396,0,116.587856,39.805997,5,32351.4
H03375,151.7,3.8,9,东,24.99,4.743,1,116.374489,39.773636,1,42329.8
H03376,135.8,11.9,2,西南,24.288,4.992,1,116.067693,39.702214,15,34541.2
H03377,109.4,29.6,13,东,12.313,2.45,1,116.561134,39.983348,16,39683.5
H03378,48.6,4.5,26,东南,17.873,4.46,0,116.195119,39.827693,7,25765.5
H03379,102.3,12.3,27,南,9.242,4.936,1,116.419586,39.752716,9,29088.0
H03380,68.2,3.6,13,北,22.942,0.772,1,116.115578,40.051461,10,33878.3
H03381,122.2,18.9,22,南,23.326,0.149,1,116.508492,40.011343,12,42210.8
H03382,50.6,8.4,12,西,23.049,4.765,0,116.324848,39.8001,16,25176.4
H03383,112.1,23.1,13,南,4.047,0.872,1,116.373717,39.73611,21,35122.0
H03384,70.0,1.7,27,东南,11.666,0.531,1,116.545035,39.703543,2,45741.4
H03385,135.2,5.3,9,南,1.522,1.455,1,116.357647,40.006667,7,79553.7
H03386,107.4,24.4,14,东南,19.487,4.039,0,116.573289,39.969877,19,31327.2
H03387,143.7,6.6,7,北,6.839,3.595,0,116.593947,39.701471,8,53435.3
H03388,116.6,25.2,2,北,10.034,2.544,1,116.139666,39.914122,17,43908.4
H03389,127.9,13.6,15,南,3.734,2.075,1,116.428625,40.082716,13,66074.0
H03390,50.7,16.0,22,西,14.589,2.982,0,116.52288,40.039609,18,26212.7
H03391,89.3,8.9,2,北,7.873,1.941,1,116.267273,39.876316,17,36935.4
H03392,109.1,2.4,27,南,5.926,2.294,1,116.20742,40.026623,23,56761.8
H03393,88.4,27.5,8,东,5.765,4.181,1,116.286706,39.836355,19,33966.5
H03394,90.8,25.9,3,南,16.474,3.845,0,116.552351,39.727752,10,29397.0
H03395,112.8,4.5,27,南,18.942,2.063,0,116.446361,39.795762,7,35294.4
H03396,139.9,5.9,19,西,22.767,4.871,0,116.390965,39.944471,16,54331.7
H03397,116.5,2.4,11,南,18.356,4.491,1,116.324924,39.939691,9,46875.3
H03398,132.5,19.0,25,北,21.717,1.377,1,116.136598,39.929202,1,46045.4
H03399,72.1,2.1,18,东,14.842,4.795,0,116.554135,40.031772,2,28936.8
H03400,94.5,24.9,12,南,4.422,4.348,0,116.076239,40.044188,22,39081.2
H03401,49.4,18.4,2,西,2.242,1.691,1,116.390921,40.071915,11,28692.4
H03402,115.1,9.7,20,东,16.096,3.515,1,116.455174,39.74604,21,41827.0
H03403,127.6,27.5,5,东南,21.788,1.035,1,116.054892,40.035031,5,59072.7
H03404,133.2,18.1,28,南,22.062,3.049,1,116.000421,39.975682,2,43525.9
H03405,135.9,25.2,21,东南,14.875,0.321,1,116.456992,40.083083,4,39469.9
H03406,84.4,9.5,4,西南,24.536,3.474,0,116.017273,40.045844,6,31391.2
H03407,117.5,29.8,17,北,12.55,2.03,1,116.041846,39.876139,22,51071.8
H03408,99.8,11.4,30,西,11.235,4.039,0,116.559241,39.923118,18,40757.8
H03409,126.8,23.9,1,南,9.825,1.926,0,116.408776,39.717769,4,35614.7
H03410,70.7,21.4,15,东南,4.257,4.647,0,116.386094,39.851217,2,33678.9
H03411,108.9,0.2,12,北,22.27,4.604,1,116.381294,39.978118,1,41606.1
H03412,107.4,28.1,10,南,7.183,0.139,1,116.522126,39.945706,18,42592.0
H03413,78.4,21.2,17,南,5.865,4.192,0,116.483073,40.09799,22,35079.8
H03414,138.0,2.0,25,西,15.265,4.342,0,116.268827,39.875436,9,45062.6
H03415,155.9,2.6,19,南,24.496,3.335,1,116.099236,40.031082,13,49334.5
H03416,112.1,8.3,4,北,14.003,0.409,0,116.423983,40.074319,18,47215.6
H03417,139.1,18.8,21,南,3.575,2.405,0,116.112949,39.83822,20,47054.7
H03418,148.3,29.6,12,西,20.874,0.564,0,116.162913,40.036092,2,30181.6
H03419,123.5,23.1,18,南,22.966,1.802,1,116.159006,39.847428,14,33557.1
H03420,157.2,16.4,25,东,22.88,4.004,1,116.068012,39.98797,20,48938.5
H03421,128.1,23.2,3,西,15.212,2.762,0,116.097456,39.818815,18,40905.1
H03422,46.4,16.6,24,西南,19.668,2.33,0,116.007271,40.031151,14,28393.6
H03423,79.0,1.7,22,北,23.99,3.212,1,116.419671,39.896647,4,29750.3
H03424,145.9,27.6,24,东南,7.23,1.106,1,116.043917,40.092661,13,86385.1
H03425,49.6,20.8,2,西,23.935,1.536,0,116.496272,39.838716,20,19512.2
H03426,93.7,3.4,24,东,16.885,2.308,1,116.223213,39.927062,9,43585.1
H03427,66.6,29.4,21,东,23.225,1.919,1,116.155764,39.927992,12,29967.2
H03428,59.1,16.8,26,东,2.172,0.736,1,116.023005,39.718791,10,40372.1
H03429,98.8,27.1,9,西,8.121,4.487,0,116.203397,39.775646,6,35348.4
H03430,65.9,9.6,24,北,2.486,3.637,0,116.599035,39.909962,20,32773.1
H03431,122.0,3.9,12,北,1.356,0.99,1,116.027039,39.713457,23,53573.3
H03432,53.1,23.5,1,南,6.917,3.408,0,116.082842,40.036426,12,28182.6
H03433,94.2,23.7,19,东南,5.321,3.438,1,116.487109,39.864358,10,41765.0
H03434,125.8,26.0,26,南,19.114,1.385,1,116.198932,39.797179,1,31175.8
H03435,121.6,24.6,28,东,23.756,0.911,1,116.334874,40.008491,14,42513.9
H03436,83.1,0.5,15,北,12.603,3.667,0,116.379656,40.080588,24,35724.1
H03437,73.6,27.6,12,东,20.947,0.313,1,116.527421,39.738456,15,21780.4
H03438,82.3,8.9,16,南,1.487,4.729,1,116.434789,39.89319,3,31904.8
H03439,131.1,22.6,5,西南,17.445,3.056,0,116.150435,39.796764,6,45558.2
H03440,81.5,2.1,7,西南,13.981,0.563,1,116.048981,39.739793,14,37173.0
H03441,93.6,22.6,22,东,19.316,1.39,1,116.062777,39.922332,14,35764.3
H03442,122.2,16.3,2,北,23.908,1.705,1,116.34322,39.84264,3,39702.0
H03443,47.9,11.5,4,南,23.34,1.087,0,116.381227,39.803682,23,26479.0
H03444,148.3,20.1,5,东,22.735,3.137,0,116.437617,39.976768,1,46353.2
H03445,126.6,6.2,25,北,12.513,4.069,1,116.042369,39.890485,10,62313.8
H03446,91.4,25.7,24,北,17.821,0.374,1,116.375745,39.733717,7,33714.9
H03447,157.9,11.6,2,南,17.832,4.439,1,116.49478,39.916182,4,51351.1
H03448,96.5,14.0,1,南,13.972,1.655,1,116.485654,39.890145,1,34267.0
H03449,46.0,16.7,4,南,3.697,4.997,0,116.507688,40.084613,11,25118.2
H03450,116.7,0.5,30,北,1.354,4.064,0,116.193205,39.837327,6,66694.7
H03451,134.9,7.4,1,北,18.087,0.542,1,116.183609,39.844332,17,54931.4
H03452,70.2,21.3,6,东,2.545,2.971,1,116.281473,40.065606,20,35278.6
H03453,49.5,1.9,16,东,18.106,2.686,0,116.019155,39.81552,23,37383.5
H03454,155.7,13.2,1,南,12.352,0.188,1,116.102293,39.99037,20,68970.1
H03455,81.1,28.9,2,东南,21.84,0.942,1,116.362455,39.722081,18,31588.6
H03456,53.5,29.8,14,北,24.322,1.779,1,116.199286,39.940842,4,19920.4
H03457,70.9,22.4,9,西南,17.565,2.446,0,116.167367,39.750183,19,28068.3
H03458,83.5,1.6,26,东,6.71,4.323,0,116.290059,39.844139,17,43407.3
H03459,76.3,6.5,20,西,6.119,1.65,1,116.205094,39.725247,16,43043.4
H03460,94.4,2.1,7,东南,18.273,4.278,1,116.303187,39.886455,5,42496.6
H03461,55.9,6.1,4,东,4.703,1.935,1,116.176752,39.954316,3,42228.8
H03462,117.4,3.0,22,南,4.817,2.192,1,116.275859,40.008247,23,63028.4
H03463,57.0,28.3,28,南,7.046,3.188,0,116.416601,40.019811,20,23914.3
H03464,156.9,1.1,4,南,16.467,3.144,0,116.239845,40.091348,11,54870.9
H03465,52.9,0.9,26,东,2.437,0.402,1,116.406885,39.935313,13,47553.1
H03466,81.4,15.0,17,北,5.001,3.261,1,116.441904,40.039194,23,46179.6
H03467,133.0,23.7,21,东,9.214,1.998,1,116.017366,39.888189,23,57524.7
H03468,151.2,26.3,10,南,5.84,3.104,0,116.455957,39.811768,18,46674.3
H03469,129.9,4.1,24,南,15.995,1.748,1,116.352643,39.951643,2,62204.3
H03470,113.2,3.0,26,南,1.295,1.286,1,116.011687,39.820347,9,85707.1
H03471,67.5,6.3,23,北,7.023,0.65,0,116.039235,39.724924,16,39554.7
H03472,143.0,17.8,6,东南,6.527,3.667,1,116.426761,39.747576,4,54436.0
H03473,90.0,11.3,25,南,3.757,3.273,0,116.17238,39.949472,10,50339.4
H03474,134.1,4.5,21,东,18.411,1.747,1,116.254293,40.018549,2,69838.3
H03475,104.6,15.7,17,南,18.639,3.584,1,116.364357,40.035727,22,42071.4
H03476,153.1,4.0,26,东南,1.363,3.175,1,116.546885,39.951393,4,98713.8
H03477,64.7,18.7,19,南,14.917,3.943,1,116.105643,40.049967,5,28992.7
H03478,121.8,15.9,7,南,8.066,2.936,0,116.158951,39.952113,12,43538.1
H03479,135.9,27.9,3,南,1.631,1.219,0,116.179951,39.777557,4,48771.9
H03480,105.4,26.2,23,东南,10.429,3.096,1,116.066606,39.860807,23,43620.4
H03481,51.5,6.3,13,西,5.96,0.242,1,116.426905,39.906788,9,40384.3
H03482,71.0,3.2,19,东南,19.13,0.839,0,116.520257,40.030043,23,41981.8
H03483,84.9,0.1,16,南,10.732,2.77,0,116.185964,39.980317,24,47174.5
H03484,106.0,1.6,5,南,14.566,3.526,1,116.284924,39.994996,18,47550.4
H03485,92.0,3.1,7,南,24.474,3.466,0,116.278043,39.725223,11,27653.3
H03486,71.4,14.0,6,南,15.669,2.781,0,116.215262,39.859577,13,29805.2
H03487,112.1,18.2,27,南,21.893,3.163,1,116.017601,40.080132,3,45546.8
H03488,156.6,18.2,17,南,7.399,4.043,0,116.477101,39.760469,9,51148.7
H03489,134.5,14.2,17,西,15.205,4.828,0,116.301255,39.850303,8,30865.1
H03490,128.3,26.0,5,南,4.606,3.632,1,116.155331,39.982279,11,45949.1
H03491,76.5,14.6,13,东南,10.851,2.118,1,116.301546,39.800549,19,33442.3
H03492,77.6,24.3,21,东,5.585,2.93,1,116.091376,40.097444,1,30188.4
H03493,53.6,12.5,30,西,14.465,2.841,0,116.16831,39.846318,17,28057.5
H03494,101.6,29.5,20,南,24.019,1.559,0,116.464039,40.023392,23,29512.7
H03495,47.7,7.6,2,北,12.019,2.666,1,116.199341,40.075403,5,31801.0
H03496,80.1,2.0,29,西南,1.303,2.117,1,116.082688,39.82517,15,52259.4
H03497,159.5,2.3,21,北,11.982,3.195,0,116.131036,39.727984,4,52552.7
H03498,71.2,25.5,3,南,22.68,4.675,0,116.300585,39.846934,3,26077.0
H03499,127.6,20.3,18,东,3.437,0.163,1,116.064767,39.841791,10,43968.3
H03500,93.6,2.4,21,西南,5.548,2.732,0,116.469858,39.929657,10,45795.5
H03501,45.6,27.0,9,东南,8.724,2.62,1,116.232133,40.080031,1,25221.8
H03502,153.5,28.4,8,北,11.551,1.197,1,116.145075,40.089056,7,54982.6
H03503,80.5,26.8,1,南,4.321,2.578,1,116.482099,39.888619,21,25069.0
H03504,113.8,9.2,14,北,23.881,4.829,0,116.127225,39.947027,17,36343.1
H03505,138.1,4.9,22,北,3.189,2.116,0,116.322541,39.768599,10,45251.2
H03506,75.8,28.4,13,东南,14.147,0.8,1,116.20669,39.872548,9,31071.1
H03507,151.2,14.8,29,南,8.613,1.13,1,116.567033,40.051067,19,54178.9
H03508,141.0,13.5,25,南,20.081,4.141,1,116.355469,39.833757,9,52606.1
H03509,72.8,18.3,9,南,11.574,1.271,0,116.361297,39.734311,8,36135.8
H03510,102.6,12.9,30,南,10.093,0.88,1,116.536524,39.780574,16,42750.5
H03511,99.9,19.8,14,南,9.093,4.082,0,116.037668,40.014822,15,49499.0
H03512,84.9,21.3,22,西,7.822,4.262,0,116.207699,39.754472,6,30693.1
H03513,70.5,16.5,28,东,4.38,3.143,1,116.016269,39.746844,5,43347.6
H03514,86.7,15.8,17,南,12.788,1.005,0,116.378531,39.866005,9,35933.2
H03515,78.0,10.6,3,北,24.714,1.555,1,116.003781,39.875159,24,25953.5
H03516,89.8,8.1,11,西,10.583,3.98,0,116.542396,39.757378,14,33496.9
H03517,64.1,3.7,11,南,4.713,0.729,0,116.170957,40.020465,19,45413.0
H03518,57.6,10.0,28,北,16.256,4.481,1,116.036344,39.75223,13,26485.5
H03519,152.0,19.7,13,东南,14.73,4.356,0,116.127097,39.882707,9,59220.8
H03520,75.5,11.4,14,南,12.166,1.3,1,116.5951,39.794965,19,37947.4
H03521,132.5,21.0,15,西,3.893,2.314,0,116.352393,40.074536,3,40792.7
H03522,154.7,7.2,17,西,24.018,1.8,1,116.247595,39.789717,8,38855.6
H03523,112.6,8.4,19,北,15.326,0.307,1,116.569788,39.80468,6,33483.5
H03524,78.5,6.5,12,东南,6.019,2.564,0,116.089967,40.096681,19,44690.7
H03525,149.1,16.0,14,东南,20.97,3.031,0,116.316854,39.94554,22,38004.7
H03526,150.6,0.8,17,南,18.854,0.449,1,116.321887,39.80535,1,52212.8
H03527,104.5,26.9,30,北,10.938,3.058,0,116.521461,39.9556,15,36465.0
H03528,78.1,10.0,3,北,13.355,3.073,1,116.049779,39.802232,1,39296.8
H03529,139.7,13.4,24,西南,22.405,3.717,0,116.039858,39.770585,3,33942.7
H03530,133.0,20.8,1,南,21.602,4.701,1,116.427872,39.826525,19,41944.6
H03531,114.5,15.1,27,北,17.49,1.96,1,116.046409,39.753472,10,45738.5
H03532,94.9,6.4,7,南,2.621,4.256,0,116.45487,39.877047,23,47001.4
H03533,107.6,29.7,7,北,8.158,0.448,0,116.454966,39.964428,13,27168.4
H03534,158.9,18.1,2,北,16.121,4.414,0,116.236738,40.034502,18,52671.5
H03535,91.2,9.7,15,南,3.613,2.425,0,116.051381,39.736939,21,47342.7
H03536,136.0,8.3,14,北,24.142,3.577,0,116.252502,39.900048,14,33157.5
H03537,63.1,14.0,17,南,19.511,2.048,1,116.112501,39.979763,6,35729.7
H03538,133.6,7.9,3,南,14.004,4.01,0,116.094794,40.087454,18,64587.1
H03539,155.4,27.3,9,北,6.516,4.232,1,116.344698,39.801757,17,45188.4
H03540,51.4,13.2,29,东南,23.902,1.958,0,116.236492,39.915587,8,25652.7
H03541,66.6,26.3,11,东南,9.875,0.327,1,116.372959,40.014373,6,30347.2
H03542,85.7,8.4,28,东南,5.328,4.784,1,116.310017,40.029154,22,48898.7
H03543,96.8,4.1,6,东南,10.506,2.951,0,116.255812,39.995752,4,50801.4
H03544,132.8,3.2,1,南,14.733,3.124,0,116.415345,39.86638,9,37423.5
H03545,97.1,26.1,10,东南,14.199,1.29,0,116.271438,39.851202,3,33154.6
H03546,58.9,9.1,7,南,18.075,2.72,0,116.07108,39.726619,9,31314.7
H03547,141.0,13.8,27,南,15.667,1.231,1,116.138457,39.819562,20,66123.1
H03548,117.9,8.5,22,南,13.227,1.083,1,116.268675,39.827369,16,48903.8
H03549,110.6,27.5,28,南,1.453,2.093,0,116.170443,39.775954,23,43397.0
H03550,156.9,7.1,18,北,14.454,2.926,0,116.232165,39.813354,17,45627.4
H03551,146.5,20.7,18,东南,23.12,4.432,1,116.215769,39.746722,24,33058.4
H03552,157.4,1.6,3,南,15.393,0.283,1,116.241832,40.020114,14,48935.9
H03553,55.9,5.0,18,北,10.88,4.448,1,116.05549,39.787719,7,35968.2
H03554,104.8,26.0,17,南,1.817,4.529,1,116.444531,40.067506,23,51382.4
H03555,56.5,19.1,30,南,2.835,2.254,0,116.235929,40.041818,4,33054.4
H03556,102.7,8.5,29,东南,18.325,1.733,1,116.04777,39.818374,6,43638.0
H03557,107.6,3.4,16,南,15.898,0.698,1,116.399404,39.972807,6,43841.9
H03558,85.8,26.8,3,北,8.454,2.368,0,116.384758,39.792623,11,33418.5
H03559,128.9,15.9,29,东,19.149,3.805,1,116.592655,39.822489,7,37640.1
H03560,144.6,23.3,25,南,8.491,2.031,0,116.583538,39.75521,7,39747.8
H03561,86.7,8.4,30,南,24.602,4.697,0,116.191231,39.837811,4,35940.0
H03562,115.4,21.2,20,南,9.559,1.499,0,116.276013,39.955657,13,42037.8
H03563,87.0,13.6,4,东,4.163,3.186,0,116.29641,39.866182,12,36636.0
H03564,81.0,19.1,5,南,14.856,1.489,1,116.582359,39.964612,2,35547.4
H03565,56.4,5.4,8,北,8.608,2.793,1,116.222133,39.85051,8,40006.7
H03566,158.9,8.1,27,东南,2.108,2.602,1,116.092156,39.970511,21,73284.1
H03567,123.3,3.5,10,北,17.1,0.553,1,116.484607,39.831537,15,40082.1
H03568,73.7,12.6,18,东南,21.536,0.551,1,116.300582,39.723916,19,31028.5
H03569,46.4,23.6,12,西,12.92,1.59,0,116.477986,40.04463,6,25868.0
H03570,112.8,9.4,25,南,18.044,0.444,1,116.459162,39.790109,10,43983.7
H03571,114.3,23.8,18,南,24.051,1.259,1,116.100966,40.09233,8,33670.4
H03572,114.5,17.8,24,西南,13.818,2.265,0,116.323402,39.70346,12,41023.9
H03573,49.9,14.5,15,南,24.881,1.238,1,116.026482,39.701492,3,28569.2
H03574,129.1,24.1,2,东,1.328,1.463,0,116.02508,39.990147,4,49467.7
H03575,139.4,24.9,9,南,17.465,3.739,1,116.397014,39.752344,19,31030.2
H03576,118.5,9.0,3,西,3.799,3.201,0,116.572059,39.775891,15,36855.7
H03577,64.0,11.3,7,东南,6.861,3.438,0,116.168957,39.83627,17,44037.1
H03578,127.9,4.9,1,北,8.09,3.685,1,116.47373,39.906675,6,41527.9
H03579,82.8,14.8,26,西,17.423,2.572,1,116.083532,40.044482,22,40170.0
H03580,51.4,27.8,28,东南,22.174,2.947,1,116.266863,39.98194,18,23487.8
H03581,153.1,9.0,2,东,10.037,0.489,1,116.533156,39.982969,11,72552.9
H03582,134.9,0.4,21,北,6.54,1.456,1,116.587036,39.982444,17,71847.3
H03583,89.7,7.7,27,北,4.911,2.3,1,116.310123,39.776624,22,47956.6
H03584,81.2,25.4,8,东南,3.525,3.159,0,116.267625,39.970787,17,30633.5
H03585,49.0,11.5,14,北,7.633,4.649,0,116.24335,39.908099,22,32743.9
H03586,85.0,29.8,10,南,22.979,4.984,1,116.126278,39.830293,22,30195.6
H03587,111.8,7.8,9,东,22.985,4.045,1,116.493862,40.014637,8,37301.9
H03588,139.1,7.3,9,南,17.783,3.503,1,116.281835,40.000639,4,48211.8
H03589,128.1,14.6,10,东,1.453,2.308,0,116.050127,39.974306,3,53025.9
H03590,56.4,13.5,4,北,7.548,2.393,1,116.158909,39.786186,5,29213.7
H03591,116.2,15.8,19,南,13.885,3.289,1,116.376245,39.989945,2,49563.9
H03592,106.3,14.9,2,南,16.045,0.872,0,116.317058,39.954315,22,36929.4
H03593,58.5,10.8,14,北,16.548,0.247,1,116.544347,39.829433,23,24453.6
H03594,113.6,24.5,11,西,10.392,1.771,0,116.214512,40.017146,15,39844.0
H03595,134.1,11.7,6,东南,21.781,1.915,1,116.095564,39.852965,10,35334.9
H03596,48.8,14.6,17,南,7.045,4.163,1,116.078047,39.820299,3,34613.0
H03597,78.5,21.3,13,南,20.488,4.494,0,116.473811,39.74678,2,21581.9
H03598,94.9,6.4,3,西,13.335,0.36,0,116.594517,40.018053,13,40916.2
H03599,110.5,29.1,1,北,9.006,2.48,1,116.34572,39.975336,10,36103.6
H03600,64.4,19.6,9,东,2.953,1.042,0,116.252072,39.785934,18,34204.8
H03601,82.8,23.8,17,北,17.372,4.237,1,116.531567,39.965428,5,31670.6
H03602,55.8,13.1,18,南,14.393,4.904,0,116.065795,39.942648,24,31524.0
H03603,137.8,7.0,24,南,20.893,3.109,0,116.354175,40.080127,16,33661.6
H03604,63.2,12.3,30,北,4.663,1.009,1,116.559301,39.732705,12,32252.8
H03605,158.8,7.3,2,南,8.475,4.732,0,116.501136,39.984076,16,73561.4
H03606,77.9,2.4,11,南,21.736,2.969,0,116.575102,39.848333,9,32618.8
H03607,62.7,8.0,16,东,9.219,2.594,1,116.464169,39.902568,2,32886.3
H03608,138.5,14.6,15,北,6.176,2.734,0,116.330498,39.833692,4,42646.3
H03609,135.4,28.4,6,南,20.621,2.082,0,116.433031,40.058094,10,44586.5
H03610,157.9,5.4,8,南,21.803,3.002,0,116.191544,39.860487,21,61277.4
H03611,112.3,23.2,18,东南,4.952,2.937,0,116.142748,39.909669,23,40244.0
H03612,122.9,10.1,26,南,21.234,2.681,0,116.47901,39.789022,14,41637.6
H03613,83.9,9.2,28,南,23.528,3.245,0,116.035263,39.782239,21,30048.3
H03614,114.8,14.4,1,南,17.538,3.073,1,116.109814,39.866528,2,46198.0
H03615,121.8,1.5,17,西南,3.871,0.847,1,116.029797,39.786167,5,53627.9
H03616,47.6,21.9,3,南,19.583,2.418,0,116.269205,40.034984,4,22038.0
H03617,67.2,10.8,25,北,10.94,2.1,1,116.47287,40.075195,9,37531.4
H03618,113.6,8.4,9,西,2.374,3.777,0,116.362398,39.76149,3,45387.0
H03619,123.6,28.0,20,西南,23.838,3.367,0,116.254756,40.002038,24,30262.1
H03620,142.9,29.6,28,东南,7.486,4.456,1,116.534485,39.876832,13,39436.6
H03621,132.0,13.0,28,东南,17.794,2.213,1,116.12608,39.781309,20,48152.7
H03622,54.2,24.3,8,北,23.817,3.556,0,116.333089,39.848607,5,21489.4
H03623,65.3,4.7,6,北,19.679,4.88,1,116.017716,40.029461,23,36742.7
H03624,147.2,28.5,8,南,15.417,1.85,1,116.152288,40.076329,5,45131.6
H03625,60.6,7.8,13,南,13.418,1.667,1,116.388277,39.990576,21,36811.0
H03626,73.1,0.6,9,东,12.492,4.375,1,116.349809,39.997873,23,49300.9
H03627,107.3,1.4,12,西,10.637,0.591,0,116.391539,39.930162,24,51214.2
H03628,95.8,11.3,11,北,24.808,3.276,1,116.534609,39.877284,5,33611.9
H03629,98.5,15.6,30,东,14.535,3.769,1,116.382652,40.019957,13,42898.8
H03630,145.0,23.9,14,南,19.331,1.788,1,116.220883,40.091525,15,44398.9
H03631,105.8,7.7,23,北,11.422,2.267,1,116.070605,39.861459,21,66405.3
H03632,102.9,3.3,11,南,14.937,0.758,1,116.544704,39.778649,24,42386.8
H03633,131.4,27.6,14,南,13.761,2.482,1,116.488535,39.750632,15,46106.9
H03634,87.8,16.5,7,南,23.591,4.592,1,116.482125,40.073219,1,28711.1
H03635,116.4,15.9,29,西,5.192,3.43,0,116.444217,39.769505,18,48074.6
H03636,138.5,17.5,27,西,10.462,2.514,1,116.191491,39.759059,23,46645.3
H03637,57.7,11.7,18,南,13.636,2.633,1,116.552063,40.00364,12,34339.1
H03638,131.3,24.3,2,南,16.833,3.875,0,116.459808,39.981236,6,41837.4
H03639,141.0,19.4,24,南,8.775,1.883,0,116.309347,40.054038,11,69410.0
H03640,62.1,4.3,5,东,13.942,1.557,0,116.283595,39.936076,2,34354.3
H03641,126.0,29.5,8,北,20.381,4.435,0,116.593066,39.806182,8,31911.3
H03642,113.2,24.8,26,南,8.555,3.418,1,116.377254,39.795046,22,43125.9
H03643,69.5,4.2,16,南,10.975,0.618,1,116.213179,39.933474,17,34701.6
H03644,84.9,28.3,2,东,12.723,4.795,1,116.38994,40.052469,6,24976.9
H03645,159.7,16.7,23,北,6.899,0.886,0,116.231482,39.746612,12,60072.3
H03646,109.6,17.5,20,西,13.367,2.092,0,116.58904,39.892326,23,44781.4
H03647,118.0,2.5,26,东,13.036,2.621,1,116.22367,39.812193,8,51908.4
H03648,123.2,3.0,14,南,6.88,3.51,1,116.024893,40.079748,3,67105.5
H03649,80.8,6.4,14,西南,22.148,3.743,1,116.340135,39.887557,19,36143.1
H03650,103.1,4.5,2,西,15.376,3.095,0,116.10016,39.751136,24,44550.8
H03651,49.5,29.4,22,南,12.382,0.493,1,116.469892,40.086695,13,26921.9
H03652,50.1,6.3,24,南,16.733,1.233,0,116.261901,39.993062,10,32566.0
H03653,143.5,28.4,9,东,8.74,0.593,1,116.043645,39.846038,12,62913.3
H03654,155.5,3.4,25,东南,2.012,0.133,1,116.110942,40.073525,11,59382.6
H03655,106.9,17.0,8,东,9.592,3.148,0,116.430336,39.786485,7,41082.4
H03656,159.6,3.2,26,东,14.547,2.251,1,116.324232,39.726773,24,80265.7
H03657,88.7,2.6,30,西,9.645,2.177,0,116.324902,40.056381,10,43494.2
H03658,58.1,25.0,22,东南,1.036,3.623,1,116.452533,39.75333,2,26724.9
H03659,116.1,0.9,17,南,23.118,1.631,0,116.024976,39.83518,11,51797.9
H03660,102.3,26.2,28,西,14.192,4.571,1,116.569415,39.978967,21,38888.4
H03661,81.4,17.8,24,东南,18.978,0.674,1,116.520768,39.98409,9,34659.3
H03662,125.0,17.6,11,西,3.842,4.954,1,116.058499,39.834671,5,52391.1
H03663,100.1,17.5,18,南,16.953,0.247,1,116.316901,39.729468,19,43480.3
H03664,112.3,18.9,14,北,19.692,4.337,1,116.001883,39.823852,22,33471.3
H03665,62.7,23.6,24,东,14.507,3.445,0,116.462745,39.702556,12,21977.9
H03666,84.4,22.8,9,西南,3.21,0.13,1,116.34025,40.083361,5,43528.7
H03667,74.7,25.4,30,南,23.98,1.966,1,116.555268,39.763386,11,24110.3
H03668,152.5,26.1,18,南,5.536,2.275,0,116.538174,39.929538,24,57962.2
H03669,129.4,13.8,5,南,20.137,4.954,1,116.310423,39.894986,15,41771.1
H03670,69.2,23.1,23,北,24.723,2.555,0,116.360296,39.851023,2,23679.8
H03671,152.4,15.3,27,东南,10.215,0.974,1,116.230183,39.870421,1,57836.4
H03672,65.2,0.5,26,东,9.683,2.983,0,116.466339,39.995376,7,40841.2
H03673,142.4,21.4,22,南,22.312,3.075,1,116.211118,39.928884,3,36174.6
H03674,46.5,17.6,5,北,4.584,1.891,1,116.15951,40.026017,4,31449.2
H03675,136.5,3.7,13,东,21.381,0.279,0,116.098443,39.981478,13,61739.5
H03676,79.4,14.4,22,西,17.377,0.769,1,116.481047,40.069971,14,31782.8
H03677,58.4,8.2,16,北,15.6,1.362,0,116.165791,39.882376,3,29434.3
H03678,73.3,22.7,4,东,13.35,0.664,0,116.409855,39.759485,14,30057.7
H03679,82.5,1.8,24,南,16.172,3.644,0,116.19606,39.812578,8,42389.2
H03680,59.5,0.3,4,北,6.274,4.904,0,116.26629,40.025846,1,35132.1
H03681,103.8,7.6,18,南,12.216,2.174,0,116.290743,40.050253,23,37817.3
H03682,105.3,4.0,10,东,1.697,4.541,1,116.543733,39.741055,20,44425.1
H03683,99.9,10.3,2,西南,23.747,3.358,1,116.573741,39.829042,17,36886.3
H03684,100.6,23.4,27,北,11.137,3.87,1,116.140626,40.079664,9,30556.8
H03685,107.5,29.2,8,南,12.679,1.012,1,116.446595,40.033495,20,36215.6
H03686,92.8,5.6,12,东南,22.095,1.69,0,116.496663,39.800848,20,42734.3
H03687,151.0,28.2,23,南,6.019,4.075,1,116.026895,40.077802,12,72383.4
H03688,93.1,27.4,21,北,19.86,1.81,1,116.067635,39.707344,22,32301.0
H03689,57.8,2.1,19,西南,4.48,1.441,0,116.297301,39.847299,23,33029.8
H03690,113.5,22.5,22,南,14.802,4.908,1,116.333734,39.702169,10,30949.4
H03691,137.6,15.2,18,西,17.381,1.839,1,116.105559,39.810992,14,47953.6
H03692,75.4,27.4,12,北,2.735,3.891,1,116.212643,39.811904,4,31903.0
H03693,133.0,15.4,12,西南,21.035,1.202,0,116.085042,39.865529,1,46138.3
H03694,95.7,4.8,26,东南,10.308,4.853,0,116.129689,39.718182,4,46963.4
H03695,58.2,5.2,20,东,23.686,4.581,1,116.44344,39.890536,24,35667.3
H03696,62.8,1.0,27,南,12.908,2.085,1,116.392377,39.850683,24,38600.8
H03697,93.4,13.3,8,东,7.04,3.528,1,116.299651,39.772491,19,43492.2
H03698,68.7,2.9,26,南,10.886,4.087,0,116.427397,39.891629,20,38078.6
H03699,129.7,19.4,10,南,19.069,3.513,1,116.223337,39.733264,5,37821.3
H03700,143.4,16.7,29,南,17.548,2.24,1,116.085555,39.777823,20,48528.5
H03701,58.8,11.2,19,西,20.397,4.74,0,116.051628,39.727218,17,29447.7
H03702,107.4,20.1,22,东南,8.758,2.843,0,116.526156,40.041073,3,42589.4
H03703,127.7,21.4,20,南,15.643,0.166,1,116.090645,40.083526,2,42676.3
H03704,95.6,0.3,30,西,12.396,0.124,0,116.432198,39.740446,4,41207.5
H03705,75.1,21.5,4,东,5.354,4.8,1,116.535167,39.942174,23,34311.5
H03706,94.2,25.4,17,南,17.463,0.32,1,116.344698,39.79867,5,30432.7
H03707,138.0,30.0,27,北,23.992,0.979,0,116.462231,39.955947,23,35366.3
H03708,132.7,4.3,26,南,19.046,2.55,1,116.430113,39.77559,24,55549.5
H03709,150.6,5.2,21,东,22.44,2.613,1,116.025761,39.973722,1,60128.5
H03710,120.9,13.1,28,南,3.104,2.604,1,116.34593,39.727427,23,54652.6
H03711,108.9,12.3,7,北,9.097,4.324,1,116.455496,39.972097,2,39020.1
H03712,52.1,16.0,20,西南,8.602,0.755,0,116.171753,39.773249,21,30620.7
H03713,50.5,11.0,20,西,22.328,2.873,1,116.054808,39.785007,6,26848.1
H03714,143.6,20.3,20,南,21.666,1.147,0,116.502434,39.93489,9,36395.3
H03715,147.0,1.2,7,北,22.981,2.239,1,116.116971,39.700647,3,56642.7
H03716,131.5,13.7,30,东,15.01,3.886,1,116.350335,39.816189,13,50767.8
H03717,64.8,7.3,11,南,7.803,3.154,0,116.301473,40.091056,12,41212.0
H03718,52.6,28.4,14,北,14.067,3.857,1,116.48256,39.768142,13,19516.6
H03719,131.7,26.5,11,南,14.748,3.697,1,116.055682,40.069386,10,44930.6
H03720,134.4,12.5,7,南,4.137,4.955,1,116.037643,39.858462,9,77210.9
H03721,155.9,28.4,17,东,5.068,3.829,0,116.348259,39.984879,16,49939.3
H03722,98.9,29.1,14,东,3.159,3.35,1,116.492724,39.817076,11,49412.0
H03723,83.2,17.0,6,北,2.651,3.093,0,116.132748,39.702132,14,34878.4
H03724,146.4,28.1,14,北,18.118,0.695,1,116.084254,39.807789,2,42382.5
H03725,101.4,0.7,8,西,4.721,4.38,0,116.39553,39.896143,23,38129.6
H03726,99.8,3.5,6,南,4.173,2.869,1,116.319079,40.040533,9,46581.7
H03727,97.7,9.2,7,东南,5.01,0.584,1,116.419176,39.764872,8,38356.3
H03728,87.6,0.2,23,南,5.12,4.217,0,116.564014,39.758818,1,39119.2
H03729,47.4,13.8,12,东南,13.773,4.225,0,116.461746,39.98275,10,27915.7
H03730,139.6,1.2,11,南,15.876,4.606,0,116.325325,39.886933,13,46829.5
H03731,94.6,15.8,17,北,13.392,1.185,0,116.203327,39.76522,12,40452.8
H03732,73.2,4.9,13,南,24.507,2.545,1,116.465438,39.797027,2,25836.0
H03733,82.1,26.1,19,西,22.616,3.898,0,116.223148,39.702794,13,26145.1
H03734,80.0,16.8,3,东,1.601,3.991,1,116.132879,39.938235,2,39292.7
H03735,102.1,7.3,3,南,6.322,4.148,0,116.437789,39.781244,3,42898.7
H03736,141.4,8.2,13,东,3.031,0.498,1,116.396278,39.792506,21,83712.1
H03737,54.3,5.7,2,东南,7.985,2.55,1,116.16393,39.816494,17,42216.3
H03738,150.5,21.2,14,南,5.017,1.06,0,116.381393,39.703483,23,56194.2
H03739,152.1,28.9,10,西南,13.844,4.839,0,116.287999,39.98605,5,40352.6
H03740,79.4,28.1,6,南,15.148,3.064,0,116.26856,39.785622,2,23950.2
H03741,107.3,17.0,2,西,14.572,1.511,1,116.222328,39.984937,22,40948.5
H03742,102.4,9.8,28,东南,5.305,2.592,1,116.531968,39.887602,24,46462.6
H03743,147.9,8.1,30,南,21.098,3.124,1,116.021329,39.7475,21,56603.1
H03744,157.9,12.7,19,南,18.88,4.294,1,116.417919,40.031457,12,61423.3
H03745,148.0,29.3,21,西,4.74,2.046,0,116.564981,39.91552,1,33461.9
H03746,134.3,10.7,12,东南,21.174,0.902,1,116.339936,39.724596,8,36007.1
H03747,62.9,22.6,9,南,12.529,3.203,0,116.078098,39.7827,15,34366.8
H03748,95.7,28.5,5,南,18.295,0.432,0,116.008911,39.887462,16,35205.0
H03749,82.8,9.5,5,东,15.431,4.496,0,116.121414,39.940897,3,41010.0
H03750,57.3,5.7,29,南,18.85,3.105,1,116.06584,39.787437,2,36138.2
H03751,81.1,25.2,25,南,18.431,1.009,0,116.188499,39.956546,8,25751.1
H03752,74.7,5.6,27,东南,20.875,0.146,1,116.14934,39.920293,10,35886.5
H03753,129.0,13.5,13,西,18.164,4.124,0,116.347902,39.954886,18,46852.8
H03754,70.1,11.6,20,东南,20.242,1.06,1,116.020303,39.731742,17,40571.7
H03755,153.1,23.8,23,南,8.667,2.022,0,116.173629,39.798928,16,52281.7
H03756,72.8,2.3,19,东南,14.01,0.872,0,116.195413,39.821365,6,44631.7
H03757,99.7,23.1,12,西南,24.073,2.294,0,116.328018,39.969141,6,25067.2
H03758,146.4,22.0,5,南,19.374,3.941,0,116.333037,39.856014,24,34969.9
H03759,100.7,28.3,12,西,10.184,3.861,0,116.455481,39.821671,23,34263.0
H03760,154.0,0.9,9,南,19.16,1.063,1,116.37157,39.807955,8,39833.2
H03761,64.6,9.7,15,南,11.689,1.426,1,116.245175,39.708001,22,34297.3
H03762,129.2,2.2,16,西,22.359,2.308,1,116.335783,39.92358,19,33702.1
H03763,114.0,5.7,19,东南,21.846,3.132,0,116.272702,39.884673,14,34585.2
H03764,92.4,19.8,17,东,16.033,3.991,0,116.553028,39.997193,17,35945.0
H03765,136.3,4.7,16,东,11.234,3.571,1,116.196137,39.998016,13,78516.8
H03766,156.8,24.3,17,东南,15.204,0.629,0,116.597336,39.860234,3,46662.5
H03767,140.8,27.6,22,南,15.259,1.801,1,116.064907,39.930672,18,48867.4
H03768,82.5,8.9,10,南,3.111,0.688,0,116.251325,39.970986,11,47592.6
H03769,48.3,2.3,3,东,19.911,1.167,0,116.40394,40.045422,16,28395.1
H03770,143.1,6.0,25,北,16.577,3.269,1,116.512257,39.92097,2,66887.3
H03771,76.9,23.2,15,北,5.38,1.595,0,116.57083,39.957799,2,30667.0
H03772,71.4,18.9,16,西南,8.177,2.004,0,116.203036,39.975254,23,37137.2
H03773,159.4,8.5,22,东,11.629,2.566,0,116.436549,39.836159,15,51411.6
H03774,154.3,15.6,15,南,20.609,4.68,0,116.374095,39.970131,19,48472.4
H03775,62.0,19.9,29,东,19.197,0.191,1,116.387247,39.750322,22,26635.8
H03776,146.0,20.5,30,南,9.695,0.742,0,116.070273,39.95511,4,42488.4
H03777,149.8,23.2,3,南,23.952,4.552,1,116.414335,39.792351,14,29371.6
H03778,117.9,11.4,29,东南,15.481,0.441,0,116.194281,40.089843,23,58111.4
H03779,96.4,5.4,19,东南,24.067,4.027,0,116.428671,39.94775,8,29252.7
H03780,141.3,14.9,14,南,4.878,1.065,0,116.57681,39.888372,3,47200.6
H03781,79.2,22.9,15,东南,17.819,1.002,1,116.373062,39.701257,11,26681.6
H03782,63.0,4.4,18,南,6.682,3.727,1,116.591552,39.836708,20,36680.8
H03783,70.4,26.1,2,南,11.443,3.524,0,116.54315,40.076375,18,25351.7
H03784,82.5,28.6,10,东,12.979,1.483,1,116.295243,39.75316,24,29057.0
H03785,73.7,1.9,19,北,7.193,3.15,0,116.385267,39.70382,15,42451.3
H03786,102.9,13.1,11,北,8.192,3.521,1,116.416832,39.920415,3,42827.2
H03787,122.2,29.3,26,北,10.684,4.993,1,116.427175,40.080983,5,31895.9
H03788,55.0,10.0,7,北,7.385,2.631,1,116.261147,39.803625,19,30943.8
H03789,51.9,11.4,26,西,23.206,3.754,0,116.365799,39.973957,9,24622.7
H03790,105.8,25.4,25,南,18.93,4.544,1,116.04173,40.023235,4,33101.8
H03791,120.8,3.1,3,东,24.795,4.567,0,116.284123,39.867179,13,36229.8
H03792,117.1,5.1,17,东南,14.624,2.319,1,116.242823,39.964886,24,62270.5
H03793,64.3,9.1,27,西,14.123,0.317,1,116.436614,39.831628,15,34087.4
H03794,141.2,15.9,25,南,17.889,2.891,1,116.229394,39.780123,12,45602.6
H03795,125.3,22.1,19,西,4.227,1.637,0,116.195851,39.776762,12,41870.7
H03796,150.5,14.2,26,北,2.433,4.741,1,116.14917,39.740347,23,70155.4
H03797,101.0,18.9,16,西,12.563,4.254,0,116.428367,40.072258,9,36912.2
H03798,130.9,27.9,6,南,24.704,3.373,0,116.512817,39.999825,20,28062.0
H03799,62.4,9.9,17,南,18.548,2.031,0,116.12856,39.850174,5,33096.2
H03800,88.6,0.7,27,东,3.178,0.866,1,116.153302,40.056139,24,59798.6
H03801,95.4,10.4,9,西,20.688,1.407,1,116.241447,39.911278,19,37456.3
H03802,143.6,13.8,14,南,3.419,3.619,1,116.26077,40.027108,20,62395.2
H03803,55.2,15.9,4,南,21.057,1.792,1,116.480836,39.982981,10,21628.2
H03804,63.2,3.7,11,东,22.327,3.186,1,116.415089,39.821739,19,30825.4
H03805,134.2,11.2,1,南,22.751,4.997,0,116.039198,39.933125,11,45177.2
H03806,105.9,22.7,12,南,20.289,2.091,0,116.17941,40.011541,5,32436.4
H03807,119.1,9.7,21,西,21.141,3.806,0,116.568268,39.889819,10,36136.9
H03808,65.5,17.1,21,东,11.593,1.334,0,116.42253,39.79115,19,28481.2
H03809,95.9,1.4,20,北,5.825,2.258,1,116.287734,39.762027,8,49963.6
H03810,154.4,10.2,23,南,20.77,3.59,1,116.52341,39.808049,11,47654.7
H03811,136.2,19.8,21,北,20.054,0.596,0,116.405568,40.077958,22,51054.9
H03812,111.1,26.7,13,南,12.964,4.704,0,116.327238,40.016263,5,32983.1
H03813,118.9,0.7,18,东,24.256,0.443,1,116.196662,39.929138,1,52020.8
H03814,90.5,0.3,24,东,20.744,3.088,0,116.146526,39.749626,14,38233.7
H03815,101.6,1.7,2,东,13.763,2.936,1,116.466181,40.035822,2,44987.1
H03816,117.3,28.8,18,西,10.56,1.337,1,116.217718,39.83706,11,35869.7
H03817,81.6,24.9,19,北,5.702,1.157,0,116.337448,39.949823,21,31738.6
H03818,91.6,13.1,25,南,18.764,3.747,1,116.463782,39.889814,11,32104.2
H03819,110.2,19.2,6,南,9.228,4.319,0,116.351792,40.000501,2,36662.7
H03820,65.9,29.6,21,南,18.424,1.964,0,116.118644,39.957787,16,26284.5
H03821,60.8,12.2,30,西,18.188,1.091,0,116.549798,39.945862,22,31586.4
H03822,114.6,8.7,26,南,20.113,1.443,1,116.130613,40.099345,7,44436.8
H03823,86.6,21.1,20,东,10.561,3.812,1,116.415912,39.947426,10,43326.7
H03824,112.3,8.1,27,西,6.439,2.952,0,116.412567,39.928187,23,40246.9
H03825,142.0,28.7,19,北,22.198,3.625,1,116.119464,39.89235,1,37153.9
H03826,156.8,4.4,11,东南,10.173,3.887,1,116.582988,39.978075,12,61016.8
H03827,137.2,9.6,17,西,18.206,0.309,0,116.274489,39.708517,1,38521.6
H03828,59.0,6.8,15,南,6.683,2.115,0,116.500343,39.869339,22,35268.0
H03829,66.7,0.9,16,南,5.255,0.202,0,116.331415,39.702728,5,31849.8
H03830,49.5,24.9,14,北,3.763,1.568,0,116.373201,39.760646,22,26168.7
H03831,45.3,22.9,13,北,6.294,4.472,0,116.546291,39.960634,9,23384.0
H03832,58.9,13.2,28,北,14.836,3.92,1,116.322784,39.763135,21,36171.5
H03833,99.8,5.6,12,南,20.687,4.012,1,116.420428,39.965797,22,45069.0
H03834,117.6,27.4,29,南,20.958,3.651,1,116.135216,39.930284,16,47925.0
H03835,140.7,15.4,25,西南,22.377,3.584,0,116.282318,40.006833,11,44265.2
H03836,140.9,1.2,17,东,17.525,3.254,1,116.432919,39.982066,4,53891.7
H03837,46.9,8.6,29,南,20.932,0.5,0,116.240779,39.807618,8,28234.4
H03838,125.5,8.1,3,南,20.874,4.572,1,116.082414,40.09514,18,52175.0
H03839,79.2,9.9,17,南,6.063,2.663,0,116.211354,39.987792,1,38642.1
H03840,124.6,11.7,26,南,7.387,4.851,0,116.213959,40.025548,19,61068.2
H03841,96.7,2.4,26,西,6.72,1.101,0,116.559079,39.943029,18,41174.0
H03842,57.7,6.0,20,东,10.947,2.415,1,116.036585,39.862913,18,45594.5
H03843,155.8,24.4,17,东南,19.416,3.853,1,116.23469,39.92892,14,49607.2
H03844,103.9,25.3,19,东,7.963,3.308,1,116.461586,40.066348,5,48402.7
H03845,59.7,27.9,23,南,24.997,0.199,0,116.105482,39.928031,3,25440.2
H03846,157.7,28.2,9,北,5.197,2.919,1,116.335748,39.795071,9,50967.1
H03847,132.8,6.0,3,西南,9.078,2.5,0,116.367669,40.06077,2,38919.8
H03848,155.9,9.8,27,南,11.834,1.347,0,116.189383,39.796499,23,52549.7
H03849,140.8,17.3,16,西,11.678,4.911,0,116.366345,39.880651,3,33027.3
H03850,100.7,7.2,24,西,15.7,1.859,0,116.289949,39.902264,4,41617.4
H03851,83.8,12.4,7,西,21.224,1.289,1,116.092988,39.831437,12,40702.8
H03852,48.1,28.8,11,西,4.459,4.606,0,116.467811,39.948282,24,24330.1
H03853,110.6,21.0,7,北,2.269,1.601,0,116.213292,40.009397,23,47811.2
H03854,52.5,9.7,25,东,5.618,3.742,0,116.332965,39.948012,13,31673.1
H03855,79.3,21.3,12,南,6.995,4.156,0,116.134875,40.07003,8,36839.0
H03856,106.5,8.0,27,东,23.713,2.069,1,116.338899,39.73065,2,39469.3
H03857,101.2,24.2,13,东,6.051,3.186,1,116.480635,39.754967,9,37278.4
H03858,74.8,6.2,8,东,22.26,0.232,1,116.405854,39.903076,15,30087.0
H03859,73.2,20.3,7,北,18.43,4.165,1,116.050609,39.931111,18,28597.8
H03860,146.7,26.2,4,南,10.778,3.515,1,116.205065,39.797311,10,39960.6
H03861,82.3,0.8,7,东南,12.839,1.406,1,116.25986,40.011557,3,35355.1
H03862,92.4,19.5,25,西,20.047,1.667,1,116.210222,39.826866,5,32421.3
H03863,156.6,1.5,9,南,1.236,3.296,1,116.191684,39.8885,18,84229.3
H03864,85.0,26.1,27,南,2.425,2.57,0,116.476616,39.935574,9,29679.1
H03865,91.2,5.0,10,北,8.704,4.02,1,116.407859,40.014468,11,32813.7
H03866,49.5,10.1,25,东南,17.02,0.512,1,116.029075,39.973696,12,32999.1
H03867,122.3,11.8,1,西南,18.259,3.007,1,116.108313,39.7318,2,49711.1
H03868,158.8,8.8,14,北,8.568,3.624,0,116.32459,39.990766,21,52985.5
H03869,51.1,8.7,2,北,13.057,3.73,0,116.409304,39.92005,4,23910.3
H03870,152.4,19.5,19,东,4.959,2.147,0,116.299089,39.945443,6,62544.4
H03871,156.6,15.4,5,南,8.139,3.246,1,116.334287,39.747307,7,41805.8
H03872,103.0,25.1,30,南,24.808,4.963,0,116.27719,40.087218,18,23265.4
H03873,150.1,2.2,9,北,22.371,0.408,0,116.374717,40.066886,14,69165.9
H03874,149.5,25.0,12,西,14.834,2.049,0,116.382463,39.77377,7,38646.8
H03875,125.9,24.8,20,北,15.292,1.011,0,116.065104,39.966877,1,36830.0
H03876,45.2,28.0,25,东,22.287,0.81,1,116.179912,39.783836,11,21501.8
H03877,88.6,11.6,6,南,10.755,1.089,0,116.336305,39.946387,16,33629.4
H03878,112.3,18.0,19,南,22.955,3.843,1,116.434454,39.960215,23,34926.9
H03879,139.7,0.6,4,东,1.213,2.08,1,116.064229,39.790958,19,71511.2
H03880,53.6,6.5,2,南,6.364,1.325,0,116.365466,39.769737,17,32551.0
H03881,87.1,6.8,3,西,18.761,0.205,1,116.204764,39.792255,20,40213.5
H03882,49.8,16.7,7,南,16.039,1.797,1,116.44236,39.714753,3,24851.8
H03883,142.4,20.8,15,西,14.666,2.029,0,116.450831,39.791768,8,35011.1
H03884,152.3,18.8,23,西南,5.52,4.225,1,116.018075,39.960708,5,68361.5
H03885,69.0,9.1,26,东南,11.161,2.824,1,116.374497,40.071565,18,31850.0
H03886,150.0,0.3,5,西,1.538,2.389,0,116.348708,39.944873,17,60538.3
H03887,74.3,16.5,6,南,10.368,4.767,0,116.105935,39.963033,16,44048.7
H03888,60.6,2.2,24,东,18.401,4.846,1,116.470922,40.09002,22,29352.2
H03889,155.3,11.0,5,南,3.661,1.413,1,116.415943,39.923452,2,60583.3
H03890,82.9,4.9,8,南,24.35,1.51,1,116.552451,39.808792,12,28599.6
H03891,81.6,27.0,5,南,13.535,4.622,1,116.028369,39.944924,4,36211.5
H03892,89.2,24.9,7,北,15.016,3.119,1,116.526405,39.889049,4,28771.2
H03893,63.3,8.2,26,东,15.611,4.206,0,116.02667,39.730588,20,31058.8
H03894,123.1,21.9,18,北,15.332,4.066,1,116.534185,39.819264,24,33367.4
H03895,92.0,21.0,2,北,24.038,0.24,0,116.102912,39.758208,7,26634.0
H03896,92.2,19.0,8,北,2.775,2.748,0,116.239881,39.849254,5,41788.2
H03897,130.0,24.5,15,北,20.698,2.409,1,116.229114,39.914009,12,37966.8
H03898,129.8,6.6,14,北,21.874,1.555,0,116.218837,39.966801,11,34353.2
H03899,48.0,24.5,6,东南,1.895,3.489,0,116.115739,39.834704,21,27016.2
H03900,111.5,1.6,22,西,3.535,4.564,1,116.495366,39.904908,17,40462.4
H03901,76.7,2.2,10,北,21.853,2.962,1,116.562567,39.886593,7,35729.9
H03902,135.2,3.6,25,北,11.699,4.002,1,116.239326,39.909151,14,48176.2
H03903,70.4,29.0,17,东,13.507,4.621,0,116.315091,39.78289,14,25989.2
H03904,140.6,3.8,30,北,2.223,3.567,0,116.238124,39.884135,7,70956.0
H03905,142.0,20.6,4,东南,13.268,2.31,1,116.133864,39.701624,23,63506.8
H03906,123.1,14.6,19,东,23.036,0.164,1,116.28428,39.945249,24,49347.8
H03907,132.6,20.8,26,南,19.011,1.178,1,116.112774,40.099773,6,53299.6
H03908,156.4,16.6,16,西南,6.157,1.678,0,116.539342,39.83631,14,45463.4
H03909,50.2,16.2,8,南,11.887,3.689,1,116.341968,39.797063,7,26348.1
H03910,132.6,28.4,14,南,3.215,2.422,1,116.410224,40.084467,22,50677.3
H03911,83.4,6.2,17,南,15.239,4.007,0,116.005935,39.977985,17,42316.5
H03912,151.4,21.3,24,东,7.447,1.888,1,116.040086,39.811614,19,79996.4
H03913,154.9,16.1,22,东南,3.101,1.861,0,116.308551,40.067825,9,46560.5
H03914,68.4,22.3,3,南,1.899,3.187,1,116.101217,39.749333,17,37231.8
H03915,144.6,28.7,16,东南,12.72,2.843,0,116.421346,39.724359,2,31466.3
H03916,97.3,1.7,24,南,4.506,2.502,1,116.007765,39.837544,22,68823.4
H03917,123.6,24.7,10,北,10.836,4.44,0,116.09473,39.81609,18,44855.0
H03918,70.4,19.9,9,东,11.795,4.723,0,116.126126,40.098089,22,33458.1
H03919,59.8,28.4,7,西南,16.994,3.921,0,116.534857,40.072148,18,20542.0
H03920,139.7,4.9,7,南,18.099,3.435,0,116.251051,39.759637,24,48286.2
H03921,129.4,27.9,26,东,17.969,4.402,1,116.354923,39.704146,15,39207.9
H03922,105.1,20.3,9,南,12.515,3.593,0,116.473604,39.92536,2,31832.2
H03923,114.4,15.7,10,东,9.636,3.39,0,116.566699,39.729461,15,48835.9
H03924,70.3,20.0,25,东,4.912,1.815,1,116.209372,39.95245,19,38510.5
H03925,62.8,6.6,2,东,1.707,3.861,1,116.404892,40.050293,11,35181.7
H03926,156.6,14.2,14,南,15.457,3.223,0,116.211557,40.005156,22,56658.3
H03927,127.0,23.9,12,北,6.644,1.875,0,116.126021,39.753834,24,35962.3
H03928,50.4,6.2,11,北,1.88,1.709,0,116.068073,39.916759,23,36820.7
H03929,143.4,13.8,10,南,2.012,3.137,1,116.450321,40.059288,9,58090.2
H03930,74.6,16.4,5,南,20.096,3.086,1,116.59248,39.95887,13,25562.1
H03931,49.8,25.2,20,南,24.215,2.095,0,116.002048,39.755042,16,23239.5
H03932,59.4,24.9,13,南,12.266,4.932,1,116.431537,39.971137,6,23690.8
H03933,110.2,19.9,18,南,17.158,0.23,0,116.255462,39.881741,12,36839.6
H03934,136.7,4.9,30,北,18.873,2.999,1,116.001327,39.941547,11,55846.9
H03935,66.7,5.6,29,南,8.117,1.501,1,116.410561,39.997314,8,45475.3
H03936,143.7,17.5,17,西,18.686,0.232,0,116.291599,39.756463,23,33795.9
H03937,70.3,0.7,8,东,14.54,3.916,0,116.243546,39.749478,16,31558.0
H03938,150.8,17.2,14,南,24.977,4.855,1,116.093603,39.72223,17,45218.0
H03939,113.4,4.6,22,南,19.973,0.452,0,116.015446,40.036867,16,45729.0
H03940,152.9,14.7,4,西,1.648,1.811,0,116.512697,40.067502,18,67099.2
H03941,87.5,1.8,26,北,20.932,4.184,1,116.113473,39.947959,4,35448.2
H03942,144.2,3.3,30,南,3.117,4.211,0,116.125988,39.931637,23,79006.8
H03943,111.9,14.8,30,东,9.42,1.955,1,116.320145,40.067446,7,49929.1
H03944,76.8,10.1,28,东,21.382,3.783,1,116.441358,40.087848,23,30134.1
H03945,148.7,13.9,16,南,7.453,3.913,1,116.208885,39.788137,13,51704.2
H03946,118.8,9.4,25,南,15.986,1.087,1,116.578663,40.054019,23,31652.8
H03947,103.2,11.1,5,西,24.088,3.078,1,116.154417,39.758382,6,40582.6
H03948,102.3,24.0,25,南,4.594,0.413,0,116.448594,39.762248,12,35542.6
H03949,139.8,25.6,9,南,8.371,3.275,1,116.070232,39.835122,22,52047.3
H03950,99.4,23.7,14,南,13.888,2.571,0,116.41774,39.816756,12,31258.2
H03951,66.8,25.6,18,东,5.149,3.168,0,116.344287,39.893918,19,31887.5
H03952,125.1,14.2,8,西,12.528,0.293,1,116.114082,40.050652,15,65185.2
H03953,130.5,17.3,15,北,22.671,1.286,1,116.493705,39.784402,1,47604.3
H03954,118.1,24.4,6,东,3.365,2.973,1,116.366578,39.747664,12,36348.0
H03955,100.9,4.6,11,南,15.277,3.584,0,116.460157,39.931987,3,40153.4
H03956,118.2,22.2,14,西南,17.315,4.129,0,116.049599,40.011787,17,33646.4
H03957,159.9,25.5,5,北,19.37,3.143,1,116.469435,40.029534,7,40177.1
H03958,65.2,26.1,13,北,6.506,4.443,0,116.180472,39.913934,12,30210.7
H03959,93.9,2.5,2,北,19.979,1.253,0,116.141828,40.03476,8,31985.4
H03960,75.2,7.0,19,南,2.967,4.235,1,116.538517,39.790367,12,43811.7
H03961,115.3,14.9,20,西南,14.458,4.894,0,116.273064,39.922219,3,53352.8
H03962,86.4,20.9,22,西,8.93,4.19,0,116.136318,40.099499,10,42062.1
H03963,74.6,27.9,17,东,14.842,2.103,1,116.296152,40.06067,12,30766.8
H03964,65.0,27.5,27,东南,20.344,4.789,0,116.244237,40.067377,4,26600.7
H03965,48.6,27.8,12,东南,5.683,1.185,0,116.372974,39.877658,24,28758.1
H03966,155.8,25.3,19,南,10.357,0.918,1,116.232392,39.875232,16,74898.6
H03967,138.9,11.8,16,东,21.872,0.176,1,116.116348,39.795652,6,53291.6
H03968,106.1,26.0,23,东,13.303,4.349,0,116.227638,39.763741,10,35461.3
H03969,81.2,2.3,15,南,3.42,3.163,1,116.470785,39.901953,5,46935.6
H03970,97.1,24.9,4,南,8.743,2.439,0,116.328574,40.083048,18,40316.9
H03971,125.1,26.2,30,北,10.617,4.037,0,116.206472,40.045435,17,36830.9
H03972,153.4,11.3,15,南,20.293,4.47,1,116.50502,39.846437,21,47831.9
H03973,58.8,25.7,8,西,10.327,1.105,1,116.166536,39.80253,9,30259.4
H03974,61.4,28.1,27,南,16.242,3.811,1,116.407776,40.048634,12,21769.8
H03975,74.6,26.2,7,南,9.67,3.467,0,116.579035,39.985946,1,23162.5
H03976,119.4,29.7,20,西,10.711,1.931,1,116.487988,40.074117,8,36544.4
H03977,132.6,6.0,4,南,2.939,1.419,0,116.536271,39.989003,10,55526.0
H03978,75.2,9.0,16,西,22.59,0.321,0,116.547607,40.065473,20,31177.3
H03979,128.3,17.3,19,南,9.685,2.381,0,116.459155,39.977314,15,43917.6
H03980,59.9,19.0,1,西南,5.861,1.916,0,116.292173,39.899907,1,32264.3
H03981,97.3,19.3,12,东,14.886,0.692,0,116.599645,40.079101,14,38587.4
H03982,130.0,17.4,20,西,16.337,3.233,0,116.401401,39.869436,17,40480.8
H03983,90.1,20.5,26,西南,4.828,2.373,1,116.371105,39.789707,12,40310.3
H03984,46.6,20.3,13,西,6.936,0.65,1,116.144977,39.704283,11,28506.6
H03985,66.1,9.7,23,南,17.768,4.22,0,116.1219,39.758137,5,31312.5
H03986,73.8,18.4,20,西,14.481,0.447,0,116.237609,40.05487,2,30118.5
H03987,101.9,1.6,24,北,16.732,2.767,0,116.508196,39.742951,11,31112.2
H03988,67.1,10.9,3,南,1.142,0.919,0,116.091468,40.073012,7,43099.5
H03989,143.4,2.5,1,北,17.389,1.257,0,116.447906,39.825817,6,41137.3
H03990,133.0,10.0,5,南,17.041,2.104,1,116.578299,39.736881,9,38807.3
H03991,154.1,27.7,21,西,8.654,4.679,0,116.531429,39.728774,15,35697.0
H03992,56.0,3.0,1,南,20.71,2.985,0,116.216726,40.096062,10,29474.9
H03993,116.0,8.1,27,北,18.516,3.165,1,116.547273,39.780373,23,39050.4
H03994,58.5,1.4,25,南,10.736,0.99,1,116.383506,39.926597,1,32970.4
H03995,98.5,17.0,6,东南,5.084,3.272,0,116.464199,39.910118,17,36377.9
H03996,126.0,19.9,26,西,22.727,1.095,1,116.345279,40.067147,22,35105.2
H03997,98.2,15.7,24,西,5.566,1.952,0,116.338824,39.959775,12,38378.5
H03998,111.2,2.3,14,南,6.221,3.193,1,116.26631,39.767256,18,55241.2
H03999,72.7,21.5,26,东南,2.287,2.912,1,116.575668,40.011611,8,35101.8
H04000,52.6,10.3,25,东,16.25,2.747,0,116.067739,39.793803,21,36022.2
H04001,66.4,14.8,8,南,13.836,1.645,1,116.338127,39.972586,17,35936.6
H04002,107.8,3.8,28,南,6.808,4.748,0,116.038809,39.941326,11,64539.3
H04003,75.2,9.6,1,南,5.376,2.15,1,116.169708,40.082639,3,48940.2
H04004,83.3,1.5,7,北,15.688,0.365,0,116.08873,39.865152,17,41668.5
H04005,135.6,18.2,8,东,17.8,4.087,0,116.082288,40.081287,10,41594.4
H04006,119.3,12.6,1,东,4.744,1.996,0,116.438137,39.990461,9,41385.9
H04007,157.3,28.8,26,东南,21.751,2.037,0,116.126083,39.808735,3,41899.9
H04008,123.0,3.9,14,东,2.281,0.781,0,116.308289,39.921924,10,42170.7
H04009,102.0,10.7,18,北,24.252,2.552,1,116.594937,39.711703,18,25985.6
H04010,144.5,8.7,10,南,4.972,4.253,0,116.553872,39.924127,6,52587.9
H04011,152.0,25.5,26,东南,15.518,1.132,0,116.296151,39.9377,3,56937.6
H04012,77.4,1.8,28,东,24.346,2.471,0,116.260022,39.824521,13,30102.8
H04013,70.2,19.1,30,南,1.153,3.269,0,116.427215,39.939483,13,32329.5
H04014,131.5,24.3,17,北,8.503,3.236,1,116.183433,39.947884,6,54102.3
H04015,46.2,27.8,4,西,22.626,3.635,1,116.288038,39.930872,22,19723.1
H04016,158.9,7.2,11,西,2.357,2.529,0,116.151539,39.981562,5,61541.5
H04017,118.6,16.0,29,北,13.263,2.683,1,116.489953,39.997408,15,55167.9
H04018,152.0,1.6,24,北,4.789,2.483,1,116.599909,39.756118,13,66296.4
H04019,78.0,23.2,3,北,15.243,0.966,1,116.212856,40.090205,20,34565.1
H04020,155.2,26.3,12,南,8.075,4.239,1,116.223727,39.763755,4,38013.3
H04021,61.1,8.6,13,南,12.145,0.9,1,116.572448,39.767025,22,39690.0
H04022,151.3,21.6,3,北,23.946,2.684,0,116.381717,39.723086,11,38267.4
H04023,110.7,17.0,22,东南,18.093,3.223,1,116.591535,39.948172,8,35233.3
H04024,88.5,18.7,21,南,9.025,4.908,1,116.319887,40.086027,17,47562.0
H04025,110.8,3.8,30,东,12.515,3.19,1,116.069211,39.896072,20,60344.6
H04026,87.4,3.3,12,北,22.153,3.776,1,116.174448,39.715218,6,36594.1
H04027,148.7,2.0,15,西南,9.456,4.327,0,116.531013,39.75994,9,54174.6
H04028,98.3,2.3,5,西,22.771,4.613,0,116.396656,39.84869,19,38483.0
H04029,145.1,10.6,1,南,1.635,4.211,0,116.058373,39.845413,14,51244.5
H04030,55.7,7.1,4,东,11.476,3.268,1,116.149367,39.718413,9,29414.9
H04031,71.1,13.3,27,南,13.078,4.647,0,116.325481,39.882496,14,31208.5
H04032,150.3,17.2,5,南,19.776,3.59,0,116.074914,39.7595,5,47887.3
H04033,133.1,27.1,19,南,18.675,2.251,1,116.050278,39.958082,13,51906.8
H04034,64.5,4.6,16,东南,2.755,4.874,1,116.460465,39.969177,17,49371.4
H04035,70.0,9.9,16,东,14.89,3.283,1,116.445386,39.855434,3,34412.2
H04036,53.3,17.5,28,西,16.107,2.209,1,116.38935,39.718009,23,25037.7
H04037,124.1,14.8,16,南,10.808,3.409,0,116.458371,39.751649,24,37552.3
H04038,141.4,1.2,12,西南,2.362,1.849,1,116.191553,40.016379,6,72451.6
H04039,141.1,15.7,5,北,23.642,1.065,1,116.34502,39.704881,19,39895.7
H04040,60.9,17.0,19,南,14.464,4.164,1,116.101037,39.766295,2,28290.0
H04041,121.3,29.7,25,南,17.111,2.791,0,116.42782,39.949747,15,40471.0
H04042,159.1,27.8,27,西,21.238,3.053,0,116.450393,39.980607,6,41815.4
H04043,80.3,20.4,2,南,19.982,2.075,1,116.001297,39.73508,10,34459.8
H04044,98.8,7.3,12,北,14.113,4.548,0,116.200557,40.067308,18,55281.1
H04045,152.0,22.1,28,东南,8.336,1.722,1,116.265702,39.785339,14,63228.9
H04046,141.3,2.4,24,北,7.361,3.375,1,116.476963,39.789969,23,72201.0
H04047,48.3,15.4,14,南,6.906,4.485,0,116.408702,39.718215,14,24669.9
H04048,89.1,5.1,1,南,16.534,4.347,0,116.186111,39.875405,13,41617.4
H04049,51.9,10.9,4,东南,16.147,4.153,1,116.537684,39.982593,19,24238.0
H04050,130.9,15.0,25,东,4.382,0.315,1,116.127396,39.760398,5,56894.0
H04051,86.7,4.2,15,北,4.576,2.771,0,116.202529,40.004957,14,41829.9
H04052,61.7,16.0,5,北,22.617,0.706,0,116.178178,40.010959,11,26960.7
H04053,136.6,26.3,16,北,7.225,2.747,1,116.318864,39.899306,20,40122.4
H04054,55.1,21.8,25,南,10.397,0.221,1,116.53915,39.767443,7,26803.0
H04055,144.4,27.4,6,南,3.217,2.661,0,116.498835,39.704833,18,41823.7
H04056,77.3,2.3,21,北,23.419,0.219,1,116.370502,39.81749,20,30528.2
H04057,119.2,18.7,20,北,5.137,3.58,0,116.562547,39.892779,14,32125.3
H04058,136.2,20.8,20,南,20.896,4.105,0,116.48946,39.885878,5,36896.7
H04059,76.2,17.0,7,北,8.216,1.669,1,116.102871,39.708159,24,27901.3
H04060,112.1,24.7,13,北,14.181,1.843,0,116.55428,39.745029,11,31847.3
H04061,124.4,8.5,19,北,8.078,3.842,1,116.331688,40.036504,22,60770.0
H04062,79.8,4.0,14,西南,22.561,2.501,1,116.341809,39.836998,6,33023.6
H04063,99.9,19.5,23,西南,22.649,0.538,1,116.385386,40.06883,11,39453.0
H04064,156.2,23.2,22,南,1.125,3.941,1,116.184676,39.946936,11,61405.3
H04065,49.3,10.9,29,东,8.002,2.53,1,116.154408,40.061828,4,41281.0
H04066,131.6,12.4,14,南,11.331,2.796,0,116.051247,39.917785,2,52376.8
H04067,61.5,5.1,8,南,7.712,2.369,0,116.034963,39.702216,22,44214.1
H04068,60.6,19.6,5,东南,22.334,3.486,1,116.496652,39.905368,14,26639.2
H04069,66.6,26.9,10,北,20.701,0.926,0,116.430857,39.972814,20,24735.0
H04070,54.4,24.3,16,南,22.752,4.413,0,116.328808,39.915583,4,21233.7
H04071,132.6,13.7,30,东,18.168,3.023,0,116.243598,40.00854,5,43645.0
H04072,140.0,3.2,22,南,8.144,3.398,1,116.047492,39.946019,12,56937.6
H04073,107.8,14.8,19,东,8.615,0.828,1,116.586441,40.05818,2,45784.0
H04074,138.0,22.1,27,北,2.601,3.919,0,116.274616,39.852064,7,48121.1
H04075,111.8,22.9,14,东南,13.499,0.64,0,116.030719,39.92038,15,56745.4
H04076,151.1,23.2,29,南,24.46,1.492,1,116.33311,39.852491,24,36630.4
H04077,121.6,25.1,28,东,17.577,0.509,1,116.147859,39.947313,19,40913.1
H04078,107.4,21.0,27,西,23.502,0.36,0,116.506616,39.908351,1,31637.4
H04079,104.6,13.0,9,西,6.978,4.618,1,116.518644,39.902138,10,36045.3
H04080,57.2,29.1,5,北,6.26,3.217,0,116.034074,39.71952,7,22996.4
H04081,117.9,12.1,11,南,7.684,4.764,1,116.569827,39.934322,14,47545.7
H04082,151.4,25.6,25,东,24.749,2.741,1,116.203265,39.833066,17,47402.5
H04083,53.1,4.4,23,东,15.278,1.727,0,116.573597,39.833522,15,30074.9
H04084,116.2,28.1,5,南,20.962,2.248,1,116.290288,39.987061,10,28621.0
H04085,119.8,26.0,2,东南,24.685,2.228,0,116.308273,40.004187,19,27957.7
H04086,75.6,15.5,28,南,21.853,1.211,1,116.438334,39.966351,3,26585.9
H04087,114.4,21.3,24,东南,7.959,1.827,0,116.337414,39.973792,11,37458.5
H04088,67.7,26.9,22,南,17.563,2.427,1,116.590561,39.797771,22,23573.5
H04089,120.6,8.0,23,南,8.137,2.1,1,116.584873,39.857186,18,42593.6
H04090,150.0,23.4,16,西,13.472,1.386,1,116.405699,39.748315,13,54475.4
H04091,136.0,6.2,16,南,12.013,0.842,1,116.529079,39.930918,1,45927.7
H04092,75.0,21.2,19,西南,10.651,0.828,1,116.368593,39.960925,18,29107.7
H04093,54.8,14.8,24,东,15.799,3.402,0,116.502331,39.994546,21,27419.2
H04094,104.7,5.6,8,南,9.264,4.483,0,116.02356,39.790355,2,55172.2
H04095,106.8,7.6,6,南,2.019,4.936,0,116.589252,40.081309,11,37558.2
H04096,71.2,17.8,25,东南,21.776,0.71,0,116.010912,40.074959,1,32300.9
H04097,68.1,17.9,30,南,12.201,0.407,1,116.342221,39.753448,23,32609.5
H04098,151.2,4.7,13,东,5.106,3.208,1,116.108333,39.967462,19,92690.7
H04099,157.8,16.8,29,北,4.369,3.765,1,116.460911,39.724075,20,53989.6
H04100,46.3,10.4,30,南,1.871,0.411,1,116.429167,40.003694,4,33587.4
H04101,46.5,1.7,10,南,1.48,1.874,0,116.171874,40.079719,19,52351.6
H04102,105.5,26.0,12,东,20.92,2.949,0,116.299444,39.81748,22,31343.3
H04103,124.9,9.2,1,西,1.98,2.014,1,116.148551,39.722447,8,52460.1
H04104,103.9,19.8,8,南,4.411,4.887,0,116.000621,40.077341,21,69515.7
H04105,128.4,29.6,23,东南,22.929,3.269,0,116.436365,39.898311,19,34044.2
H04106,84.7,12.2,11,南,16.751,0.568,0,116.23847,39.995506,18,46731.1
H04107,74.2,2.3,12,东南,5.911,2.957,1,116.364589,39.908898,4,45147.1
H04108,150.1,8.4,14,西,1.904,1.633,0,116.349884,39.813338,5,59306.6
H04109,94.1,2.4,7,北,1.297,2.525,1,116.373772,40.007642,6,59534.3
H04110,133.7,10.9,1,东,6.027,1.638,0,116.116641,39.717259,20,53301.1
H04111,134.1,18.8,14,南,16.824,2.485,0,116.249402,39.883951,22,36968.1
H04112,142.2,29.1,9,北,3.11,3.621,1,116.528942,39.784002,17,50124.2
H04113,156.3,10.6,9,南,4.927,1.38,0,116.249749,40.078808,2,52356.1
H04114,140.3,21.3,1,南,21.081,1.212,0,116.183065,39.734822,15,46599.6
H04115,63.8,3.8,19,北,8.08,2.613,0,116.269947,39.848955,15,45605.8
H04116,49.7,22.1,2,西,6.392,3.204,1,116.28127,39.861667,3,28102.0
H04117,158.5,3.5,8,东南,15.881,2.702,0,116.509796,39.915972,23,45571.5
H04118,47.3,4.3,23,南,9.708,1.281,0,116.362946,39.716638,8,33466.3
H04119,90.1,21.5,4,东南,18.824,4.859,1,116.457489,39.942801,4,29501.7
H04120,152.2,14.4,5,东,22.744,4.037,0,116.427672,39.823341,13,47448.8
H04121,94.9,7.1,22,南,16.418,1.465,1,116.374867,40.036928,21,42084.5
H04122,96.8,16.4,12,南,22.274,1.339,0,116.517527,39.831222,13,29546.1
H04123,49.7,3.1,25,南,9.495,4.526,0,116.571326,39.726111,11,28671.0
H04124,48.7,24.9,6,西南,2.058,3.188,0,116.497702,40.081645,20,26794.1
H04125,132.6,1.1,12,南,24.589,0.25,1,116.28756,39.831818,2,51851.4
H04126,54.7,29.9,1,西南,21.96,3.99,1,116.588901,40.05492,3,20155.5
H04127,143.4,21.7,20,东,20.318,0.29,1,116.491203,39.744874,15,34982.1
H04128,96.2,11.4,2,北,21.487,3.054,1,116.463695,39.723704,23,32821.7
H04129,100.1,14.1,4,南,20.008,2.898,0,116.13901,39.774439,9,31667.2
H04130,127.0,7.3,7,南,18.193,3.603,0,116.286269,40.054523,16,32152.7
H04131,131.5,23.1,12,西,11.836,1.646,1,116.210941,39.860478,2,65317.3
H04132,148.7,21.7,18,北,15.056,2.043,1,116.408038,40.016191,8,53931.1
H04133,71.4,27.7,25,西,17.679,0.684,1,116.01898,39.707555,23,30941.3
H04134,149.2,11.5,9,北,16.198,4.9,1,116.444907,40.011934,8,42761.6
H04135,155.3,0.8,5,东,10.663,3.848,1,116.160501,39.8415,15,86491.2
H04136,150.5,22.4,27,西,16.193,3.891,0,116.224791,39.913441,1,29766.1
H04137,48.6,16.9,16,南,2.472,2.744,1,116.514177,39.887905,18,31775.5
H04138,62.8,8.2,25,西南,16.848,2.452,1,116.374283,39.899475,14,31831.7
H04139,77.1,3.5,25,南,9.01,4.454,1,116.259271,39.951606,6,36507.8
H04140,110.2,18.2,16,南,16.612,4.328,1,116.327311,39.9523,17,36772.0
H04141,106.6,1.8,3,东,15.296,1.437,1,116.290904,40.060649,15,54931.7
H04142,71.8,29.8,29,南,11.441,2.07,1,116.183536,39.701117,20,23426.3
H04143,119.0,8.8,13,南,4.253,1.279,0,116.420046,39.713971,1,43824.0
H04144,103.5,7.1,25,南,3.19,2.879,0,116.288331,40.095076,5,59559.3
H04145,94.3,20.9,13,北,12.776,2.249,0,116.125547,39.741634,10,35308.8
H04146,94.1,10.7,17,西,24.511,1.346,0,116.09032,40.084674,4,29688.9
H04147,71.1,18.2,28,南,2.987,1.582,1,116.231919,39.828121,16,48365.7
H04148,144.6,4.2,16,北,9.678,1.943,0,116.435417,39.801582,10,83061.8
H04149,122.1,15.3,24,东,16.052,3.642,1,116.414811,39.732987,1,29769.3
H04150,123.6,12.2,17,东南,9.705,3.347,1,116.306709,39.820008,7,55352.3
H04151,115.0,29.1,21,东,10.23,3.605,0,116.170931,39.894469,6,38698.7
H04152,66.2,19.8,26,南,1.383,2.478,1,116.032021,39.785373,24,39823.8
H04153,146.6,1.5,21,东,15.557,1.801,1,116.535258,39.762414,13,67876.9
H04154,95.1,6.2,17,东南,3.426,2.083,0,116.311227,39.877195,22,49371.6
H04155,115.2,14.2,3,北,13.066,4.12,0,116.596699,39.79213,19,32493.5
H04156,115.2,9.5,6,西南,10.386,2.99,0,116.303774,39.750587,16,45008.8
H04157,96.2,16.7,21,南,6.492,4.116,0,116.032669,40.002317,7,36321.9
H04158,92.3,25.9,15,南,9.907,2.714,1,116.56543,39.925031,2,26473.1
H04159,63.5,13.7,29,南,18.865,1.741,0,116.034953,39.865516,4,28123.2
H04160,103.1,1.2,25,东南,2.586,3.875,1,116.528445,40.022488,13,86013.7
H04161,84.3,23.0,13,西南,11.696,1.227,1,116.036328,40.041904,13,43670.7
H04162,120.3,5.3,18,西,12.528,0.664,0,116.552461,39.790797,21,55683.8
H04163,130.8,2.4,10,东南,22.936,1.72,1,116.514079,39.754161,10,39843.3
H04164,128.7,25.8,17,南,14.077,4.964,0,116.301668,39.923226,3,43910.1
H04165,136.2,10.4,7,北,21.375,1.467,0,116.362599,39.887072,2,49515.6
H04166,64.8,27.7,16,南,16.449,3.404,0,116.458192,39.936584,12,22080.5
H04167,52.3,5.1,24,南,5.434,4.822,1,116.219216,39.799287,20,34296.9
H04168,97.7,0.9,16,南,3.754,4.72,0,116.196317,40.096893,4,57666.2
H04169,126.4,28.5,5,南,2.087,2.174,0,116.3976,40.069737,2,42718.9
H04170,150.6,12.4,4,南,4.933,0.606,1,116.333837,39.869633,17,47080.9
H04171,96.7,24.5,21,北,22.55,1.88,0,116.337162,39.757988,16,27496.7
H04172,113.4,29.0,26,东,14.383,4.048,1,116.262287,39.828118,3,38801.1
H04173,138.7,26.1,24,西,14.739,3.273,0,116.49622,39.887003,3,52753.7
H04174,88.8,24.9,14,南,5.475,3.71,1,116.069904,39.865048,8,33786.6
H04175,103.3,17.9,26,南,10.319,4.178,1,116.148959,39.879301,1,40655.1
H04176,137.5,3.7,27,北,2.316,2.172,1,116.215517,40.094064,4,80685.9
H04177,84.1,16.4,4,东南,16.072,1.704,1,116.183273,39.727761,20,39082.8
H04178,91.6,14.8,4,北,23.944,4.889,0,116.538669,39.871623,21,30220.9
H04179,108.2,1.7,25,东南,17.597,0.158,1,116.495553,39.823362,5,43378.8
H04180,56.4,1.7,24,东,18.471,0.414,0,116.100498,39.75104,8,31588.8
H04181,56.1,24.2,2,南,13.135,3.67,0,116.365101,39.809014,2,19664.7
H04182,127.7,23.3,26,东,19.636,0.384,1,116.112906,39.955296,22,53640.6
H04183,128.0,13.4,4,东,14.867,2.897,1,116.119755,40.039717,10,43811.4
H04184,148.5,4.8,29,东南,5.533,1.722,1,116.100641,39.746952,14,74990.7
H04185,48.5,0.5,7,北,17.274,4.238,1,116.006473,39.701608,18,32743.7
H04186,60.9,3.2,13,南,13.109,1.559,0,116.575216,39.986444,16,36749.6
H04187,110.9,22.1,21,南,14.313,3.155,0,116.146785,39.87901,11,35694.9
H04188,116.7,6.0,16,北,17.912,2.691,1,116.275519,39.85213,13,44937.4
H04189,149.4,2.2,29,东,13.586,3.392,0,116.421746,39.982149,4,44149.7
H04190,131.9,16.6,14,北,13.935,0.7,0,116.389191,39.794621,21,35444.3
H04191,55.9,20.9,1,南,22.783,1.811,0,116.302226,39.837715,18,20877.4
H04192,48.2,1.3,19,南,13.647,4.846,0,116.33842,40.047527,21,31851.3
H04193,87.4,26.6,14,东,4.001,2.197,1,116.463601,39.711046,22,31080.1
H04194,51.1,15.7,17,南,18.176,0.27,0,116.388503,39.87474,10,28562.3
H04195,112.5,6.4,8,南,5.427,4.796,0,116.339751,39.907514,5,44536.7
H04196,75.5,3.7,22,南,2.45,4.254,0,116.259122,39.910707,9,40704.8
H04197,45.7,10.7,28,南,14.31,3.584,0,116.179246,40.02353,17,30905.0
H04198,64.6,25.5,17,东南,5.491,1.24,1,116.369809,39.949118,8,26153.1
H04199,55.1,25.6,11,南,13.243,0.882,1,116.563198,40.07376,3,32687.6
H04200,139.0,5.2,25,东,22.654,3.636,0,116.111818,39.836561,20,70852.8
H04201,75.8,21.1,29,北,22.552,3.013,0,116.170184,39.940852,22,32844.6
H04202,111.1,11.0,25,南,3.396,1.094,0,116.030649,39.973878,6,59542.4
H04203,91.1,7.2,12,南,21.362,0.374,1,116.228372,39.819319,3,31732.2
H04204,145.4,6.3,20,西,9.391,2.052,0,116.448188,40.089227,9,51100.7
H04205,127.7,8.0,7,南,4.401,3.192,0,116.174321,39.925805,12,73733.1
H04206,91.8,7.8,11,东,23.555,2.544,1,116.428995,39.821459,20,37704.8
H04207,72.1,6.0,8,东,7.865,2.324,0,116.524636,39.851801,2,34970.6
H04208,131.2,13.1,13,南,21.542,1.965,0,116.09651,40.035116,8,41047.9
H04209,78.4,17.4,23,西,4.862,0.611,1,116.219496,39.87755,20,36858.3
H04210,110.1,27.9,18,东,9.465,4.632,1,116.253964,40.092633,3,45197.9
H04211,107.9,8.8,14,南,11.672,4.839,0,116.245417,39.835024,21,53672.4
H04212,133.2,13.9,27,东,13.331,3.624,0,116.11507,40.085541,12,57417.1
H04213,121.4,13.0,18,东,6.686,1.798,0,116.069338,39.705471,12,51606.6
H04214,130.4,9.9,28,东南,9.317,4.115,0,116.157687,39.854733,19,68665.9
H04215,127.0,3.3,16,北,1.452,4.716,1,116.533111,39.712556,8,41425.6
H04216,58.2,1.9,9,西,4.952,2.439,0,116.441731,39.851666,24,37208.9
H04217,63.6,7.3,20,东,1.607,3.08,1,116.491032,40.053006,14,37573.2
H04218,68.1,5.7,2,南,3.341,1.37,0,116.469703,40.078326,20,38958.0
H04219,66.9,29.1,24,北,17.774,2.801,1,116.246241,39.85667,9,23329.9
H04220,121.2,6.0,8,南,11.512,4.563,1,116.05398,40.098886,13,52805.9
H04221,101.3,15.1,1,南,11.911,0.332,0,116.254083,40.096698,13,31550.4
H04222,47.1,9.6,25,东,15.967,2.016,0,116.112164,39.828046,19,35462.3
H04223,76.3,4.8,4,东南,5.552,4.596,1,116.380726,39.777596,9,40706.5
H04224,69.3,13.3,11,南,9.52,0.184,0,116.310527,39.740918,19,34581.5
H04225,64.8,12.1,14,东,23.909,2.349,0,116.563328,39.932549,21,26714.7
H04226,156.7,20.8,3,南,2.287,4.521,1,116.00079,39.848746,10,72161.3
H04227,79.1,5.7,14,北,20.552,4.263,1,116.52208,39.754277,15,31161.4
H04228,78.7,20.0,13,北,6.64,1.654,1,116.151199,40.033203,20,38814.5
H04229,84.3,6.6,12,南,5.468,4.953,1,116.330953,40.049828,20,40623.4
H04230,129.2,7.1,24,西,13.992,2.177,1,116.544618,40.00017,24,43914.4
H04231,143.4,9.7,3,南,1.095,1.486,0,116.405556,39.963594,4,64544.1
H04232,101.0,6.5,10,西南,22.95,3.595,1,116.585329,39.807289,1,29453.9
H04233,88.2,8.2,6,东南,5.695,4.832,1,116.08856,40.082401,8,42150.0
H04234,58.8,11.6,9,东南,20.559,3.395,0,116.207318,40.085032,18,33626.4
H04235,145.1,6.1,29,东南,13.273,3.918,0,116.533903,39.982394,11,43070.1
H04236,51.5,7.8,20,南,20.463,3.958,1,116.400936,39.977504,8,24803.3
H04237,146.2,22.1,8,西,24.167,4.832,0,116.111021,39.895072,1,30439.1
H04238,52.5,8.4,26,西,23.083,0.561,1,116.446516,39.84288,17,25379.1
H04239,73.7,6.9,24,南,19.407,4.087,1,116.349429,39.867167,18,36560.3
H04240,61.7,15.0,23,西南,2.71,0.452,0,116.120636,40.053805,22,39898.0
H04241,136.9,11.6,30,西,10.964,1.512,1,116.462617,39.79014,24,43987.0
H04242,85.9,14.7,3,南,8.094,1.362,1,116.22778,40.000618,10,46844.7
H04243,49.0,11.5,2,北,2.968,1.925,1,116.429147,39.98056,2,29020.6
H04244,85.4,28.2,27,南,14.108,2.703,0,116.368072,39.994102,10,25797.8
H04245,138.0,25.5,25,南,1.735,2.781,1,116.59435,39.963746,14,50309.9
H04246,121.6,1.3,12,东,19.226,3.925,1,116.038742,39.917997,6,48718.0
H04247,107.7,26.3,23,南,14.012,1.647,1,116.326449,39.846674,9,35173.6
H04248,73.1,10.6,12,西南,7.742,3.189,0,116.057111,39.837791,22,36949.9
H04249,140.3,15.9,7,东,23.773,4.983,1,116.022689,39.934479,17,42874.2
H04250,76.9,10.8,11,西,14.192,0.466,1,116.078835,39.927924,12,40648.0
H04251,96.0,21.3,6,南,4.327,1.255,1,116.176314,39.759298,17,44351.9
H04252,114.0,8.8,21,北,13.696,4.858,0,116.04957,40.056837,2,41904.3
H04253,76.7,7.2,19,西南,21.48,2.183,1,116.526214,39.994118,10,27017.7
H04254,154.3,17.5,7,北,20.763,4.559,1,116.599626,39.890492,23,32041.1
H04255,107.3,29.6,22,东,2.984,4.944,0,116.148243,39.86735,5,38987.1
H04256,124.3,12.4,18,北,3.073,4.714,0,116.137342,39.756859,6,55364.1
H04257,67.1,3.9,15,东南,22.878,0.192,0,116.440675,39.808695,7,28436.0
H04258,79.0,11.7,19,东南,22.928,0.468,1,116.335457,40.052631,18,38248.2
H04259,73.7,27.6,24,东南,13.158,0.859,0,116.376306,39.703678,9,24016.3
H04260,94.3,15.7,7,南,1.856,0.576,1,116.541307,40.055559,6,41496.2
H04261,97.6,5.5,11,南,8.059,0.855,1,116.054839,39.83511,13,57110.0
H04262,69.0,29.4,29,南,4.606,4.914,1,116.470558,39.81705,16,32590.5
H04263,140.3,22.5,30,南,21.334,3.5,0,116.586155,39.735819,10,36660.5
H04264,124.3,5.8,3,西南,19.89,3.934,1,116.358169,40.040331,22,63557.3
H04265,135.4,23.6,24,南,23.746,1.953,1,116.263834,39.824721,15,38922.7
H04266,103.4,7.1,4,西,5.657,3.669,0,116.566798,39.787535,19,49454.6
H04267,59.5,26.8,16,南,4.604,0.78,1,116.564322,39.756517,17,31922.8
H04268,85.3,5.9,16,南,17.309,2.124,0,116.541399,39.848872,4,34643.9
H04269,64.5,18.0,20,北,13.784,4.139,1,116.067194,40.053728,9,31283.2
H04270,91.9,5.3,2,西,13.773,2.039,1,116.315853,39.887997,9,37499.8
H04271,143.7,0.3,13,东,15.742,2.242,1,116.536021,39.721166,19,44671.8
H04272,118.2,17.7,21,北,2.228,3.666,0,116.547522,39.727188,20,41294.0
H04273,107.4,2.0,5,南,14.831,2.598,1,116.32006,39.843948,11,42105.9
H04274,101.5,4.8,28,西,5.993,4.189,0,116.364168,40.021449,9,61627.1
H04275,125.5,1.9,21,南,7.425,0.991,1,116.469128,40.026042,18,55454.2
H04276,146.7,10.2,19,东,24.972,0.855,1,116.120379,40.046868,6,48068.7
H04277,150.2,2.4,8,南,3.134,0.701,0,116.147534,39.705331,4,62308.3
H04278,63.4,23.1,11,北,21.541,2.021,0,116.195831,39.874984,23,24665.4
H04279,143.2,6.5,18,北,5.405,0.647,0,116.501003,40.057619,1,55174.0
H04280,78.9,25.3,29,北,9.557,2.559,1,116.106959,39.724581,17,30263.4
H04281,108.1,8.4,13,北,16.155,2.911,1,116.215774,39.706303,24,43237.2
H04282,53.3,16.0,18,东,5.808,2.221,1,116.113045,40.06785,20,34971.5
H04283,85.6,8.9,7,南,15.462,4.515,1,116.357451,39.727792,15,40930.1
H04284,128.8,0.9,15,东,20.186,1.655,0,116.443699,40.028963,7,50987.9
H04285,111.7,15.4,24,西南,9.652,3.556,0,116.341052,39.874823,6,33665.8
H04286,86.0,13.9,21,西,19.707,4.286,1,116.594881,39.835916,18,35006.2
H04287,50.3,2.5,8,西南,18.895,1.952,1,116.492485,40.083,4,26766.9
H04288,141.1,29.4,13,东,12.477,2.355,0,116.071126,39.74347,24,38016.7
H04289,76.3,23.8,13,南,7.091,0.392,1,116.432293,39.885937,2,30097.3
H04290,116.2,25.4,22,东,10.252,0.221,0,116.43179,39.888673,15,37873.6
H04291,92.8,25.5,23,南,9.055,1.682,1,116.071897,39.767419,22,39216.7
H04292,142.9,26.2,16,南,18.316,0.746,1,116.598948,39.93556,18,48258.5
H04293,137.6,9.2,18,西南,12.867,2.901,0,116.371633,39.99141,23,57405.7
H04294,143.8,5.1,4,南,12.662,3.609,1,116.166295,40.071471,14,61932.9
H04295,49.9,19.8,27,北,14.892,3.567,1,116.105008,39.777642,2,25556.4
H04296,74.5,8.2,3,北,21.885,1.486,0,116.314034,39.900392,21,32026.9
H04297,61.5,19.8,13,东南,18.815,0.373,0,116.589446,39.928865,2,25525.2
H04298,108.5,19.2,30,北,3.433,0.142,0,116.289227,39.700339,15,43536.8
H04299,93.3,14.0,23,南,21.337,2.708,0,116.372879,39.882023,12,27960.2
H04300,74.9,18.8,15,南,15.405,3.624,0,116.223247,39.914162,17,29010.2
H04301,83.2,25.3,3,南,9.447,0.713,0,116.30562,40.043044,2,35690.4
H04302,63.5,22.2,12,南,20.704,4.516,1,116.26113,39.732838,6,21573.0
H04303,81.7,12.2,17,西,16.073,3.534,1,116.409404,39.853719,17,34035.2
H04304,137.8,23.7,30,北,21.365,1.337,0,116.454826,40.01653,3,32319.4
H04305,82.1,2.1,19,南,9.415,0.182,1,116.24165,40.082673,1,52951.2
H04306,46.5,15.1,17,东南,12.455,0.622,0,116.165892,39.952003,12,30885.5
H04307,125.1,0.9,14,西,10.934,1.193,0,116.008061,39.881624,15,70112.5
H04308,109.5,15.0,4,北,23.408,4.873,1,116.194839,39.900442,22,38111.7
H04309,102.4,10.8,28,西,12.461,1.802,0,116.293459,39.859902,5,34991.6
H04310,89.1,22.0,9,东南,14.188,1.705,1,116.230563,39.84088,11,29468.2
H04311,131.5,8.1,26,南,20.494,0.889,0,116.370845,40.026705,22,52077.8
H04312,80.3,24.7,24,南,9.871,4.314,1,116.198287,40.050135,3,36478.5
H04313,103.9,25.5,21,南,10.297,1.905,0,116.093774,40.003661,17,41145.3
H04314,88.0,20.2,30,南,6.533,4.101,1,116.368265,39.929807,6,40922.2
H04315,120.4,4.8,18,南,24.097,4.75,1,116.249243,40.030759,9,45976.5
H04316,112.0,5.6,14,南,21.927,3.525,0,116.414729,39.974129,6,40989.1
H04317,97.9,2.9,27,西,15.522,3.454,1,116.54589,40.03772,1,45154.5
H04318,51.5,27.6,20,东,8.335,2.18,0,116.238337,40.010478,13,28285.3
H04319,78.7,24.4,13,北,12.859,4.652,0,116.40429,40.087276,4,25388.9
H04320,98.6,9.9,1,西南,21.599,0.445,1,116.428586,39.714009,20,37234.1
H04321,94.5,8.7,30,西,24.627,4.941,0,116.44369,39.803768,12,27710.1
H04322,49.7,23.4,9,南,14.628,2.63,0,116.503453,39.836262,13,17589.9
H04323,157.3,14.6,11,南,12.388,4.023,0,116.566609,39.960953,20,53961.8
H04324,108.1,20.2,3,东,9.702,1.898,1,116.105397,39.898781,5,41773.1
H04325,48.8,7.6,30,南,2.766,3.617,0,116.32185,39.970466,17,35271.1
H04326,141.2,16.2,12,西,3.942,1.874,1,116.5774,40.029526,5,54393.7
H04327,105.7,10.0,13,南,2.428,4.932,1,116.084876,40.083966,24,57532.5
H04328,109.7,27.6,21,东南,1.772,2.369,1,116.336628,40.038172,18,50885.4
H04329,142.3,24.4,8,北,18.469,1.392,0,116.466296,39.999997,15,37001.6
H04330,143.0,27.3,25,西,21.432,1.805,1,116.578028,39.979285,5,25669.4
H04331,117.2,19.1,2,东,24.532,0.881,0,116.052573,40.073872,5,34778.6
H04332,157.8,15.4,4,北,11.072,2.941,1,116.550793,39.823318,2,34546.6
H04333,45.7,13.2,23,东南,24.831,0.59,0,116.27466,39.801754,7,27507.2
H04334,129.0,11.6,11,南,22.985,0.129,1,116.0718,40.020396,15,53758.4
H04335,137.0,26.6,7,西南,6.375,2.528,1,116.51502,39.865724,12,47903.2
H04336,70.6,3.2,5,东南,24.268,4.276,1,116.355106,39.77664,24,30060.7
H04337,104.0,28.7,7,北,24.531,1.15,1,116.300977,39.839895,2,28946.4
H04338,109.0,28.7,9,西南,7.232,1.684,1,116.326654,39.952391,3,50422.6
H04339,100.5,5.7,7,东,9.798,4.094,0,116.397791,39.816036,7,39494.6
H04340,122.7,15.8,25,北,16.005,0.12,1,116.27879,39.841589,15,29135.0
H04341,92.1,17.7,29,北,24.526,2.772,1,116.123843,40.082,7,31927.8
H04342,45.3,19.1,18,南,13.976,1.345,1,116.521145,39.741035,9,25014.5
H04343,143.2,20.3,3,南,17.375,3.873,0,116.410339,40.026117,8,35756.7
H04344,113.1,10.3,13,北,10.164,1.765,0,116.1486,39.703972,23,37423.0
H04345,56.7,27.8,9,东南,19.943,4.933,0,116.482464,39.799625,7,18187.2
H04346,90.7,12.7,22,南,11.384,4.433,0,116.130822,39.749645,14,44987.6
H04347,67.7,11.1,11,东南,17.228,2.192,0,116.193885,40.055997,18,27227.7
H04348,70.8,17.8,25,东,3.296,1.996,0,116.155322,40.036205,13,42307.1
H04349,68.2,2.4,25,东南,6.372,0.722,1,116.28159,39.966209,12,46518.8
H04350,126.3,9.7,22,南,7.285,1.996,1,116.270465,39.964304,7,59124.6
H04351,48.1,25.2,2,北,23.335,2.59,0,116.574558,39.829404,11,14646.2
H04352,60.6,21.7,8,南,3.749,2.472,0,116.247275,39.941576,11,32225.0
H04353,151.6,0.7,24,东,10.758,2.287,0,116.159546,39.70555,16,55988.3
H04354,148.8,17.6,5,南,4.743,3.435,1,116.463513,39.850538,9,48796.2
H04355,92.7,0.6,18,南,23.049,4.496,0,116.133368,39.909573,11,43763.0
H04356,95.5,29.8,7,东,23.063,0.856,1,116.485664,39.735206,15,26985.6
H04357,84.0,14.7,13,东南,14.161,3.288,0,116.095648,40.081228,23,36170.2
H04358,106.3,22.0,14,东,12.864,3.953,1,116.057436,39.887607,14,61484.0
H04359,84.6,0.2,22,东,18.808,4.764,1,116.511891,39.731045,3,32473.9
H04360,48.6,1.0,13,东南,8.871,2.523,1,116.572232,39.917462,3,41807.5
H04361,103.8,29.7,9,北,10.467,0.544,1,116.058147,39.961217,23,32485.6
H04362,117.3,16.5,19,西,14.762,1.899,1,116.40446,39.735377,9,59604.8
H04363,109.9,12.9,30,西南,4.662,3.09,1,116.378152,40.069115,23,52835.8
H04364,139.4,17.3,27,东南,5.692,2.787,0,116.013774,39.700037,7,54622.0
H04365,117.9,6.1,21,东南,22.099,3.274,1,116.35977,39.961655,4,45527.8
H04366,58.1,15.1,27,南,24.173,3.163,1,116.186197,40.098335,21,24634.1
H04367,151.1,29.8,26,南,21.732,4.419,0,116.352578,39.891749,5,29205.5
H04368,118.4,24.0,29,北,2.375,1.221,1,116.17548,39.798994,12,53026.7
H04369,55.2,16.4,9,北,6.502,4.789,1,116.184796,39.856265,18,37690.2
H04370,152.9,15.3,14,西,8.363,3.805,0,116.134083,39.867579,9,53206.1
H04371,96.9,11.4,25,北,13.896,1.57,1,116.359061,39.994593,18,49225.9
H04372,59.7,2.1,20,西,1.463,2.624,1,116.305663,40.068563,21,41022.7
H04373,102.6,14.1,5,南,8.217,1.496,1,116.519392,39.854906,16,44812.5
H04374,117.2,25.2,9,东南,11.332,1.9,0,116.581856,39.835861,16,34826.9
H04375,147.1,16.9,25,南,7.624,1.661,1,116.067778,39.744962,21,62717.2
H04376,77.8,13.4,20,南,7.138,3.751,0,116.053945,39.824279,24,41989.2
H04377,80.3,19.7,12,南,24.117,2.398,0,116.318502,40.004768,7,29974.8
H04378,70.7,5.4,17,东,16.187,4.381,0,116.44789,40.00983,19,34000.5
H04379,140.9,3.2,9,南,3.006,3.086,0,116.475213,39.782732,12,55284.4
H04380,145.2,13.7,24,北,7.43,1.306,0,116.061739,39.897063,10,71257.2
H04381,128.0,4.3,23,东,21.62,4.557,0,116.091497,40.038173,6,47065.4
H04382,114.1,4.8,20,南,9.788,2.521,1,116.132525,39.727156,8,60015.2
H04383,117.6,3.5,26,南,2.012,2.978,1,116.145036,40.026819,19,57077.3
H04384,76.3,9.2,18,南,20.183,4.176,1,116.313798,40.025048,22,28979.7
H04385,153.6,18.8,29,东,13.915,3.712,0,116.048152,39.976951,10,47394.2
H04386,77.5,27.5,11,东南,7.046,3.051,0,116.459316,40.04282,16,35128.2
H04387,145.5,0.2,3,南,12.259,4.544,1,116.433332,39.751444,5,39411.3
H04388,63.5,3.5,24,西南,2.823,3.799,0,116.461245,39.755489,21,32710.0
H04389,59.1,26.7,4,东南,18.408,4.471,1,116.32474,39.928797,10,25842.5
H04390,49.7,4.8,5,北,13.44,0.315,1,116.558768,39.724462,17,27576.2
H04391,54.2,2.7,4,北,3.128,1.448,1,116.102767,39.859065,16,47191.5
H04392,97.8,15.3,10,南,20.766,2.255,1,116.580014,39.732109,18,26918.8
H04393,68.7,8.2,3,东南,14.685,3.375,1,116.192546,40.069794,11,32071.0
H04394,133.3,29.8,17,南,8.124,1.672,1,116.409642,39.874288,24,40993.9
H04395,114.5,17.7,28,东,7.476,3.717,1,116.15642,39.897034,7,45848.5
H04396,97.3,18.9,19,东南,14.365,4.519,1,116.298063,39.704151,23,29199.2
H04397,149.1,17.3,5,北,3.674,4.596,0,116.559708,39.819841,10,45145.6
H04398,106.3,0.6,23,西,21.092,4.979,0,116.206276,39.822544,3,38430.5
H04399,55.2,7.9,6,南,5.206,3.956,0,116.47395,40.089285,8,26305.6
H04400,130.9,4.5,29,北,3.651,4.101,1,116.00577,39.942273,11,56202.6
H04401,147.7,20.2,5,东,17.949,1.318,0,116.036212,40.092666,19,53274.6
H04402,58.1,12.7,15,北,4.801,2.871,0,116.342982,40.00507,8,28129.6
H04403,147.5,9.3,12,西,2.538,4.61,1,116.407778,39.973895,4,64694.3
H04404,72.6,2.0,29,南,24.708,0.867,0,116.541022,39.7985,2,27190.2
H04405,150.4,7.1,19,东南,18.639,0.219,0,116.075889,39.760195,7,57194.4
H04406,80.1,22.2,27,东南,6.736,2.272,0,116.18878,39.777126,19,35451.2
H04407,121.2,15.3,22,东,8.933,3.399,0,116.162698,40.079751,12,43865.7
H04408,107.6,16.3,22,南,20.284,4.057,0,116.263982,40.035215,10,27361.5
H04409,60.3,4.8,10,南,5.365,3.798,1,116.194639,39.983465,3,34178.0
H04410,119.9,20.6,13,南,21.28,0.291,1,116.06413,40.004402,18,38594.8
H04411,112.4,0.9,18,东,22.551,1.323,1,116.031474,39.921091,23,58456.8
H04412,143.9,19.9,5,东,19.443,3.535,1,116.21108,39.934537,4,43747.7
H04413,119.6,20.8,4,西,22.988,4.127,1,116.526611,39.744662,24,31477.6
H04414,108.6,6.6,19,西南,14.972,4.454,0,116.282463,39.950498,19,45105.1
H04415,105.0,15.3,5,南,13.794,4.241,1,116.550975,39.905628,23,40633.1
H04416,60.8,15.8,10,南,2.04,0.171,1,116.149025,40.097371,2,45438.5
H04417,62.1,2.6,19,北,6.63,3.387,0,116.532983,40.035277,24,33397.1
H04418,89.5,1.0,17,南,19.002,1.382,1,116.39209,39.993474,7,48348.4
H04419,139.6,28.2,17,东,13.672,4.049,0,116.406138,39.703855,8,43109.1
H04420,154.6,14.3,12,南,7.265,0.591,1,116.081237,39.966021,13,59942.8
H04421,127.0,26.4,19,南,20.607,0.159,1,116.471158,39.840357,14,31089.3
H04422,73.6,14.7,16,南,18.051,1.94,1,116.013023,39.956533,22,34432.5
H04423,91.1,4.8,12,北,16.688,3.695,0,116.271171,39.757568,8,36146.3
H04424,74.3,12.3,9,东,2.214,0.643,1,116.44763,39.935934,4,44037.4
H04425,124.7,7.9,20,南,3.803,3.419,1,116.249435,40.054619,24,49375.3
H04426,95.0,12.5,19,北,18.924,3.144,0,116.249903,39.892961,20,32467.0
H04427,116.0,2.5,6,南,21.059,4.046,0,116.064572,39.70055,12,46685.7
H04428,126.0,24.8,17,南,3.098,1.034,1,116.079617,39.845799,3,50920.7
H04429,45.3,29.5,9,东,23.783,2.251,1,116.056874,39.728346,7,21794.8
H04430,74.0,16.6,18,东,15.274,0.979,1,116.074111,39.88399,11,42645.1
H04431,111.2,11.8,3,南,20.419,3.569,0,116.268408,39.82227,18,36030.7
H04432,142.6,26.9,8,南,16.015,3.165,0,116.577252,39.778937,23,31490.1
H04433,50.3,28.2,7,南,18.693,1.753,0,116.284157,39.866214,16,27757.4
H04434,121.9,16.9,8,东,21.72,2.695,1,116.264404,39.717393,24,40248.6
H04435,61.6,25.5,2,南,21.383,4.485,0,116.4503,39.915603,16,20356.2
H04436,107.8,10.6,12,西南,16.979,4.477,1,116.167574,39.844426,6,37180.9
H04437,136.3,20.3,20,西,8.941,2.841,1,116.426384,39.887896,18,52587.1
H04438,49.9,5.1,4,东南,12.015,1.05,0,116.320189,39.839246,19,33957.7
H04439,69.4,21.1,8,东南,21.926,0.851,0,116.166154,39.792865,19,24125.0
H04440,96.2,6.3,30,南,1.365,4.343,0,116.535589,39.933591,18,45257.5
H04441,47.6,10.8,27,北,1.062,3.072,1,116.208616,39.758098,19,33569.5
H04442,156.0,19.2,9,南,15.487,2.932,1,116.296571,40.099028,23,73104.5
H04443,92.7,12.7,25,北,3.972,2.639,1,116.04803,39.835053,18,41875.6
H04444,94.6,22.7,28,东,7.421,1.254,1,116.195358,40.028502,20,52334.7
H04445,51.4,17.3,7,北,13.93,2.617,0,116.200904,39.969995,5,25762.4
H04446,125.2,23.7,24,南,4.957,1.758,0,116.275692,39.888416,22,35438.9
H04447,97.2,8.9,17,东南,7.925,1.608,1,116.551483,40.086176,19,45437.5
H04448,100.8,3.0,18,西,2.227,3.76,1,116.572158,39.778525,24,50998.0
H04449,149.3,28.2,9,南,19.816,4.667,0,116.133941,39.98064,24,48930.8
H04450,127.8,7.2,22,南,23.421,2.208,0,116.257687,39.951346,16,49210.2
H04451,128.7,12.6,18,北,1.761,3.224,1,116.585124,39.97145,9,53752.3
H04452,137.8,0.5,19,南,10.179,4.93,1,116.360264,39.946795,16,68764.6
H04453,109.4,20.7,26,北,19.464,4.866,0,116.316171,40.086615,9,34367.0
H04454,140.4,27.8,20,东南,2.437,2.987,1,116.123153,39.987306,7,57462.4
H04455,147.5,22.2,6,南,2.044,2.26,0,116.471712,39.979981,13,60793.9
H04456,113.2,21.1,30,东,19.445,0.757,1,116.303281,39.800481,13,42346.5
H04457,91.0,12.5,20,东南,1.576,2.965,1,116.381228,39.787156,9,50510.3
H04458,156.2,1.8,24,东,24.329,0.339,1,116.353851,39.716594,13,57377.7
H04459,70.5,1.2,15,东南,6.479,1.217,1,116.586345,39.989067,3,43907.4
H04460,111.5,0.2,27,北,11.192,2.572,1,116.314027,39.749381,23,39287.6
H04461,102.0,1.9,20,南,11.306,0.162,1,116.326978,39.942657,11,52691.5
H04462,102.3,29.0,29,东,15.0,3.279,1,116.500194,39.810359,2,28010.5
H04463,63.4,22.0,24,西南,22.302,1.925,0,116.559414,39.904929,16,24934.0
H04464,65.4,9.3,23,南,1.824,3.906,1,116.183075,39.790954,7,37638.1
H04465,88.5,24.7,8,南,20.983,1.782,1,116.015841,39.962397,22,35994.8
H04466,122.0,2.2,26,南,13.227,1.097,0,116.183877,39.710996,8,54584.5
H04467,139.2,28.3,5,北,13.475,1.46,1,116.582666,39.832011,13,34051.3
H04468,76.7,16.1,12,西,4.796,1.489,1,116.589628,39.983344,8,43354.5
H04469,131.8,22.6,11,南,10.094,2.973,0,116.281083,39.935203,10,41562.5
H04470,122.9,0.1,20,南,10.56,0.686,0,116.092912,39.846348,11,51497.2
H04471,135.6,2.6,3,南,7.203,4.126,1,116.055879,40.008515,24,84280.2
H04472,133.9,21.0,30,南,9.186,3.244,0,116.552761,39.906829,10,55010.7
H04473,51.6,27.3,6,西,9.127,4.962,0,116.133821,39.893145,12,20571.5
H04474,119.9,19.3,15,北,13.687,0.393,0,116.072445,40.058288,10,51522.6
H04475,75.1,1.1,9,东南,12.936,2.389,1,116.315416,39.755664,3,35487.1
H04476,113.1,14.6,27,北,22.069,2.593,0,116.311519,39.729351,2,24098.5
H04477,147.0,16.9,23,北,24.132,3.175,1,116.088072,39.714514,13,60239.5
H04478,126.6,24.7,6,东,1.572,2.422,0,116.278982,39.773398,4,40001.4
H04479,50.9,6.2,10,南,18.417,4.349,1,116.100069,39.970451,16,34973.3
H04480,106.2,22.0,14,南,4.906,4.82,0,116.440402,39.910831,14,43946.6
H04481,146.4,15.8,27,南,12.835,1.568,1,116.597583,39.818109,16,55484.5
H04482,82.4,26.1,23,东南,19.296,2.81,0,116.227565,39.950841,23,35016.6
H04483,56.7,24.7,16,北,2.949,3.897,1,116.241704,39.775854,24,28595.3
H04484,152.4,14.0,22,东,14.045,2.756,1,116.052389,40.074533,4,50852.8
H04485,101.9,17.8,20,北,17.902,4.371,1,116.260619,39.975337,13,31228.3
H04486,127.1,5.1,16,东南,23.582,2.047,1,116.16773,39.706578,19,47637.9
H04487,123.9,21.8,20,南,12.678,3.472,0,116.154597,39.75596,8,34012.2
H04488,124.9,13.2,9,西,24.607,4.149,0,116.354862,40.063219,23,36444.5
H04489,81.2,26.1,28,南,22.364,3.99,0,116.052792,39.947547,16,37815.6
H04490,133.0,8.4,20,南,13.582,1.295,1,116.560648,39.898681,10,48529.4
H04491,125.1,8.3,21,南,8.208,1.961,0,116.523318,39.982885,3,59599.0
H04492,110.6,26.1,19,南,7.346,2.625,0,116.360734,40.048809,19,35808.0
H04493,102.3,27.4,26,东南,3.338,3.01,0,116.35303,39.752584,14,37881.5
H04494,139.8,29.0,25,西,19.487,2.236,0,116.439132,39.996833,8,37721.2
H04495,113.7,10.9,18,南,22.544,4.825,1,116.211212,40.043084,21,38528.0
H04496,104.2,19.1,9,东,10.026,4.489,1,116.237368,39.967564,15,39039.3
H04497,128.0,10.5,2,北,13.469,3.576,1,116.50388,40.049765,5,51714.4
H04498,152.3,28.1,11,北,17.604,3.661,1,116.006805,39.842634,17,50079.0
H04499,148.2,24.9,20,南,5.595,3.959,0,116.153413,39.921597,20,57298.1
H04500,68.3,3.3,1,南,15.733,1.612,0,116.280404,40.055188,15,35903.2
H04501,139.9,7.6,19,西,5.364,4.875,1,116.145259,39.965298,24,68035.9
H04502,126.0,28.4,19,南,10.865,3.624,1,116.155958,40.004615,21,36764.5
H04503,147.0,3.8,19,北,20.709,1.234,1,116.225226,39.910113,10,68054.7
H04504,96.5,13.2,8,北,2.75,4.796,1,116.585391,39.873522,7,38366.3
H04505,90.0,5.8,24,东,2.441,1.378,0,116.091161,40.03372,4,52813.8
H04506,123.5,18.9,30,南,13.663,2.745,0,116.05681,39.797391,5,47379.7
H04507,98.6,21.5,7,西,21.199,2.132,0,116.395211,39.951951,15,35603.6
H04508,48.7,25.8,3,西南,3.349,3.864,1,116.475507,39.703987,16,26099.0
H04509,102.7,15.9,14,东南,4.009,4.454,1,116.32859,39.826543,23,39072.8
H04510,64.1,28.4,13,东,7.441,0.803,1,116.108149,39.754913,18,34681.3
H04511,66.3,13.2,21,北,20.295,2.835,0,116.193839,40.029522,22,30661.7
H04512,74.9,29.4,9,南,8.427,0.692,1,116.216265,40.031344,8,36006.5
H04513,94.4,14.5,22,南,7.962,3.796,0,116.530581,39.86063,14,33496.9
H04514,86.6,5.7,8,北,18.177,1.441,1,116.504877,39.847486,13,22559.4
H04515,151.8,2.9,8,南,20.247,0.429,1,116.277377,39.738382,3,39582.4
H04516,102.5,26.4,24,东,10.29,2.897,0,116.308385,39.833413,3,36179.2
H04517,130.6,11.8,10,北,3.227,1.479,0,116.29474,39.811246,12,52395.5
H04518,144.4,19.3,17,西,17.203,3.123,1,116.09733,40.087803,10,43303.9
H04519,96.8,22.9,10,北,18.728,0.414,1,116.284857,40.074838,16,30923.5
H04520,149.0,18.5,29,南,13.993,4.83,1,116.465415,39.974106,8,53501.2
H04521,135.7,16.7,7,东,22.233,4.461,1,116.548702,39.71687,19,35338.8
H04522,77.7,12.8,12,西南,17.222,0.642,1,116.306352,40.071216,12,31236.8
H04523,122.3,13.8,26,东,24.847,2.84,0,116.303467,39.902161,19,39796.8
H04524,122.3,0.5,10,北,18.976,0.821,1,116.483092,39.815939,14,35506.5
H04525,112.3,22.5,30,东,4.029,0.355,0,116.026591,39.779762,11,38311.5
H04526,64.7,18.4,18,南,6.177,1.22,1,116.532223,39.841764,18,34504.8
H04527,59.0,2.1,16,东,10.557,2.047,1,116.086331,39.831437,21,45062.7
H04528,78.9,2.0,21,南,19.684,2.747,1,116.222573,40.008734,15,48259.0
H04529,68.8,0.5,20,东,1.165,1.228,0,116.229504,39.920883,16,53088.5
H04530,126.3,10.5,23,西,17.492,1.19,1,116.229161,39.856117,15,56931.7
H04531,149.4,7.2,17,南,22.95,4.291,0,116.187526,40.020086,21,54920.0
H04532,110.1,19.6,24,北,12.856,1.461,0,116.294981,40.059449,2,32771.5
H04533,58.5,25.7,9,南,13.037,3.84,1,116.594372,39.9974,10,24923.2
H04534,94.1,17.5,25,南,3.4,0.815,1,116.594369,39.836554,23,35257.9
H04535,80.9,5.6,14,北,1.758,3.778,0,116.144149,40.015703,24,40667.6
H04536,130.7,8.6,1,南,5.154,3.032,0,116.44089,39.993213,12,50778.5
H04537,107.2,11.3,6,南,11.151,0.33,1,116.586474,39.75977,21,34111.1
H04538,49.0,3.4,19,北,23.631,2.12,0,116.020811,40.073484,15,32113.0
H04539,125.6,9.4,13,北,12.693,0.531,1,116.384935,39.995043,16,63682.8
H04540,136.1,23.4,7,东,17.914,0.311,0,116.585146,40.051833,6,41895.0
H04541,60.8,9.4,13,南,12.56,4.466,1,116.536036,39.960938,16,29524.7
H04542,90.8,0.9,16,北,16.931,0.898,1,116.44871,40.071178,17,39839.1
H04543,75.2,3.5,27,南,12.018,1.427,0,116.089041,39.923547,7,35903.2
H04544,48.0,11.9,18,西,1.804,2.273,1,116.429911,39.907092,21,36139.4
H04545,81.3,5.2,23,南,11.122,3.96,0,116.092131,40.040434,7,47529.7
H04546,150.4,18.1,26,南,8.658,0.134,0,116.130631,39.928191,10,80754.8
H04547,76.3,10.3,4,东,14.163,3.725,1,116.445727,39.993718,15,33234.0
H04548,102.0,24.9,21,南,18.364,3.978,0,116.505959,39.975015,12,30438.4
H04549,140.8,4.7,21,南,11.189,4.866,0,116.043756,40.039771,12,85924.2
H04550,87.6,14.2,2,南,13.955,1.09,0,116.120874,39.72543,13,26547.3
H04551,125.2,17.6,6,南,1.899,0.854,1,116.441302,40.038795,22,48020.7
H04552,146.1,6.0,14,南,5.703,0.811,0,116.479601,39.947224,21,78913.9
H04553,109.2,15.5,26,北,22.092,4.612,1,116.15125,39.752113,23,34781.3
H04554,81.0,4.1,21,北,13.34,3.399,1,116.149868,39.99009,2,40998.1
H04555,79.1,7.8,3,北,7.213,3.457,1,116.397623,39.928722,23,33292.0
H04556,141.7,15.4,2,西,9.38,0.626,1,116.315475,39.997894,11,67384.3
H04557,154.6,28.4,6,东南,14.057,1.925,1,116.515914,39.725426,22,50753.1
H04558,97.3,10.2,17,南,1.113,3.943,0,116.328935,39.953115,2,52637.0
H04559,145.9,3.6,15,南,20.884,2.058,0,116.127247,40.037658,3,56628.3
H04560,96.1,0.7,11,南,3.77,3.252,1,116.114258,39.858737,24,73319.2
H04561,117.0,1.3,4,南,8.141,2.191,0,116.365559,39.994414,14,62185.9
H04562,126.3,6.0,9,东南,5.595,0.105,1,116.539251,39.927719,7,79673.6
H04563,142.3,10.3,12,东南,11.715,2.826,1,116.14073,39.789907,23,44834.3
H04564,70.6,5.1,15,东,1.244,2.093,0,116.019051,40.085943,16,48944.0
H04565,45.6,18.6,25,南,6.53,3.955,0,116.48794,39.868271,15,23323.4
H04566,146.9,18.3,3,南,6.909,0.117,0,116.381441,40.040686,6,42052.3
H04567,128.3,2.7,9,南,15.229,0.203,0,116.251985,40.026984,5,56324.0
H04568,78.8,17.1,25,南,17.672,4.631,1,116.329824,39.87709,12,31687.6
H04569,50.0,8.7,17,南,4.714,4.966,0,116.182452,40.065784,9,35444.3
H04570,154.5,29.8,2,北,9.141,0.139,0,116.187127,39.981158,19,66352.8
H04571,115.8,0.6,27,北,15.619,4.074,0,116.194406,39.955472,20,49621.0
H04572,78.4,18.1,4,南,12.599,2.915,1,116.172006,39.878281,16,32111.9
H04573,83.9,23.2,12,东,19.116,2.577,0,116.113087,40.061105,14,35530.7
H04574,98.4,11.8,9,南,18.879,0.533,0,116.067004,39.773305,18,38114.9
H04575,51.8,8.3,10,南,16.44,0.633,0,116.358707,39.903793,18,26965.2
H04576,58.0,13.1,29,东南,6.002,3.745,0,116.255823,40.06665,8,32907.7
H04577,114.2,27.2,21,南,19.078,4.847,1,116.417906,39.751405,9,29234.5
H04578,140.5,0.7,6,北,16.821,1.38,0,116.434428,40.047812,18,61837.0
H04579,64.7,14.4,26,东,20.223,4.102,1,116.287503,39.743563,3,24904.8
H04580,70.4,5.2,21,北,3.066,2.385,0,116.070909,40.023099,11,44925.6
H04581,53.1,7.4,11,东南,12.437,4.682,1,116.407447,39.838148,8,28308.1
H04582,68.8,12.4,10,东,19.12,3.614,0,116.026652,39.800764,11,31127.3
H04583,48.7,9.6,5,南,23.459,1.904,1,116.589495,39.994426,6,25596.2
H04584,77.4,5.8,29,西,1.141,4.517,0,116.264195,40.056977,18,43928.9
H04585,49.1,2.5,20,南,6.177,2.823,1,116.49904,39.810203,5,32020.8
H04586,63.6,14.8,19,东,23.138,4.233,0,116.095103,39.745916,14,27787.3
H04587,75.5,23.9,2,西南,17.366,3.246,0,116.053888,40.033956,12,23331.3
H04588,70.1,29.4,9,南,8.164,3.396,1,116.546891,39.867845,8,25984.9
H04589,50.8,1.9,18,西,2.831,0.263,1,116.039734,39.931855,4,47104.7
H04590,51.9,22.2,1,南,10.593,3.615,0,116.460714,39.957537,5,24173.1
H04591,110.5,6.1,9,东,22.186,4.972,1,116.431225,39.888193,7,35586.6
H04592,108.4,28.1,26,东南,21.615,2.667,1,116.582434,39.723824,23,25790.6
H04593,152.8,3.0,30,北,11.319,0.69,1,116.008078,39.98101,12,60437.5
H04594,74.5,4.4,18,北,18.311,2.109,1,116.21515,40.026705,10,29001.8
H04595,71.8,2.2,15,南,20.875,2.62,1,116.054071,40.09293,2,33811.1
H04596,103.4,26.2,26,北,14.228,4.23,1,116.500972,39.719201,1,27758.4
H04597,99.9,21.1,11,西,10.215,4.83,0,116.464999,39.968844,7,34383.4
H04598,128.9,4.2,25,东南,9.807,0.241,0,116.117609,39.972164,11,70063.1
H04599,59.0,21.8,8,西,5.843,2.646,1,116.163176,39.759965,14,29822.7
H04600,141.4,24.1,23,南,7.419,4.952,1,116.358858,39.930572,23,52840.6
H04601,68.5,11.8,12,南,10.283,0.273,0,116.275337,40.017088,13,41704.5
H04602,106.2,1.5,6,西南,12.988,1.337,0,116.565103,39.801934,23,35490.7
H04603,63.3,20.9,20,南,23.956,3.809,0,116.444716,40.066815,10,23152.4
H04604,47.4,17.4,6,南,10.935,1.226,0,116.010378,39.879866,8,28945.6
H04605,116.7,22.9,7,东,18.304,3.428,0,116.527512,39.745802,24,27613.6
H04606,83.2,22.1,7,南,7.815,1.178,1,116.318706,39.94702,22,37465.3
H04607,84.4,11.6,15,东,19.018,4.691,1,116.011846,39.92215,21,34137.0
H04608,151.1,29.7,2,西,9.737,2.909,0,116.584133,39.95784,10,34418.8
H04609,122.1,28.6,12,南,21.009,3.761,1,116.257633,39.877247,22,29964.8
H04610,104.1,14.7,25,南,3.779,3.314,0,116.241734,39.794959,5,48984.5
H04611,93.5,2.2,22,南,16.928,4.566,1,116.313273,39.711939,11,45142.4
H04612,76.4,1.6,7,南,10.149,4.312,1,116.218492,39.798144,23,49258.1
H04613,140.2,28.8,25,西,5.878,4.62,0,116.049384,39.920837,3,50275.1
H04614,154.5,8.8,4,西,22.133,0.242,0,116.494675,39.824674,17,47741.2
H04615,135.7,5.5,22,北,23.685,0.467,1,116.586252,39.802237,9,46115.0
H04616,148.0,24.4,23,北,24.954,0.325,1,116.282513,39.720503,5,43980.9
H04617,49.1,0.0,8,西,17.244,1.936,1,116.151557,39.918307,12,34310.2
H04618,56.6,17.9,30,南,13.401,3.702,0,116.188687,39.912913,20,25844.4
H04619,152.1,5.5,22,南,16.795,2.614,0,116.52794,39.780997,9,34133.7
H04620,126.6,27.4,27,东,6.606,3.415,1,116.392153,39.917088,8,50572.0
H04621,143.1,1.2,25,南,6.261,0.205,1,116.222087,39.795174,14,82038.3
H04622,49.8,8.1,15,东南,11.162,1.861,0,116.511766,40.095522,4,36411.1
H04623,105.0,19.4,28,西,16.338,4.602,0,116.183454,39.914915,16,36298.0
H04624,56.3,17.4,16,北,21.573,1.369,0,116.466458,39.79315,10,23047.3
H04625,142.9,23.1,1,北,16.516,0.557,1,116.209754,39.886495,9,50432.5
H04626,131.7,21.8,22,北,18.319,1.864,0,116.317268,39.775956,12,37844.0
H04627,113.9,15.5,28,西,8.906,2.93,1,116.479439,39.938699,18,53400.9
H04628,88.1,17.5,24,南,21.613,0.113,1,116.01456,39.731379,4,30970.6
H04629,49.6,27.4,6,南,15.153,0.119,1,116.423281,40.089137,20,26179.0
H04630,146.5,4.6,11,东南,18.381,0.601,0,116.251601,40.053922,8,57518.1
H04631,60.1,10.7,22,东南,11.653,4.246,0,116.123636,39.91451,21,34968.2
H04632,121.7,25.3,2,南,5.979,4.099,1,116.356609,40.090231,11,43899.8
H04633,121.4,8.9,29,西,18.981,2.195,0,116.370358,40.025599,10,40996.2
H04634,125.3,7.5,4,东,21.541,4.67,0,116.560105,39.993045,20,33286.5
H04635,49.5,28.1,1,南,1.43,4.366,0,116.537516,39.97407,22,27373.5
H04636,100.9,13.2,15,西,19.851,4.488,0,116.419747,39.706874,22,25123.6
H04637,148.3,23.0,11,东,16.783,4.302,0,116.44705,39.745998,14,33283.5
H04638,122.1,7.4,3,北,10.115,0.622,1,116.299169,39.987588,19,58321.6
H04639,82.0,2.6,3,东,3.038,1.86,0,116.52766,39.897536,17,36137.8
H04640,109.8,12.0,25,东,9.945,2.334,0,116.40977,39.969071,10,38500.4
H04641,129.0,22.6,3,西南,21.972,1.741,0,116.366808,40.081104,4,36933.2
H04642,153.0,8.5,2,东,11.096,3.901,1,116.552418,40.032418,16,55065.6
H04643,125.6,15.0,24,东南,5.098,1.267,0,116.003448,39.850752,1,54619.7
H04644,104.3,17.6,1,南,18.344,0.249,1,116.285631,39.946225,24,40706.9
H04645,89.7,9.0,19,西,3.302,2.042,1,116.218601,40.052333,4,62351.1
H04646,60.6,0.7,10,南,8.402,2.091,1,116.221239,39.967596,1,38223.6
H04647,80.4,11.1,4,东南,14.894,0.337,1,116.445618,39.844862,11,32779.8
H04648,134.3,18.6,24,西,8.483,1.797,1,116.20809,39.751341,9,66370.5
H04649,111.9,21.4,21,南,17.862,1.74,1,116.589048,39.950756,12,30705.2
H04650,116.4,27.3,6,南,11.907,1.517,1,116.473089,39.768125,1,26988.8
H04651,79.6,5.5,12,东南,1.546,3.429,0,116.521912,39.936249,24,55875.9
H04652,120.9,11.5,1,北,20.996,1.629,1,116.33825,40.055621,13,40007.7
H04653,79.0,27.2,25,南,18.717,2.222,1,116.194693,40.027342,18,27115.2
H04654,133.3,21.7,1,东南,12.665,3.426,0,116.034551,39.943064,24,53004.6
H04655,125.8,8.4,11,东,21.6,2.783,0,116.529489,39.975022,13,40587.2
H04656,118.9,14.8,5,东南,4.757,1.879,0,116.556281,39.70381,18,37129.9
H04657,131.5,14.1,28,东南,21.353,3.832,0,116.04794,39.752001,10,28757.8
H04658,141.9,5.2,15,北,16.692,1.624,1,116.578214,40.03936,18,66692.1
H04659,77.9,28.4,10,东南,8.034,2.856,0,116.415629,39.930809,21,29121.9
H04660,104.6,1.8,27,北,10.865,3.293,1,116.078573,39.727162,21,48130.4
H04661,115.1,5.8,23,南,6.238,2.906,1,116.457274,40.050734,2,60967.8
H04662,122.3,7.8,3,南,5.03,3.466,0,116.118732,39.964469,2,44789.8
H04663,106.3,13.7,15,东南,24.885,3.609,0,116.409175,39.859323,7,24850.1
H04664,142.5,7.5,10,东,16.463,4.384,1,116.016075,39.794016,2,69616.3
H04665,133.6,9.1,15,南,22.069,0.304,0,116.407715,39.976494,18,57026.7
H04666,158.5,22.1,3,东南,19.804,3.352,1,116.14605,39.941151,21,51633.9
H04667,122.7,17.1,15,南,17.545,3.113,0,116.111513,39.8023,20,37666.6
H04668,145.5,22.2,20,南,19.414,0.772,1,116.145488,39.796669,22,39242.8
H04669,127.6,27.8,30,东南,13.958,0.502,0,116.074643,40.065023,4,50720.3
H04670,139.9,21.7,30,东,7.706,2.466,0,116.479722,39.997839,7,49189.8
H04671,121.5,10.2,5,北,23.702,3.511,1,116.195437,40.047818,10,51977.9
H04672,63.1,3.3,25,南,2.814,4.65,0,116.214113,39.733953,17,45174.0
H04673,70.9,3.9,21,北,15.033,1.592,0,116.234341,40.037872,18,46742.7
H04674,73.1,23.0,24,北,4.999,1.344,0,116.416188,39.846552,19,33434.3
H04675,103.0,23.1,28,西,15.696,4.482,1,116.177461,39.710184,23,41347.7
H04676,137.4,13.7,6,东南,2.417,2.229,0,116.163897,39.793938,16,51647.3
H04677,86.7,12.5,4,东,19.528,3.765,0,116.039461,39.963893,5,31947.9
H04678,131.8,17.8,5,北,18.747,3.031,0,116.371052,40.000096,3,38234.7
H04679,102.7,17.8,1,东,7.289,0.948,0,116.178113,39.779168,3,42481.9
H04680,53.0,9.6,1,南,13.578,4.862,1,116.457615,39.957587,23,23167.6
H04681,72.6,18.3,10,北,6.1,1.545,0,116.417032,39.745947,23,26915.9
H04682,113.4,5.2,26,南,3.77,4.23,1,116.461418,40.092138,14,68346.2
H04683,56.7,10.7,24,北,23.272,4.64,0,116.146975,39.888107,23,26356.1
H04684,75.9,13.3,20,西,12.457,3.091,0,116.439683,40.037163,5,33470.7
H04685,139.5,20.0,14,南,23.729,3.962,0,116.232921,40.076536,12,29930.4
H04686,76.3,7.5,3,南,2.928,2.097,1,116.333305,39.986717,12,47857.4
H04687,45.7,4.9,29,北,9.987,1.685,1,116.367108,40.044432,15,36905.4
H04688,114.5,11.9,7,南,9.439,1.489,0,116.019659,39.959944,8,52343.2
H04689,62.2,4.2,21,南,4.3,4.182,1,116.348274,40.093796,6,37415.2
H04690,46.0,0.6,3,东,10.301,1.932,0,116.413192,40.025418,22,29118.8
H04691,46.9,7.9,5,东,16.982,2.012,0,116.436645,40.036715,20,29264.7
H04692,120.5,12.5,3,南,7.214,2.62,1,116.057785,39.718469,13,52730.7
H04693,155.9,20.2,27,东,14.084,4.583,0,116.041564,39.983605,6,49289.9
H04694,152.0,29.3,19,东,21.617,0.895,0,116.494983,39.918238,20,37874.3
H04695,158.0,29.8,24,东,17.986,1.573,0,116.118289,39.901983,8,54858.5
H04696,116.6,28.9,6,东,18.84,3.815,1,116.038595,39.725907,22,29889.8
H04697,110.3,11.9,4,南,1.702,3.833,0,116.565189,39.935655,15,37312.8
H04698,116.1,29.3,16,西南,9.88,1.143,1,116.41261,40.055922,18,41955.4
H04699,135.1,1.4,16,西,20.405,3.133,1,116.374253,39.837071,20,58543.3
H04700,49.8,7.7,9,东南,11.355,2.247,1,116.200255,39.967088,12,31527.7
H04701,95.8,28.3,29,东南,10.15,4.148,1,116.024118,39.788745,12,43964.8
H04702,111.9,22.2,14,北,6.239,1.923,0,116.463858,39.900787,7,51519.9
H04703,77.7,23.4,12,东,1.719,0.31,0,116.251784,39.92434,24,33788.3
H04704,119.1,14.0,14,东南,1.946,4.778,0,116.10932,39.823154,2,43210.5
H04705,72.1,19.1,4,西,6.436,3.422,0,116.358213,39.812148,1,28461.8
H04706,59.7,18.7,16,北,19.139,3.28,0,116.247637,39.78837,4,20681.9
H04707,98.1,20.4,28,西,2.805,3.585,1,116.092282,39.893345,15,52317.2
H04708,159.4,2.7,26,南,2.442,1.779,1,116.372709,40.079999,5,79301.2
H04709,156.7,13.5,15,东南,20.829,0.588,1,116.383138,39.776082,20,44157.2
H04710,137.8,11.3,17,北,1.706,0.732,0,116.394188,39.917536,21,60939.1
H04711,114.5,8.0,8,南,5.829,0.365,0,116.141427,39.89455,15,56610.2
H04712,127.5,7.6,20,南,11.539,4.997,0,116.116064,39.786647,17,51577.9
H04713,113.6,28.5,15,北,2.516,0.431,0,116.441772,39.76369,16,39321.9
H04714,133.6,0.3,30,西,5.719,4.461,0,116.250023,39.815839,23,65373.5
H04715,98.9,22.3,23,南,10.582,4.37,1,116.101703,39.88989,8,38952.9
H04716,88.5,19.8,29,东,7.861,0.812,1,116.517342,39.83461,17,44335.0
H04717,111.0,29.2,15,西,13.288,0.3,0,116.075879,40.053902,22,40923.8
H04718,122.9,6.1,15,南,13.231,3.856,1,116.386327,40.062637,3,51692.7
H04719,148.7,19.5,24,北,4.871,0.367,1,116.184128,39.768152,11,53177.4
H04720,130.5,24.5,9,东南,2.172,4.322,1,116.424375,39.894835,10,50597.6
H04721,57.2,17.2,11,西,20.822,2.003,0,116.149093,39.896959,8,24605.0
H04722,133.7,6.8,25,东,12.611,4.14,1,116.460258,39.950531,3,60321.4
H04723,64.9,14.7,29,东,6.972,0.25,1,116.471982,40.022387,18,33244.6
H04724,74.1,28.2,25,西,23.488,1.741,0,116.113819,39.785303,20,26006.9
H04725,65.7,5.8,27,西,20.603,1.671,1,116.369425,39.826495,14,32609.8
H04726,130.8,6.1,18,南,20.606,3.281,1,116.243947,39.755764,11,44102.8
H04727,74.2,19.0,28,南,1.603,3.997,0,116.1656,39.705054,2,37961.2
H04728,81.4,16.3,26,西南,8.176,0.146,0,116.169498,39.930329,18,44307.3
H04729,93.9,11.9,25,南,10.583,2.023,0,116.261853,40.028917,1,33393.6
H04730,52.6,27.1,4,北,15.494,2.458,0,116.177112,39.729918,7,19998.6
H04731,140.7,21.4,16,西,13.969,2.311,0,116.586184,39.767815,12,34293.5
H04732,92.2,7.9,5,西,23.18,2.714,1,116.40784,39.980931,24,39274.3
H04733,54.1,29.1,3,西,1.695,0.463,1,116.076566,40.03155,22,34226.7
H04734,125.1,7.6,4,南,18.573,2.516,1,116.225889,39.89769,10,46348.4
H04735,68.7,3.2,5,南,14.181,0.87,1,116.387609,39.912884,18,42174.7
H04736,71.7,16.0,7,西,6.299,3.387,1,116.10015,39.750027,17,40275.4
H04737,82.9,12.3,16,南,20.521,0.65,0,116.530139,40.07539,8,29434.3
H04738,59.7,29.3,7,北,3.328,1.726,0,116.35672,39.777835,7,26991.2
H04739,113.1,16.7,11,南,4.761,1.195,0,116.440624,39.843955,15,45988.7
H04740,123.8,11.3,13,北,14.838,2.664,1,116.444407,39.826295,24,45690.2
H04741,154.4,26.4,1,南,17.481,2.36,1,116.162924,39.750683,18,45347.4
H04742,129.3,20.3,9,南,14.997,3.692,1,116.304468,39.796131,16,53486.7
H04743,139.7,8.7,30,南,13.806,3.101,1,116.484891,39.751574,18,57206.3
H04744,47.9,9.3,25,东南,3.304,0.608,0,116.148986,39.725373,12,37597.0
H04745,148.0,22.9,8,南,21.367,4.348,1,116.002804,39.930303,11,38375.2
H04746,68.2,16.1,9,北,15.376,2.81,1,116.232021,39.822164,2,30961.6
H04747,139.9,6.8,26,北,1.243,1.209,1,116.174569,39.783687,11,86371.4
H04748,109.8,27.1,21,南,22.526,4.431,1,116.571196,40.097828,15,32701.1
H04749,60.0,25.5,21,西,10.274,1.095,1,116.088801,39.90922,21,32868.0
H04750,85.4,27.4,22,南,8.932,0.47,1,116.275479,40.060742,20,35335.7
H04751,75.3,27.1,10,南,24.865,1.24,1,116.052181,39.884725,15,26331.0
H04752,158.3,29.7,16,北,24.625,0.82,0,116.588007,39.792754,11,32792.2
H04753,56.2,15.5,4,北,10.484,0.812,1,116.193489,40.099698,23,33043.7
H04754,119.7,7.8,27,东,21.202,4.47,0,116.529017,39.958205,3,38510.1
H04755,106.1,15.5,21,南,13.638,0.122,1,116.257534,40.059508,15,46693.4
H04756,139.0,1.6,15,北,3.959,4.434,0,116.298191,39.922478,15,61016.9
H04757,111.1,14.7,23,西,17.808,2.311,0,116.47849,40.099911,24,39560.1
H04758,95.5,1.1,18,西,1.376,0.976,1,116.027081,39.867584,21,70242.1
H04759,112.1,20.6,23,南,2.414,2.912,1,116.376745,39.718015,20,37934.4
H04760,92.7,25.0,18,北,4.498,2.21,0,116.484949,39.893818,10,28044.2
H04761,69.9,10.0,13,南,8.71,2.234,0,116.238134,39.989998,14,39772.7
H04762,84.8,23.2,25,南,6.968,1.191,0,116.508916,40.017949,5,35774.6
H04763,113.2,15.4,29,南,13.363,4.485,0,116.102872,40.033016,19,62545.7
H04764,65.3,26.6,18,南,3.357,2.443,0,116.246235,40.095602,2,38581.7
H04765,145.5,0.5,13,西南,15.776,1.137,0,116.056972,39.955705,6,58698.3
H04766,96.6,15.2,14,南,6.849,3.255,1,116.444236,39.755988,8,37742.6
H04767,100.7,14.2,5,北,4.335,2.156,0,116.19417,40.012661,2,37511.6
H04768,143.3,8.7,24,东,4.106,3.81,0,116.105282,40.031433,24,65835.0
H04769,71.6,10.4,27,西,21.813,3.09,0,116.551998,40.024503,4,23835.4
H04770,61.4,11.9,9,南,6.408,4.223,0,116.138069,39.854948,12,34086.3
H04771,70.5,28.3,7,南,9.026,3.877,1,116.213954,39.867611,22,31873.6
H04772,157.8,25.3,23,东南,2.264,3.619,1,116.242233,39.869563,13,49104.1
H04773,145.5,25.5,7,东,14.087,4.249,0,116.099976,39.999658,9,53555.6
H04774,62.9,8.7,18,北,18.776,4.162,0,116.163227,39.902642,6,25077.6
H04775,49.4,12.6,16,南,11.246,3.97,1,116.110884,39.995291,6,27208.3
H04776,94.2,24.3,11,西,20.588,2.061,1,116.22467,40.022229,8,28602.1
H04777,146.5,8.5,13,东南,1.547,2.554,1,116.257843,40.031328,15,59392.4
H04778,51.9,29.9,5,南,23.106,0.339,1,116.111501,40.002817,1,22828.1
H04779,54.1,2.5,30,南,11.089,1.364,1,116.569927,39.922111,17,36547.7
H04780,62.1,3.2,22,南,19.925,3.672,1,116.211844,39.877278,20,35432.9
H04781,128.7,23.8,1,南,14.131,2.354,1,116.414271,39.867047,9,32909.5
H04782,131.3,5.7,14,北,12.795,1.694,1,116.361684,39.95806,5,54919.0
H04783,57.2,20.0,4,西,23.767,4.795,0,116.383097,39.735328,11,17458.1
H04784,115.9,2.1,5,东,15.697,2.918,1,116.26601,39.800538,4,54504.4
H04785,121.7,18.2,14,南,14.739,4.429,0,116.184833,39.944887,14,50656.6
H04786,91.0,22.2,23,南,23.923,4.521,1,116.016285,39.87405,21,38088.2
H04787,127.4,8.6,26,南,4.991,2.456,0,116.512765,39.988585,6,45924.4
H04788,94.3,20.7,16,东,22.57,0.837,0,116.248191,39.73538,17,22886.9
H04789,108.4,4.7,10,南,12.334,3.255,1,116.30402,39.753569,7,51279.2
H04790,91.8,12.1,24,南,13.427,2.583,0,116.164288,39.713665,15,42696.1
H04791,75.3,4.8,19,北,20.294,2.671,0,116.031784,39.747673,9,34719.4
H04792,51.5,2.4,30,北,8.432,2.313,1,116.376021,39.899867,9,32821.7
H04793,99.1,1.4,16,北,12.474,3.597,0,116.50645,40.04635,20,40911.0
H04794,103.9,28.2,27,北,1.937,4.937,0,116.164314,40.023958,5,38738.7
H04795,111.4,7.7,9,南,17.152,4.748,1,116.334326,39.849962,9,42965.7
H04796,142.1,18.9,9,南,24.469,3.169,0,116.11794,39.984329,11,37946.6
H04797,83.5,11.0,8,北,16.397,4.403,1,116.351099,39.950952,21,34728.4
H04798,153.2,10.3,25,西,5.451,2.911,1,116.263818,39.92677,4,72918.9
H04799,54.8,24.9,27,西南,14.672,0.479,1,116.22539,39.894091,6,30647.9
H04800,56.6,1.9,29,南,7.695,2.414,0,116.326291,39.841919,9,40396.4
H04801,105.7,18.3,2,西南,8.543,2.181,0,116.550971,39.709854,7,41289.0
H04802,71.2,3.9,3,南,1.025,0.655,1,116.505993,39.721909,12,40947.0
H04803,68.9,2.3,3,西南,21.854,0.751,0,116.454932,39.829528,2,31141.9
H04804,58.1,10.9,11,北,17.176,1.255,0,116.454393,39.802683,21,25629.5
H04805,117.2,16.3,13,北,8.634,2.226,0,116.273354,40.044988,9,47959.5
H04806,130.1,9.4,16,北,17.752,2.414,0,116.049101,39.886331,9,44919.1
H04807,118.0,10.4,23,北,17.097,0.587,1,116.347259,40.020805,4,47759.5
H04808,69.0,24.4,11,南,14.077,4.744,0,116.205898,39.882021,20,28557.3
H04809,105.4,17.0,1,北,15.21,1.965,0,116.439233,39.739797,16,30895.0
H04810,140.1,24.3,2,南,20.046,4.469,1,116.591319,39.797833,15,36636.1
H04811,104.8,2.1,1,东,8.453,3.968,1,116.33094,39.706708,3,34424.2
H04812,148.6,22.0,1,东,14.687,3.734,1,116.015443,39.790499,8,61817.6
H04813,151.7,20.3,29,东,20.696,3.7,1,116.427634,39.841608,15,40369.6
H04814,101.3,2.6,12,南,24.09,1.657,1,116.327621,40.066448,17,45243.2
H04815,98.6,13.9,15,东,21.766,3.435,0,116.422473,40.079916,9,36506.1
H04816,156.5,15.5,5,北,7.385,4.426,0,116.460146,39.746138,17,56508.6
H04817,134.4,29.5,15,西南,13.617,2.729,1,116.171541,40.084275,9,43032.4
H04818,94.8,6.3,5,南,17.341,4.434,0,116.193945,39.709836,8,34141.9
H04819,109.3,23.4,16,东,20.471,3.977,1,116.597828,39.762581,20,28110.6
H04820,81.3,8.6,7,南,9.134,4.376,0,116.249166,40.096286,24,34688.5
H04821,49.4,10.5,30,东,14.54,1.532,0,116.383574,39.800993,17,31757.0
H04822,131.4,15.3,28,西,20.819,4.791,1,116.280505,40.016762,23,39827.7
H04823,59.3,9.8,11,南,12.352,4.226,1,116.041873,39.924153,12,36752.3
H04824,109.1,2.7,26,东,1.072,4.035,0,116.162942,39.703639,9,58380.4
H04825,116.8,5.1,2,南,18.817,1.107,1,116.536525,39.805162,18,35654.8
H04826,128.2,24.8,21,南,15.217,2.331,1,116.314558,40.026789,15,55691.4
H04827,84.1,1.5,7,南,17.742,2.854,1,116.514601,39.930746,9,38955.0
H04828,51.9,24.8,3,北,9.281,2.455,0,116.191496,40.025335,11,31220.0
H04829,130.0,28.5,2,东,13.923,0.362,1,116.513531,39.934066,11,37985.5
H04830,105.7,20.4,3,南,4.34,0.26,1,116.173845,39.985448,4,48334.0
H04831,113.9,11.2,29,东,14.738,3.077,0,116.499578,40.064797,5,40883.0
H04832,100.0,12.7,28,西,6.914,1.132,0,116.043859,39.880297,24,52442.4
H04833,122.0,16.1,14,东,12.539,1.484,0,116.486556,39.846335,13,50248.4
H04834,67.0,2.3,10,南,4.439,4.034,0,116.192752,40.038708,1,38606.7
H04835,113.9,1.2,18,南,8.746,3.72,1,116.106796,40.050973,24,47187.3
H04836,51.9,13.5,22,南,4.505,4.674,0,116.177637,40.009231,23,38794.9
H04837,65.1,23.6,26,东,21.526,1.57,1,116.383793,39.963145,4,25960.7
H04838,71.9,12.4,23,北,9.97,0.338,1,116.373081,39.863224,4,36120.9
H04839,123.3,10.7,30,南,14.418,3.348,0,116.110414,40.039532,22,66298.1
H04840,52.8,17.3,8,南,13.23,3.571,0,116.12449,40.017843,22,30696.3
H04841,72.5,22.2,16,南,21.549,2.174,1,116.257797,39.8106,2,27110.5
H04842,45.1,13.8,8,北,11.401,3.041,0,116.04056,40.019739,16,35860.2
H04843,86.4,8.3,1,西南,22.266,3.208,0,116.531103,39.701335,19,25677.9
H04844,82.4,2.7,19,东,8.43,4.267,1,116.357707,39.88745,11,45272.8
H04845,95.4,15.1,24,西,1.344,3.92,0,116.413356,40.042734,20,42724.8
H04846,122.5,14.9,11,北,13.489,4.279,1,116.368461,40.080564,23,35271.0
H04847,159.7,4.5,14,南,3.607,0.706,0,116.198585,39.898106,16,51436.5
H04848,75.3,17.1,1,南,21.48,2.511,0,116.056841,40.043822,18,36503.6
H04849,109.3,3.6,4,南,14.885,0.278,1,116.281709,39.718277,21,38669.3
H04850,60.5,11.4,12,东南,1.198,2.685,0,116.115076,39.890816,17,47509.5
H04851,123.8,26.6,3,东南,23.055,4.353,1,116.016919,39.803147,8,40510.2
H04852,111.2,20.5,27,南,9.155,1.779,1,116.387316,39.829575,16,43502.5
H04853,51.0,9.1,12,西南,11.607,4.167,0,116.244774,39.934374,18,31583.0
H04854,107.4,4.6,4,西,18.771,1.114,1,116.056818,40.087588,21,58294.1
H04855,109.0,20.1,25,南,13.01,4.565,1,116.427904,39.771028,5,30859.4
H04856,56.0,27.3,26,南,5.147,3.712,0,116.359729,40.043592,24,28326.2
H04857,51.3,29.0,14,西南,4.692,2.535,0,116.340508,39.889143,9,26738.4
H04858,64.1,7.1,11,南,19.123,2.319,1,116.246659,39.746824,24,33159.1
H04859,75.6,3.5,28,西南,20.187,1.659,0,116.23591,39.815356,20,40587.1
H04860,66.4,7.3,11,北,20.614,4.326,1,116.093294,40.000647,16,35906.4
H04861,103.7,25.8,23,北,8.587,0.901,1,116.401681,39.774968,21,36841.4
H04862,82.5,28.5,8,东,6.973,4.511,0,116.494764,39.805811,19,31197.0
H04863,86.5,23.0,13,北,12.912,3.176,1,116.196611,39.816299,16,28300.5
H04864,98.0,10.4,18,北,14.377,1.337,0,116.033736,40.083595,6,44572.8
H04865,59.7,14.3,28,南,13.331,2.405,0,116.111255,39.949456,7,31149.4
H04866,114.7,14.1,12,东,7.177,4.698,0,116.497665,39.769415,13,46475.8
H04867,64.0,14.2,21,东,3.811,3.378,0,116.424575,40.023118,13,35579.3
H04868,72.9,22.6,13,南,6.881,2.376,0,116.227404,39.826431,2,34957.8
H04869,56.8,19.6,5,西南,7.27,2.233,1,116.439058,40.092035,5,28322.3
H04870,136.7,25.7,6,南,5.091,2.989,0,116.174664,40.012925,20,47278.6
H04871,47.4,4.4,24,南,20.783,4.604,1,116.364978,39.993592,1,26263.0
H04872,73.9,12.4,22,南,11.953,3.759,0,116.228604,39.947446,12,30093.2
H04873,125.7,1.7,20,南,3.517,0.192,1,116.212584,39.869901,24,72257.0
H04874,126.7,20.8,23,南,7.227,2.342,1,116.548679,39.708051,16,47636.8
H04875,84.9,8.0,17,北,10.398,1.088,1,116.223436,39.934514,23,50525.5
H04876,70.1,22.4,18,南,23.783,3.677,0,116.56269,39.849156,14,20485.9
H04877,84.1,24.0,4,东,12.812,2.536,1,116.567473,39.760399,16,31559.5
H04878,138.2,3.8,4,南,1.469,2.153,0,116.283806,40.016998,8,60821.0
H04879,84.2,15.1,14,东,22.376,3.093,1,116.502436,39.932196,1,31251.6
H04880,46.7,5.9,25,北,23.641,1.631,0,116.039052,39.955472,10,26173.0
H04881,91.3,1.7,10,西,18.908,4.205,0,116.358769,39.954779,23,35785.9
H04882,123.7,1.2,18,北,2.199,4.397,0,116.155652,39.997485,19,47689.8
H04883,82.7,26.6,22,东,5.373,3.195,1,116.186093,39.721919,22,29626.9
H04884,91.9,27.6,27,南,2.515,2.544,1,116.584414,39.815035,21,37114.3
H04885,143.2,8.4,11,南,6.731,1.162,1,116.359482,39.880187,15,57367.9
H04886,58.6,25.0,12,南,4.315,2.272,1,116.166995,39.934034,17,33994.6
H04887,138.1,28.3,19,北,20.595,0.533,0,116.363857,40.059889,11,26977.2
H04888,112.6,9.6,9,东,7.025,4.209,1,116.032174,39.901772,6,58805.4
H04889,107.6,7.4,17,南,10.765,3.66,0,116.067955,39.810278,19,51135.9
H04890,54.3,21.6,30,北,15.028,0.99,0,116.138608,40.058439,21,31124.0
H04891,90.8,8.9,25,南,2.816,0.875,1,116.486439,39.983314,8,46762.5
H04892,85.8,0.1,15,东,13.438,0.768,0,116.394921,40.044422,7,47660.5
H04893,109.0,3.0,9,南,6.795,3.286,0,116.588074,40.055988,22,49854.6
H04894,54.4,0.6,5,南,10.85,1.016,1,116.540816,39.806366,16,35036.1
H04895,64.4,12.4,25,南,17.9,0.437,0,116.224006,39.828659,8,26697.5
H04896,126.3,26.4,2,西,10.406,1.574,0,116.016837,40.030563,18,63956.1
H04897,95.1,0.2,28,东,20.655,2.445,1,116.492445,39.724792,10,41682.6
H04898,138.2,24.1,28,西,10.047,4.907,0,116.428267,40.005565,22,40417.8
H04899,66.1,23.7,8,南,10.779,0.48,0,116.501761,39.827759,22,25667.4
H04900,94.6,22.5,27,东南,6.666,1.403,0,116.582662,40.071976,2,40736.7
H04901,62.5,1.1,19,南,12.979,0.486,0,116.053525,39.760077,13,39307.0
H04902,81.9,3.4,6,南,15.887,4.753,1,116.21548,40.085531,23,39462.9
H04903,157.8,4.9,4,北,14.896,3.308,0,116.271696,40.091093,11,62698.2
H04904,81.2,13.0,15,北,20.008,2.045,1,116.076484,39.74704,24,29858.8
H04905,61.2,22.8,5,南,1.476,3.131,1,116.106002,39.877548,20,31808.2
H04906,91.4,19.4,13,东,12.754,0.464,1,116.523987,39.924216,5,28561.1
H04907,107.2,19.4,2,东,20.183,3.432,0,116.522908,40.050765,22,25640.4
H04908,94.7,1.8,14,西,2.506,0.628,1,116.3585,39.906958,5,47245.3
H04909,120.5,12.4,14,南,24.503,2.386,0,116.295305,39.81969,4,37201.8
H04910,156.3,28.7,15,东,19.462,1.88,1,116.126323,39.941019,6,35058.6
H04911,93.7,1.9,15,东南,24.997,4.318,0,116.22627,39.956296,22,35079.7
H04912,137.1,22.2,4,西,2.641,4.644,0,116.402052,39.873583,9,36898.8
H04913,96.0,6.4,11,北,1.3,1.071,0,116.48481,39.916227,16,44143.8
H04914,68.9,18.9,13,西,24.303,3.865,1,116.044403,39.913375,9,28581.2
H04915,147.9,28.0,14,北,12.732,1.076,0,116.465026,40.009555,11,49619.3
H04916,116.4,11.2,3,东南,16.993,3.821,1,116.509074,39.939838,19,36582.3
H04917,127.7,22.3,24,西,15.295,2.629,0,116.332594,39.81128,7,36622.8
H04918,72.7,18.5,30,南,22.145,0.858,1,116.423807,39.816251,15,28804.9
H04919,52.2,29.1,27,北,8.197,0.795,1,116.223158,39.859972,22,29289.4
H04920,92.5,1.0,8,北,8.928,4.626,1,116.24659,39.928326,13,43815.3
H04921,64.8,12.6,1,南,20.241,4.879,1,116.460331,39.932031,6,25675.0
H04922,150.9,13.2,9,南,17.712,4.415,1,116.281328,39.711997,1,47131.6
H04923,150.1,19.3,12,南,24.332,4.988,0,116.132372,39.914138,10,37351.9
H04924,127.1,26.7,30,东,4.014,1.993,1,116.203877,39.730014,21,52511.9
H04925,101.3,25.2,6,南,12.733,0.546,0,116.095804,40.003702,24,33559.3
H04926,111.2,7.8,5,南,21.197,1.832,0,116.15226,39.740927,24,36944.2
H04927,142.5,18.6,7,东,6.724,2.367,1,116.323588,39.960563,9,46515.0
H04928,47.9,8.0,23,东,21.684,3.229,0,116.468567,39.706606,23,24915.1
H04929,142.3,22.6,1,南,1.647,2.463,0,116.486198,40.057429,18,52611.2
H04930,146.2,26.2,3,南,2.571,0.733,0,116.362082,40.081861,22,51134.5
H04931,68.6,15.3,17,西南,3.83,4.061,0,116.476995,39.892355,8,31103.7
H04932,75.2,3.1,29,南,24.907,2.616,0,116.535438,40.064964,11,35266.1
H04933,107.9,0.9,15,东南,18.826,0.262,1,116.176159,39.95772,24,56835.2
H04934,98.0,0.6,21,东南,3.603,2.289,1,116.271227,39.729058,10,56087.4
H04935,83.6,4.0,1,东,17.086,3.967,0,116.331369,40.035814,22,33147.5
H04936,58.3,9.2,9,东,10.834,3.453,1,116.247959,39.764286,2,35173.2
H04937,153.6,1.2,1,南,3.575,1.825,1,116.560181,39.881734,10,81555.3
H04938,93.6,13.6,12,北,3.392,2.695,0,116.099177,39.750123,7,35027.3
H04939,73.2,13.2,11,南,24.912,0.333,1,116.321712,39.946384,3,27072.9
H04940,85.0,15.3,19,东南,22.609,1.857,1,116.412049,40.045807,3,29778.1
H04941,97.9,22.8,4,西,14.807,4.363,0,116.555962,39.899689,20,32717.5
H04942,140.0,2.1,6,南,16.146,1.157,1,116.526194,39.907353,7,37877.8
H04943,108.6,21.6,17,东,18.315,1.202,0,116.298494,39.701522,19,33839.0
H04944,90.1,9.1,11,北,17.882,2.195,1,116.451753,40.002208,4,36267.0
H04945,101.4,9.9,23,东,15.015,4.053,0,116.547953,39.76703,8,29541.4
H04946,66.3,4.2,28,南,1.772,3.719,0,116.289192,39.719822,19,38815.8
H04947,57.6,23.4,17,南,13.056,0.712,0,116.550067,39.720393,22,21084.0
H04948,130.8,28.2,10,南,22.836,3.194,1,116.555563,39.70396,10,24765.9
H04949,153.4,4.5,13,北,17.956,4.464,0,116.362214,40.044774,6,61035.4
H04950,135.7,7.6,17,北,23.756,1.676,1,116.556161,39.711947,19,53662.3
H04951,146.5,29.7,3,东南,19.555,4.373,0,116.465951,39.730535,20,39942.0
H04952,91.3,23.2,18,北,17.696,0.237,1,116.038358,39.746558,14,29416.1
H04953,146.5,23.1,4,东,11.785,4.047,1,116.528576,40.030899,21,60236.9
H04954,101.6,16.5,6,南,21.093,2.174,0,116.186036,39.780008,5,29153.6
H04955,78.3,7.0,11,西,21.615,2.048,1,116.562851,40.026033,11,25163.0
H04956,80.4,11.5,12,西,4.171,4.151,0,116.056892,39.887193,9,41551.0
H04957,132.9,23.1,11,西南,18.386,0.618,1,116.119302,39.934784,7,68022.3
H04958,129.9,23.0,13,西,16.792,3.953,1,116.050167,39.82883,23,38914.6
H04959,131.6,15.6,27,东南,15.972,1.283,0,116.237398,39.802415,15,44478.6
H04960,129.8,25.7,7,东,3.032,3.456,1,116.533016,39.982075,15,51091.8
H04961,50.0,1.5,30,东,16.521,1.283,0,116.573617,39.701334,2,38209.4
H04962,131.5,13.7,11,北,22.731,1.706,1,116.506358,39.853453,19,47115.1
H04963,107.7,18.4,20,东南,23.415,4.509,1,116.463343,39.813688,24,35399.6
H04964,136.4,1.4,5,西南,3.957,1.017,1,116.134815,39.937016,3,79445.0
H04965,90.8,1.9,6,西南,6.893,3.684,1,116.589381,39.771594,24,43604.9
H04966,73.5,2.7,12,东,24.268,1.709,0,116.528348,39.907746,4,28550.5
H04967,153.8,9.7,18,西,6.11,3.418,1,116.17116,39.807697,2,69835.9
H04968,97.2,1.4,19,西,2.237,2.516,1,116.521288,39.792304,3,50188.4
H04969,135.8,28.4,26,西,20.238,2.308,1,116.022081,39.822626,19,38530.6
H04970,56.7,23.6,4,东,7.813,1.348,1,116.164799,39.707666,13,32079.2
H04971,94.6,12.2,17,南,8.808,3.548,0,116.519976,39.783767,20,41088.5
H04972,91.2,5.3,4,南,9.262,2.987,0,116.198794,39.832524,3,41577.0
H04973,157.2,26.2,28,东,7.984,2.643,1,116.191474,39.788093,19,69727.0
H04974,58.1,29.9,27,西,13.231,4.658,0,116.063999,40.085809,16,25590.5
H04975,132.0,25.0,2,南,1.098,2.454,1,116.102627,39.7849,1,63704.7
H04976,96.6,12.5,10,北,15.216,0.46,0,116.293889,39.733975,22,40501.5
H04977,65.7,13.0,8,北,4.465,1.339,1,116.068243,40.038363,5,45956.1
H04978,136.8,18.0,1,南,9.421,2.631,1,116.261783,39.881056,23,57470.6
H04979,65.0,25.5,14,南,15.707,0.102,1,116.018579,40.018364,3,33951.3
H04980,67.0,27.5,7,东,24.277,1.066,1,116.292838,39.918337,11,22444.0
H04981,129.8,20.4,20,南,4.75,0.717,0,116.206978,39.712498,10,38237.7
H04982,102.6,17.5,28,西,4.863,1.443,1,116.058223,39.899448,17,40110.7
H04983,83.5,27.6,30,北,18.41,3.045,1,116.323775,40.051556,21,29489.0
H04984,66.2,14.1,8,南,10.688,3.818,1,116.133668,39.990764,21,36300.2
H04985,109.7,18.7,23,南,1.74,0.208,1,116.581775,39.81106,11,46059.1
H04986,125.6,17.8,6,南,15.23,2.052,1,116.018611,39.811149,23,69739.0
H04987,108.6,18.0,21,东,16.904,1.281,1,116.441302,39.943903,10,35038.0
H04988,129.0,19.5,11,南,9.651,4.988,0,116.058461,39.799587,10,36422.1
H04989,88.2,22.5,27,西,23.869,0.108,1,116.161179,39.988419,15,32578.6
H04990,63.7,2.4,8,南,15.124,1.467,0,116.593968,39.730264,22,33780.2
H04991,155.8,4.9,5,北,22.662,1.255,0,116.018135,39.784995,22,53410.0
H04992,82.3,8.4,17,南,2.735,3.467,0,116.389972,39.838179,4,46518.4
H04993,121.2,5.0,7,西,11.389,2.519,1,116.594884,39.997798,10,41578.9
H04994,122.8,1.0,23,西,22.726,0.773,1,116.302689,40.079784,5,42059.0
H04995,55.7,8.0,1,北,5.987,2.811,1,116.237591,39.74718,13,33831.1
H04996,140.4,10.5,29,南,5.31,3.005,0,116.207197,39.807195,4,67753.0
H04997,84.7,29.8,18,北,11.58,4.649,1,116.143106,40.049419,4,30643.5
H04998,94.9,7.4,7,南,24.532,4.244,1,116.587753,40.033414,13,34336.1
H04999,74.8,27.5,20,北,7.054,0.173,1,116.324137,39.898642,2,36669.7
H05000,94.7,25.8,1,南,24.404,0.663,0,116.522977,39.866406,4,19827.6
