物业编号,期,月租元,面积㎡,到最近地铁距离km,学区,朝向,经度,纬度
H00001,15,8926.3,156.8,1.187,1,东南,116.524982,39.761912
H00002,21,3526.5,77.3,2.403,0,南,116.379068,40.057481
H00003,6,6218.0,123.7,1.539,0,北,116.189112,39.709751
H00004,9,3628.7,66.9,1.866,0,南,116.272596,39.936527
H00005,24,6372.6,118.2,1.029,0,北,116.35019,39.963284
H00006,10,5167.2,112.2,2.187,0,西,116.52949,39.979462
H00007,8,2926.0,60.5,4.612,0,北,116.570426,39.903529
H00008,18,4145.7,75.1,4.062,0,西,116.569418,40.00594
H00009,2,3369.4,59.1,4.411,0,南,116.064484,40.044795
H00010,8,8498.9,156.3,3.768,1,南,116.173089,39.81937
H00011,13,3159.9,52.6,3.571,0,南,116.510706,40.029764
H00012,3,7341.0,126.6,0.611,0,东,116.115372,39.783995
H00013,12,8481.4,153.4,1.808,1,南,116.407258,39.751257
H00014,16,6971.1,119.0,4.051,0,东南,116.001598,39.803762
H00015,15,3794.0,70.6,4.303,1,西,116.047294,39.830282
H00016,18,4258.5,91.3,0.56,1,西南,116.350426,39.809811
H00017,14,3069.8,50.7,3.159,1,南,116.452731,39.888631
H00018,14,7853.9,143.1,1.202,0,南,116.499591,39.903572
H00019,15,4959.2,95.0,0.231,0,东南,116.461941,39.962025
H00020,3,3500.6,75.0,3.24,1,南,116.421856,39.799915
H00021,11,4241.5,77.7,2.002,0,南,116.577957,39.935046
H00022,2,4671.0,97.7,3.835,1,西,116.276224,39.915755
H00023,15,8516.1,135.6,2.903,1,北,116.230753,40.096624
H00024,18,3661.7,69.8,1.754,0,北,116.104779,39.980241
H00025,10,4934.3,107.9,4.652,1,南,116.390358,40.074348
H00026,23,3097.6,69.2,3.436,0,东,116.51137,39.891006
H00027,19,2770.1,53.2,4.756,0,北,116.213687,40.017374
H00028,1,4705.0,93.2,1.245,1,北,116.434897,39.931595
H00029,13,8160.0,157.2,3.004,1,东,116.107655,39.787667
H00030,1,7428.9,144.7,3.719,0,南,116.400221,40.092762
H00031,4,9237.0,155.7,1.358,1,东,116.100255,40.034655
H00032,16,3355.0,45.7,3.601,1,南,116.01099,40.077847
H00033,2,6302.0,121.0,3.13,1,西南,116.150315,40.014358
H00034,20,3428.6,63.2,3.15,1,东南,116.307687,39.722854
H00035,7,5988.4,140.2,3.401,1,北,116.557306,39.8354
H00036,3,4353.3,97.8,1.751,0,南,116.012181,39.726522
H00037,21,4308.7,82.1,1.136,1,南,116.072774,39.916762
H00038,23,3942.9,67.7,0.171,1,西,116.383759,40.047572
H00039,23,3106.8,54.9,2.458,0,西,116.358833,39.844141
H00040,15,3005.6,55.8,3.942,0,北,116.036546,39.965159
H00041,15,5932.8,103.3,3.829,0,东,116.551432,39.996796
H00042,2,6555.3,132.6,1.733,1,北,116.543072,39.980555
H00043,4,4296.0,79.2,2.29,1,东,116.113754,39.81149
H00044,15,6655.5,133.8,3.833,0,东,116.306956,39.710861
H00045,1,8829.9,151.8,3.349,0,南,116.038279,39.78778
H00046,22,5891.4,116.7,4.201,1,东,116.18998,39.760111
H00047,17,6038.2,127.9,2.678,0,东,116.438287,39.947783
H00048,14,5520.5,119.6,1.0,1,北,116.562357,39.823937
H00049,4,3610.4,61.9,3.454,1,南,116.132821,40.029004
H00050,14,6389.7,118.2,1.305,0,西,116.096475,40.041294
H00051,1,6677.3,133.6,1.485,0,东南,116.379134,39.818553
H00052,19,4847.0,93.6,3.991,0,南,116.293899,40.089115
H00053,21,8377.0,156.1,2.755,1,北,116.13657,39.836179
H00054,4,5152.9,84.9,0.278,1,南,116.183287,39.919311
H00055,12,3640.1,61.1,3.43,1,东,116.086286,40.070267
H00056,19,6668.0,115.9,2.614,1,西,116.039419,39.910783
H00057,6,4255.8,84.0,2.883,1,南,116.264775,40.033224
H00058,11,4610.1,100.0,3.295,0,北,116.430785,39.939115
H00059,3,7769.6,147.4,1.01,0,南,116.342827,39.736802
H00060,6,4151.6,70.7,1.575,0,东,116.16711,40.035834
H00061,17,4778.6,91.7,4.287,0,南,116.080432,39.838078
H00062,5,6322.7,111.2,1.26,1,南,116.109254,39.907659
H00063,18,5314.7,99.4,2.925,0,西,116.157803,40.041644
H00064,21,4481.5,90.6,2.392,0,南,116.511038,40.05165
H00065,15,5182.8,109.6,4.139,1,南,116.177845,39.723045
H00066,10,3525.6,73.2,3.363,1,西南,116.543403,39.758151
H00067,9,4443.8,95.4,4.245,1,北,116.046766,39.724409
H00068,16,5635.9,116.7,4.65,1,南,116.418128,40.059345
H00069,13,5170.4,110.5,4.536,0,西,116.019479,40.044799
H00070,6,3521.2,62.7,1.043,1,东,116.334796,39.869217
H00071,9,3794.4,63.2,0.962,0,南,116.0976,39.764134
H00072,15,5357.2,115.3,2.586,1,东南,116.439353,39.826366
H00073,2,3334.2,57.8,2.063,1,东,116.362947,39.704902
H00074,21,3404.8,72.2,4.815,1,南,116.586287,39.938959
H00075,9,4192.1,71.7,2.315,0,西,116.04572,39.929691
H00076,1,6550.0,133.4,3.964,1,南,116.21922,39.776341
H00077,15,8388.0,139.0,3.117,1,东南,116.169449,40.07685
H00078,2,5559.0,106.1,4.224,0,东南,116.181915,39.713202
H00079,3,4121.3,91.5,1.235,0,北,116.336922,39.718904
H00080,1,3529.6,69.9,3.191,1,西,116.182104,39.846156
H00081,22,5970.0,131.3,4.593,1,北,116.319393,39.833659
H00082,18,6115.5,128.6,3.793,0,北,116.332611,39.843051
H00083,11,3104.2,57.4,0.666,1,南,116.047021,39.834394
H00084,5,7560.5,143.4,3.794,0,东,116.517365,39.794595
H00085,15,6186.4,115.2,0.65,1,南,116.196415,39.794406
H00086,9,6548.4,127.6,0.47,0,北,116.380954,39.812876
H00087,13,7646.1,141.9,1.383,1,南,116.386225,39.746592
H00088,2,7255.9,140.2,3.724,0,南,116.586561,39.821273
H00089,5,6662.6,125.9,3.143,1,东,116.073377,40.062378
H00090,23,3987.4,81.0,1.105,0,北,116.008449,39.797633
H00091,1,6579.7,131.9,0.912,1,北,116.203106,39.876657
H00092,24,8586.0,152.4,2.986,1,北,116.409919,39.818954
H00093,24,3808.0,64.6,4.97,1,东南,116.454463,39.751493
H00094,19,4675.5,96.6,1.265,1,北,116.336131,39.799932
H00095,11,7779.9,150.1,3.786,0,东南,116.323915,39.890129
H00096,20,4771.1,89.7,0.778,0,南,116.10994,40.01843
H00097,17,4559.0,82.6,0.139,1,西,116.575795,39.760022
H00098,20,7563.2,147.3,1.531,0,北,116.404828,39.771036
H00099,6,8253.5,148.6,2.066,1,东南,116.301242,40.027598
H00100,18,4347.7,74.7,2.095,0,南,116.22176,39.76392
H00101,3,8030.6,139.4,0.509,0,南,116.016898,39.810384
H00102,17,6777.4,128.6,2.692,1,南,116.042996,39.94417
H00103,19,5796.4,115.9,1.512,1,北,116.072498,40.002892
H00104,6,7993.5,145.8,1.873,0,西,116.297979,39.837587
H00105,6,6803.1,134.2,2.545,0,南,116.360426,39.826243
H00106,21,3603.7,62.6,2.065,1,东南,116.193293,40.065658
H00107,18,4840.1,104.1,1.289,0,东,116.482195,39.998632
H00108,6,3417.4,87.3,4.677,1,北,116.524768,39.984173
H00109,19,9220.8,155.7,2.381,1,东,116.400599,39.796418
H00110,5,7681.3,143.3,1.429,1,东,116.340071,39.891683
H00111,19,6805.0,131.0,0.451,1,南,116.242578,39.902443
H00112,11,4146.8,80.7,1.024,0,北,116.458941,39.963959
H00113,1,7181.0,147.1,3.547,1,南,116.499611,39.781621
H00114,24,5284.8,88.9,4.516,1,南,116.286549,39.984627
H00115,22,4159.8,66.3,2.619,1,南,116.399383,40.022665
H00116,14,5087.5,105.4,2.68,0,南,116.53463,39.844065
H00117,14,7013.1,126.2,0.319,1,南,116.011072,39.913379
H00118,10,3008.8,53.8,2.046,0,北,116.324874,39.9714
H00119,14,3131.2,66.3,2.308,1,南,116.279126,39.756916
H00120,17,7185.9,143.6,4.986,1,南,116.528304,39.953867
H00121,18,3663.9,71.9,4.833,0,南,116.06975,40.016374
H00122,19,7992.1,156.0,3.772,1,南,116.045037,39.802278
H00123,7,3989.0,80.6,3.221,1,南,116.542238,39.81056
H00124,18,7858.8,148.3,1.68,0,南,116.26207,39.811895
H00125,8,4178.3,91.3,3.897,0,南,116.271897,39.810546
H00126,24,7062.8,146.3,2.672,1,西南,116.054345,39.82026
H00127,22,4201.6,84.1,1.524,1,北,116.345229,39.961908
H00128,2,4422.5,99.6,2.124,0,南,116.559149,39.741963
H00129,15,5593.0,115.5,3.1,1,南,116.152298,39.988107
H00130,7,8527.8,153.6,3.64,0,东南,116.099929,39.832187
H00131,7,7223.1,128.1,1.906,0,东南,116.31737,40.033753
H00132,23,7432.3,136.2,1.131,1,东,116.132479,39.935982
H00133,23,7563.8,137.6,3.539,1,南,116.262158,40.050544
H00134,12,8133.4,146.5,4.154,1,南,116.191361,40.033298
H00135,5,3040.2,50.7,4.571,1,北,116.290129,40.050391
H00136,5,9135.1,158.5,3.587,0,西,116.184533,39.879208
H00137,16,3689.1,72.7,3.881,1,北,116.393357,39.785156
H00138,7,8664.2,153.6,1.163,0,南,116.344243,39.886702
H00139,19,3634.2,69.9,0.953,1,南,116.135536,39.972746
H00140,20,7508.0,140.9,0.138,1,南,116.561715,39.920755
H00141,4,4838.2,81.2,3.094,1,西,116.348262,40.069249
H00142,6,3853.9,80.4,3.128,0,西南,116.118612,40.03231
H00143,6,6000.0,128.2,3.951,1,东,116.396426,39.8915
H00144,4,5857.7,120.8,0.589,1,南,116.005685,39.715977
H00145,1,5531.4,129.0,4.552,0,东南,116.437569,39.735838
H00146,22,7001.8,136.0,0.648,1,东,116.546971,39.755309
H00147,17,2820.6,53.3,4.011,0,北,116.423804,39.751323
H00148,5,6493.3,127.4,3.914,0,南,116.309107,39.817663
H00149,7,3591.1,59.5,0.673,1,南,116.328387,40.094075
H00150,6,6498.3,135.1,3.678,0,西,116.422653,40.024729
H00151,23,7913.5,137.7,4.38,1,西南,116.254394,39.912392
H00152,22,2750.2,60.8,1.896,0,西,116.477913,39.944757
H00153,13,4083.4,78.9,0.633,0,南,116.145877,40.086174
H00154,8,7087.8,145.6,2.714,0,东,116.225111,39.759905
H00155,19,5339.7,104.3,1.518,1,南,116.48991,39.778457
H00156,2,8067.8,148.9,1.468,0,北,116.297442,39.821985
H00157,3,3235.8,66.6,4.404,0,东南,116.015911,39.9518
H00158,9,4656.6,94.6,3.602,0,南,116.53451,40.097513
H00159,8,3371.7,62.6,2.853,1,东南,116.280249,39.869547
H00160,9,2665.6,55.0,0.112,1,南,116.503438,39.746183
H00161,12,4288.0,83.6,1.631,1,南,116.447227,39.902043
H00162,4,8099.1,143.8,0.76,0,南,116.083289,39.737348
H00163,7,5952.9,117.2,0.445,0,北,116.295859,40.060375
H00164,4,3160.7,57.5,1.0,0,北,116.379438,39.973887
H00165,4,3284.4,57.6,0.851,1,北,116.100932,39.844774
H00166,17,7652.8,148.9,3.978,0,东,116.191029,39.720978
H00167,11,3853.6,71.5,0.473,1,西,116.092951,40.033473
H00168,2,2828.0,48.7,1.591,0,北,116.452023,40.042927
H00169,6,2769.6,63.3,3.401,0,南,116.582675,39.700971
H00170,6,6714.7,126.4,3.06,0,西,116.002184,39.841129
H00171,2,4083.5,75.2,4.5,1,东南,116.086089,39.860643
H00172,6,3193.0,63.4,4.532,1,北,116.502987,39.752207
H00173,10,4887.5,102.1,2.497,0,南,116.14097,39.963417
H00174,24,5618.4,110.5,3.445,1,北,116.026068,39.858239
H00175,4,6529.6,123.9,1.631,1,南,116.58487,39.851538
H00176,12,7863.4,147.2,4.3,1,东,116.219941,39.824597
H00177,16,4818.6,94.0,1.448,0,东,116.457419,39.731463
H00178,22,8350.5,151.3,4.755,0,南,116.253857,39.929456
H00179,20,3531.6,83.7,4.758,0,东,116.517225,39.908715
H00180,18,4167.9,69.9,2.219,1,南,116.467346,40.012062
H00181,15,3997.2,76.6,4.827,1,南,116.567444,39.956362
H00182,1,7138.5,138.4,2.382,1,北,116.24597,39.856075
H00183,9,3555.7,75.0,1.954,0,北,116.280547,40.042159
H00184,17,3853.3,70.8,1.972,0,东,116.445833,39.950205
H00185,18,5993.0,127.8,4.526,0,东,116.16218,39.948099
H00186,20,7232.7,154.1,0.492,0,东南,116.389186,39.883538
H00187,19,2734.7,50.0,0.647,0,西,116.556208,40.058991
H00188,7,3435.6,61.9,0.938,1,东,116.277441,39.760773
H00189,20,9058.7,152.5,0.875,1,南,116.058085,39.86592
H00190,4,7349.0,137.1,3.377,0,南,116.54705,40.048576
H00191,18,2865.3,57.6,2.532,1,西,116.444105,39.946397
H00192,4,5698.3,114.2,4.013,1,西,116.077855,40.026178
H00193,13,9647.8,157.2,3.993,0,西,116.167445,40.062441
H00194,23,7304.3,128.5,0.316,1,南,116.451816,40.045244
H00195,17,4405.1,93.5,4.038,1,南,116.193983,39.707427
H00196,6,3124.0,55.6,4.241,1,西,116.432981,39.742546
H00197,2,3888.4,78.0,3.22,0,东,116.596962,39.886251
H00198,18,4834.1,80.9,0.848,1,西,116.055189,39.860442
H00199,12,4039.5,80.3,2.443,0,东,116.303882,40.028816
H00200,5,3074.9,59.7,1.319,0,南,116.08303,39.822177
H00201,14,6866.7,122.1,1.776,1,南,116.276717,39.825769
H00202,9,4711.3,104.9,0.748,0,南,116.517259,39.963998
H00203,5,8215.1,149.1,3.37,1,北,116.581907,40.044569
H00204,17,7458.0,143.5,4.706,0,西南,116.299807,39.96234
H00205,1,3046.6,60.4,4.759,0,东南,116.228918,39.913899
H00206,19,7376.9,140.9,0.712,1,北,116.314702,39.763495
H00207,16,5896.4,126.4,4.929,0,东南,116.153393,39.921835
H00208,19,8399.4,150.9,2.434,1,南,116.245973,39.931548
H00209,24,7485.1,148.9,2.844,1,南,116.432973,39.993625
H00210,5,6467.1,134.6,4.897,1,北,116.454615,40.014455
H00211,4,3021.0,55.2,0.502,0,北,116.014225,39.89115
H00212,22,6353.8,142.4,2.113,0,东,116.410265,39.738211
H00213,8,7354.3,136.7,0.862,1,南,116.483555,39.843711
H00214,8,3424.6,85.8,2.436,0,北,116.40862,39.75296
H00215,16,4350.3,80.0,0.507,0,南,116.216116,40.086352
H00216,14,4125.6,85.6,0.342,1,南,116.49602,39.836202
H00217,16,7713.3,143.5,0.806,0,西,116.163571,39.729664
H00218,23,3472.5,78.0,2.967,0,北,116.426986,39.722081
H00219,22,6264.7,133.3,3.907,1,南,116.521331,39.802698
H00220,23,3123.7,47.7,0.557,1,东,116.503955,39.932274
H00221,4,2565.9,54.1,3.859,0,西南,116.523824,39.765725
H00222,20,4525.1,72.7,1.005,1,南,116.169335,39.997051
H00223,18,5870.8,111.9,0.373,0,南,116.35897,40.093023
H00224,1,5701.9,109.1,2.338,1,北,116.520308,40.089456
H00225,20,3050.3,58.6,4.118,0,南,116.264601,40.036965
H00226,4,5287.4,93.2,1.998,1,东,116.405101,39.960461
H00227,3,4487.4,90.5,1.684,0,南,116.322341,39.874277
H00228,8,7678.1,148.4,3.211,0,东,116.405197,40.089282
H00229,21,2868.1,47.1,3.977,1,西,116.289627,39.921072
H00230,19,3908.8,80.1,0.665,0,东,116.220978,39.777073
H00231,22,3186.9,57.0,2.119,0,南,116.250128,39.731606
H00232,17,7492.7,141.9,4.44,0,东,116.153642,39.81348
H00233,6,3167.2,63.5,3.492,1,南,116.259078,39.735937
H00234,21,5387.0,120.4,4.603,0,东南,116.46531,39.736063
H00235,7,2919.0,48.9,4.545,0,东,116.525055,40.07481
H00236,4,6546.4,136.2,2.779,1,北,116.570736,40.077278
H00237,17,6558.7,131.2,0.678,0,北,116.034287,39.854101
H00238,9,5840.5,118.8,4.278,1,南,116.179058,39.86427
H00239,13,3686.5,61.4,1.406,1,西南,116.449421,40.00228
H00240,15,5909.4,121.1,4.161,1,东,116.199497,39.702297
H00241,6,3296.7,65.4,4.262,0,南,116.004981,40.000122
H00242,20,3319.4,64.0,1.401,0,南,116.18666,39.884008
H00243,12,4879.4,89.6,0.53,1,西南,116.029807,40.007853
H00244,8,4039.8,83.4,3.288,1,南,116.503079,39.740504
H00245,18,5289.5,109.1,1.721,1,北,116.261069,39.876751
H00246,5,6772.4,122.7,0.73,0,南,116.047175,39.712835
H00247,9,3072.1,56.2,0.8,0,西,116.30089,39.735979
H00248,15,2740.4,49.8,2.485,0,北,116.393979,39.863248
H00249,3,6467.9,128.6,3.865,1,西南,116.578015,39.939988
H00250,10,3680.1,78.9,0.995,1,北,116.36977,39.735407
H00251,7,5113.9,103.6,2.433,1,南,116.146862,40.044139
H00252,17,2957.7,57.7,1.854,1,南,116.597888,39.755342
H00253,8,7394.9,142.0,0.633,0,东,116.239858,39.927287
H00254,6,3036.8,49.0,0.578,1,南,116.124361,39.814665
H00255,6,5137.5,100.5,3.571,1,东南,116.302409,39.735328
H00256,14,5726.2,116.8,1.044,1,西,116.57906,39.723479
H00257,16,7460.5,144.5,3.956,0,南,116.450522,40.028643
H00258,2,7737.0,146.5,2.356,1,南,116.342509,39.769085
H00259,18,8784.8,151.9,1.811,0,东,116.06308,39.943072
H00260,10,4038.6,83.7,1.676,0,东南,116.582245,39.841372
H00261,21,4627.3,98.1,4.15,1,南,116.049812,39.766762
H00262,12,2924.1,50.3,1.107,0,南,116.058088,39.824509
H00263,4,3284.7,63.3,2.353,1,南,116.392899,40.059482
H00264,18,6719.9,137.4,4.956,1,南,116.150116,39.762021
H00265,14,7548.1,135.8,3.317,0,南,116.270987,39.795793
H00266,9,5194.5,102.5,0.989,1,南,116.5213,39.796053
H00267,15,6007.3,104.5,4.473,1,东,116.26962,39.842338
H00268,2,7039.8,136.4,2.036,1,北,116.163989,39.887473
H00269,3,5088.5,113.3,2.849,1,南,116.504559,39.999856
H00270,15,7873.2,156.3,1.789,0,北,116.233352,39.720258
H00271,14,7894.1,132.3,0.226,1,西,116.487192,39.899685
H00272,5,3476.1,68.5,4.483,0,南,116.408418,40.083574
H00273,15,6104.0,108.1,2.646,1,南,116.230348,39.94342
H00274,20,4502.3,94.8,3.011,1,东,116.078879,40.029138
H00275,6,8727.8,142.1,2.202,1,东南,116.377399,40.01086
H00276,9,3456.7,65.2,0.654,0,北,116.317568,40.087481
H00277,11,5953.9,112.4,2.223,0,南,116.280817,39.946618
H00278,1,5185.4,110.1,3.098,1,南,116.04548,40.053904
H00279,3,8059.4,152.8,2.55,0,南,116.545797,40.039743
H00280,14,3617.2,66.6,4.221,0,西,116.271577,39.87653
H00281,18,6893.3,145.0,1.864,0,西南,116.408217,39.723826
H00282,9,9325.8,155.0,3.858,1,南,116.559676,39.98677
H00283,7,3100.8,64.6,3.844,1,西,116.269788,39.749187
H00284,15,6917.9,133.6,4.13,0,东,116.102779,40.053442
H00285,10,7815.0,139.8,0.334,1,东,116.574996,39.87171
H00286,21,5303.0,101.8,2.193,0,南,116.192988,40.094989
H00287,17,4120.3,76.3,1.97,0,东,116.037374,39.722192
H00288,8,9055.9,159.0,4.625,0,南,116.342004,40.017328
H00289,12,7969.7,155.4,4.199,1,北,116.173222,40.094347
H00290,22,4191.6,83.6,0.356,0,南,116.230486,39.74606
H00291,15,3435.8,80.7,0.738,1,北,116.462895,39.92421
H00292,21,3659.7,75.6,0.699,1,北,116.143864,40.013039
H00293,4,7236.0,158.5,3.058,0,南,116.345006,39.886499
H00294,12,3062.3,46.2,1.873,1,东,116.277356,39.829275
H00295,13,4038.7,84.5,0.918,1,南,116.101701,39.984314
H00296,16,8206.8,159.7,2.147,0,北,116.238319,39.868384
H00297,5,8705.1,147.6,3.127,0,东,116.031975,39.911071
H00298,8,3260.8,61.6,1.922,0,北,116.412386,40.021862
H00299,23,5011.7,108.3,4.249,0,南,116.176128,40.095807
H00300,1,4523.7,99.7,0.917,0,北,116.343926,39.973205
H00301,8,3089.1,45.6,0.347,1,东,116.408583,40.036848
H00302,11,7981.9,147.7,4.898,1,东,116.424623,39.874891
H00303,3,7339.7,147.5,4.107,1,南,116.207192,39.95994
H00304,19,3495.4,50.9,0.748,0,东南,116.284293,40.023592
H00305,23,4399.2,95.5,3.2,0,北,116.07048,39.76917
H00306,2,9692.6,155.3,3.472,1,北,116.486851,40.004062
H00307,20,6279.3,131.4,3.01,1,北,116.202101,40.013865
H00308,13,6744.1,115.1,2.795,1,东,116.475789,39.93392
H00309,8,5817.0,118.3,0.34,0,东南,116.399125,40.080384
H00310,9,4191.4,80.9,4.274,1,北,116.016691,40.030364
H00311,1,3415.1,63.0,2.487,1,北,116.494965,39.767975
H00312,18,8440.8,157.0,1.376,1,东南,116.54169,39.846658
H00313,24,3207.4,70.1,1.943,0,北,116.447449,40.028805
H00314,12,3977.4,87.8,2.646,1,南,116.495126,39.96455
H00315,1,7328.8,153.1,3.405,0,北,116.312532,39.838288
H00316,20,7081.7,136.3,0.302,1,东,116.420994,39.888982
H00317,1,4096.3,68.0,0.806,1,南,116.17669,40.052711
H00318,18,3814.5,88.8,4.834,0,北,116.488535,39.761195
H00319,9,7442.2,118.0,1.171,0,南,116.483047,40.096873
H00320,16,3117.7,52.8,0.28,0,南,116.507789,39.884449
H00321,10,5607.0,124.5,3.242,0,东南,116.245147,39.926874
H00322,11,3969.5,85.8,0.375,0,北,116.13677,40.064326
H00323,11,3497.4,62.0,3.748,0,西,116.426738,40.048629
H00324,21,4181.0,95.0,4.9,1,北,116.440411,39.98235
H00325,20,9078.2,152.8,4.946,0,东南,116.362722,39.888594
H00326,8,5518.8,110.4,3.594,1,北,116.338797,39.983716
H00327,6,7651.5,156.3,4.816,0,东南,116.481273,39.892022
H00328,12,4999.6,99.5,2.486,1,南,116.223431,40.04195
H00329,5,6590.6,137.6,1.262,0,西,116.09472,39.758749
H00330,4,5343.2,106.9,2.22,0,东,116.414593,39.92556
H00331,2,2736.0,46.5,2.022,0,北,116.08603,40.068673
H00332,20,6497.8,120.5,3.909,1,东,116.013546,39.729565
H00333,20,4905.9,97.6,2.149,1,北,116.129162,39.959248
H00334,6,5676.9,104.0,3.795,1,南,116.544203,40.08795
H00335,19,4254.5,82.5,1.423,1,西南,116.348971,39.866594
H00336,15,3817.3,72.7,1.441,0,北,116.304094,39.940305
H00337,11,3648.1,61.3,1.068,1,东南,116.381368,39.926037
H00338,22,7774.0,150.3,2.146,0,北,116.235909,39.834546
H00339,2,7847.8,149.1,0.585,1,西,116.515269,39.797852
H00340,18,4802.4,96.2,0.206,1,南,116.079779,39.950351
H00341,8,3630.9,59.4,0.903,0,东南,116.14302,40.042316
H00342,15,6119.7,123.7,2.854,0,东,116.350492,39.961623
H00343,23,6185.9,116.3,3.031,0,南,116.235705,39.908547
H00344,13,3773.0,88.8,2.283,0,北,116.352545,39.9613
H00345,14,5620.7,118.8,1.32,1,南,116.407867,39.890339
H00346,2,4205.1,78.2,0.933,1,西,116.028589,39.816968
H00347,16,9281.7,157.6,3.078,0,西,116.092454,39.787965
H00348,3,3561.0,71.8,4.098,1,东南,116.452543,39.855251
H00349,6,8385.4,141.8,1.753,1,南,116.095168,40.087757
H00350,9,8627.2,148.2,0.676,1,南,116.258416,40.064235
H00351,3,3250.3,65.2,3.942,1,西,116.475729,40.037164
H00352,21,2630.4,50.0,2.535,0,南,116.037527,39.763948
H00353,17,7916.2,136.5,0.146,1,南,116.143436,40.056324
H00354,23,6081.0,131.5,2.512,0,西,116.40873,39.732051
H00355,16,7468.9,140.9,4.879,1,西南,116.414565,39.909824
H00356,12,3619.6,57.2,3.201,1,南,116.238144,39.799077
H00357,22,3946.6,77.6,2.342,0,北,116.221274,40.022836
H00358,6,3308.8,68.6,1.931,1,东南,116.173967,39.724974
H00359,8,5386.6,120.5,0.451,0,北,116.218684,39.765991
H00360,2,3811.1,75.3,0.159,1,西南,116.084386,39.707185
H00361,5,5905.2,130.8,2.466,1,北,116.555689,39.798377
H00362,10,7218.0,131.4,1.931,1,东南,116.334525,39.842151
H00363,3,4843.1,86.1,2.996,1,南,116.112123,39.993344
H00364,7,6222.4,125.9,3.696,1,北,116.126986,39.857313
H00365,10,8382.5,149.2,2.704,1,西,116.007595,40.034789
H00366,24,4919.7,100.1,0.479,0,北,116.1024,39.766728
H00367,16,3419.4,56.7,2.09,1,东南,116.479045,39.819027
H00368,8,8347.7,156.9,3.771,0,南,116.043791,40.096833
H00369,17,4215.8,74.9,3.89,0,北,116.505662,40.042462
H00370,16,7433.5,135.2,2.154,1,西,116.309744,40.065316
H00371,14,4167.7,87.9,2.462,0,东南,116.036689,39.916862
H00372,13,5686.2,112.2,4.702,1,南,116.434433,40.058997
H00373,20,6188.9,113.8,3.946,1,东,116.20388,40.021582
H00374,22,6260.0,129.2,4.848,1,南,116.414891,39.939447
H00375,1,2829.6,47.7,2.451,1,南,116.036456,39.715515
H00376,22,6602.0,132.0,3.479,1,南,116.562936,39.793527
H00377,20,4107.3,82.3,3.819,1,西南,116.226568,40.065222
H00378,12,7250.1,154.4,4.275,0,东,116.476696,39.840657
H00379,9,7396.9,146.3,2.721,1,东,116.408298,39.878161
H00380,12,6726.7,134.4,4.212,1,南,116.105227,40.081244
H00381,7,3044.4,64.3,1.376,0,西,116.320832,39.896667
H00382,16,4717.1,94.4,1.647,0,南,116.028887,39.983349
H00383,9,3383.4,68.1,3.49,1,东,116.240233,39.718456
H00384,22,4320.2,74.8,1.747,1,东,116.512945,39.888388
H00385,1,6373.8,127.4,2.682,1,北,116.334354,40.044839
H00386,19,3439.0,70.5,1.837,1,东,116.380144,40.010542
H00387,13,2945.1,49.3,0.362,1,东,116.41397,39.935235
H00388,23,4138.1,78.5,0.599,0,南,116.506642,40.07261
H00389,6,8616.6,154.7,3.267,1,西,116.441675,40.047847
H00390,11,4207.7,89.0,1.446,0,南,116.023689,39.740799
H00391,23,5070.1,98.6,3.882,1,南,116.038168,39.9417
H00392,13,8735.9,159.1,1.121,1,北,116.528469,39.742751
H00393,15,10610.8,149.4,0.167,0,南,116.162711,39.992983
H00394,21,3930.8,67.3,1.895,0,西,116.408505,39.733982
H00395,13,3127.1,50.2,1.575,0,南,116.200431,40.046893
H00396,9,3830.5,59.3,4.604,1,南,116.017494,39.952604
H00397,23,4119.6,67.2,0.381,1,南,116.333037,39.932096
H00398,13,5037.9,102.0,1.782,0,南,116.152711,39.899667
H00399,1,2836.9,60.5,4.41,0,南,116.338485,39.989738
H00400,14,7534.8,145.4,2.747,1,西南,116.462894,39.819216
H00401,6,5538.6,114.7,3.222,0,南,116.1874,40.074158
H00402,13,3038.4,53.4,3.466,0,东,116.557311,39.903359
H00403,7,3372.1,63.2,3.135,1,东,116.027652,39.707739
H00404,18,2540.1,46.4,2.755,0,西,116.257409,39.777847
H00405,11,3242.9,60.1,3.408,1,北,116.475502,39.881082
H00406,6,3765.6,70.2,4.629,1,东,116.221193,40.037457
H00407,6,10116.1,159.6,1.916,1,东,116.132771,39.772408
H00408,5,9215.4,155.0,1.886,0,西南,116.260924,39.924544
H00409,24,6791.2,121.1,3.935,1,东南,116.132383,39.718376
H00410,10,4179.4,83.0,2.01,1,东,116.170876,39.812506
H00411,5,7006.0,139.7,2.777,0,南,116.100167,39.996878
H00412,13,3549.4,59.4,1.575,1,南,116.072577,39.958195
H00413,20,4626.7,95.8,4.993,1,南,116.396148,39.81607
H00414,12,7255.5,123.8,2.889,1,东,116.233423,39.936407
H00415,2,5554.3,118.7,4.914,0,北,116.097431,39.752879
H00416,6,3841.8,76.3,2.842,0,南,116.066148,39.933085
H00417,4,6801.4,139.4,2.222,1,北,116.401084,39.717244
H00418,14,4598.8,95.3,2.09,0,东,116.270251,39.879899
H00419,18,6634.6,127.7,1.782,1,北,116.006453,39.744708
H00420,14,6017.2,126.0,4.231,0,北,116.050417,40.081824
H00421,22,5813.3,98.8,1.097,1,南,116.281823,39.918168
H00422,8,3336.5,79.3,4.391,0,北,116.228795,39.898738
H00423,13,7407.5,137.8,0.439,0,东南,116.413461,39.839884
H00424,21,5021.4,109.4,2.156,0,东,116.452783,39.78312
H00425,8,7638.0,142.1,1.306,0,南,116.011861,40.056143
H00426,24,7318.5,141.2,3.694,1,南,116.168627,39.742732
H00427,13,7081.3,133.1,1.817,1,南,116.563049,39.927405
H00428,17,7258.6,139.9,1.77,0,东,116.488976,39.782417
H00429,8,3872.9,90.1,1.197,0,西,116.10543,39.885705
H00430,9,5029.0,110.0,2.879,0,南,116.550574,39.925477
H00431,12,6596.0,110.5,0.372,1,东南,116.121863,39.887379
H00432,16,7622.9,146.0,0.372,1,北,116.382229,40.03299
H00433,1,7135.2,120.3,1.536,1,南,116.161281,40.004853
H00434,18,3443.4,73.3,3.941,0,东,116.489408,39.783088
H00435,3,7689.1,154.6,4.874,0,东南,116.249148,39.739232
H00436,18,5741.6,117.5,3.698,0,南,116.294126,40.094561
H00437,18,5927.8,127.1,3.999,1,南,116.500306,39.963403
H00438,24,9777.3,154.5,0.159,0,东南,116.023895,40.007515
H00439,24,4715.7,82.9,0.125,1,东,116.492341,39.912147
H00440,14,7481.4,138.6,4.095,0,西南,116.134215,39.928517
H00441,1,4006.8,85.0,0.36,0,北,116.552714,40.053524
H00442,6,3644.7,76.7,4.669,0,西,116.044545,39.758522
H00443,21,5367.4,112.9,0.637,0,南,116.568484,39.980386
H00444,10,4864.2,103.2,4.231,1,南,116.594694,40.018382
H00445,16,6548.3,134.8,1.47,0,南,116.573455,39.760909
H00446,23,3437.2,69.6,0.582,1,南,116.39355,40.082806
H00447,9,4199.1,101.2,3.924,1,西南,116.407196,39.785797
H00448,17,4404.1,79.6,0.873,0,东,116.292234,39.802449
H00449,7,3226.0,48.7,1.719,1,东,116.569032,39.906194
H00450,19,4032.7,88.3,0.974,1,北,116.574786,40.078459
H00451,7,7639.6,143.1,2.127,0,南,116.366676,40.033329
H00452,8,4202.0,85.6,3.111,0,南,116.381654,40.043532
H00453,9,3388.9,77.9,3.661,0,南,116.458976,39.888577
H00454,24,4870.8,93.7,3.254,1,南,116.018281,39.829989
H00455,14,3774.3,70.1,2.547,1,南,116.047933,40.056086
H00456,18,4344.1,102.4,4.755,0,东南,116.179488,39.906299
H00457,4,7205.2,136.3,1.431,1,西,116.476828,39.991857
H00458,18,8580.0,154.1,2.024,0,南,116.238029,39.987769
H00459,10,4898.2,103.2,3.769,0,南,116.257202,40.086982
H00460,22,6712.4,125.5,0.16,1,北,116.099808,40.024558
H00461,15,4354.4,91.1,3.819,0,南,116.540908,40.0786
H00462,15,10126.1,157.8,1.666,1,南,116.579124,40.059042
H00463,11,8131.2,143.5,3.666,0,南,116.146469,39.963371
H00464,6,4568.9,107.8,4.441,0,南,116.140344,39.726071
H00465,8,6801.1,133.5,3.328,1,东南,116.36392,39.778258
H00466,11,7192.6,136.8,0.424,0,南,116.275265,40.034931
H00467,3,3952.2,79.1,0.773,0,东南,116.071253,39.786615
H00468,24,5786.4,111.3,4.892,0,东,116.254998,39.920183
H00469,15,7847.5,146.1,1.282,1,东南,116.508266,39.932426
H00470,1,7682.1,135.8,0.711,1,西南,116.272074,40.038601
H00471,23,3030.6,52.1,1.175,0,东南,116.16081,39.853898
H00472,10,3228.5,49.1,2.378,0,南,116.30941,39.942521
H00473,7,4703.5,98.6,0.451,0,东,116.332413,39.938581
H00474,2,5184.0,107.6,3.044,0,南,116.04715,40.067009
H00475,18,6477.1,126.3,4.01,1,北,116.120112,39.918952
H00476,22,8498.3,150.3,0.744,1,东,116.280438,39.895763
H00477,16,5339.0,110.1,1.341,0,西,116.156633,39.733355
H00478,20,3281.2,71.6,3.359,1,东南,116.360802,39.921137
H00479,6,6518.7,139.4,2.381,0,南,116.062242,39.843106
H00480,3,6564.3,137.7,2.203,0,南,116.530377,39.836984
H00481,16,7488.9,154.4,0.362,0,北,116.299425,40.070675
H00482,9,5934.8,110.0,0.978,0,东,116.340086,39.947947
H00483,24,5505.1,120.9,1.215,1,北,116.353385,40.041351
H00484,20,6022.6,117.3,0.404,1,南,116.320095,39.98009
H00485,6,2807.9,59.1,0.871,1,北,116.278116,39.983575
H00486,13,3361.3,61.1,0.617,1,南,116.551809,39.717967
H00487,9,3719.8,62.6,2.214,1,西,116.527758,39.998798
H00488,8,4200.4,86.7,3.354,0,南,116.369269,39.999199
H00489,4,3434.7,74.5,4.112,1,南,116.397641,39.781368
H00490,19,8160.9,157.3,3.543,1,北,116.532687,40.010139
H00491,17,3704.5,62.4,0.669,1,南,116.201533,40.064037
H00492,21,3136.7,67.4,3.691,0,南,116.569506,39.814574
H00493,15,5297.8,112.1,2.707,0,东南,116.431868,39.726624
H00494,2,6206.2,117.2,4.377,1,南,116.280098,40.063355
H00495,15,9900.3,158.2,2.386,1,东,116.061917,39.790138
H00496,12,7987.0,147.7,0.471,0,南,116.046992,40.007289
H00497,18,3434.8,72.2,3.143,0,西南,116.02594,39.775823
H00498,6,4263.3,93.0,3.457,1,东,116.322624,40.043128
H00499,8,6220.2,135.3,1.415,0,北,116.08701,39.828239
H00500,4,4141.6,93.7,2.953,0,西南,116.285963,39.809423
H00501,2,4522.9,80.6,1.259,1,南,116.417226,39.938858
H00502,11,4612.6,90.1,1.774,1,东,116.194814,39.911971
H00503,2,8492.9,157.7,2.698,0,南,116.358209,40.096555
H00504,18,7294.3,144.6,1.3,0,西,116.07089,40.059942
H00505,8,7001.2,136.3,0.661,0,南,116.057615,39.922239
H00506,18,4132.5,80.9,3.061,1,南,116.025794,39.844869
H00507,23,9222.3,143.8,4.933,1,南,116.120625,39.97106
H00508,16,8661.7,151.3,3.221,0,南,116.155854,39.879098
H00509,17,5182.6,107.5,1.8,1,南,116.578253,39.891593
H00510,15,3433.9,56.4,0.49,0,东南,116.18427,40.034564
H00511,14,5916.6,115.5,1.973,1,北,116.177259,39.71236
H00512,6,4937.2,111.5,1.921,0,东,116.173041,40.068363
H00513,17,4414.0,95.8,0.903,0,南,116.293459,39.813511
H00514,17,4309.4,65.6,1.804,1,西南,116.021658,40.015581
H00515,11,3036.9,61.6,3.8,0,东南,116.16458,39.790793
H00516,21,4231.5,87.9,2.645,1,南,116.395644,39.738016
H00517,9,2570.3,46.3,4.701,0,北,116.455839,39.732062
H00518,21,6632.0,132.8,1.646,0,西南,116.240662,40.096278
H00519,18,5597.1,125.2,3.409,0,南,116.541613,39.835859
H00520,16,5191.8,119.1,4.52,1,西,116.51189,39.800377
H00521,9,5701.3,117.2,0.984,1,北,116.451469,40.008396
H00522,15,3894.9,76.0,3.785,0,东,116.17778,40.033771
H00523,22,6996.6,135.8,1.109,1,南,116.56649,40.003688
H00524,13,6551.1,130.0,4.575,1,东,116.463867,40.054158
H00525,16,5726.5,125.1,2.455,1,南,116.350633,39.71313
H00526,5,4386.5,87.0,0.982,1,东,116.593455,40.037337
H00527,21,3747.5,79.1,2.439,0,南,116.273448,39.880101
H00528,11,3377.9,73.4,4.523,0,南,116.457909,39.795011
H00529,5,3893.3,91.8,2.121,0,北,116.570143,39.768494
H00530,20,6642.9,135.4,3.063,1,西南,116.104592,39.737071
H00531,16,6147.4,111.0,0.199,1,西,116.046314,39.722655
H00532,12,7609.9,139.5,2.814,1,西,116.453856,39.952915
H00533,9,3849.7,77.0,0.374,0,南,116.140285,39.712568
H00534,22,5658.4,112.1,2.278,1,北,116.443065,40.07067
H00535,8,5094.3,118.4,2.215,1,南,116.344806,40.077426
H00536,24,4957.0,92.6,0.895,1,东南,116.358187,40.074871
H00537,6,6297.9,143.6,4.314,0,北,116.507036,39.712947
H00538,16,7006.5,151.3,1.346,0,东,116.554862,39.733438
H00539,9,4905.1,100.2,1.818,1,北,116.208297,39.853081
H00540,24,5524.3,100.4,0.613,1,北,116.080552,39.990256
H00541,23,4668.8,97.9,0.704,0,西,116.079408,39.753898
H00542,6,3663.7,73.0,1.196,1,南,116.286784,39.71327
H00543,23,3274.1,52.8,4.826,0,东南,116.192371,39.762884
H00544,22,3375.7,62.1,1.037,1,东南,116.343142,39.732096
H00545,7,2615.4,58.0,4.682,0,北,116.33889,39.822907
H00546,23,3999.0,78.8,4.966,1,东,116.331272,39.830378
H00547,11,3250.5,50.3,2.57,1,北,116.06946,39.886281
H00548,14,3023.6,52.0,4.463,1,西,116.001881,39.727281
H00549,1,4656.1,97.8,2.877,0,南,116.120806,39.973187
H00550,6,4802.6,97.4,0.706,0,北,116.571985,40.005225
H00551,17,3402.0,60.9,4.259,1,北,116.103284,39.986951
H00552,17,4765.2,99.5,3.106,1,南,116.501901,39.933933
H00553,4,6329.3,122.8,3.794,1,北,116.186996,39.754966
H00554,4,6348.8,128.2,1.446,1,北,116.148738,39.802878
H00555,24,5613.4,104.3,3.092,1,南,116.466453,40.024371
H00556,2,2702.5,46.4,3.352,1,东南,116.340378,39.792158
H00557,21,5091.0,103.3,1.693,0,北,116.375472,39.754127
H00558,23,7405.6,139.6,0.568,1,南,116.268367,39.778311
H00559,12,4782.4,100.8,4.668,1,南,116.513922,39.822053
H00560,9,6360.6,120.5,1.3,0,西,116.127356,39.976435
H00561,3,6291.0,123.0,3.275,1,西,116.163588,39.918564
H00562,5,2887.3,48.2,3.818,1,北,116.230848,40.091527
H00563,23,7359.6,126.2,0.955,1,北,116.399486,39.742074
H00564,5,3483.9,57.6,3.333,1,东南,116.578979,39.891861
H00565,8,6328.2,125.8,2.244,0,东,116.166281,40.053242
H00566,6,8940.7,154.4,3.151,0,北,116.11794,40.092479
H00567,24,3603.2,68.3,2.4,0,南,116.393244,40.078619
H00568,4,3527.6,61.8,4.722,0,东,116.534545,40.079063
H00569,4,3328.7,59.5,3.196,0,东南,116.309334,39.966378
H00570,18,7751.2,156.1,3.409,0,南,116.001203,39.837648
H00571,10,7604.9,135.5,0.145,0,南,116.115907,39.894498
H00572,13,9203.3,158.2,0.957,0,东南,116.248922,40.059107
H00573,9,7903.5,146.3,2.531,0,南,116.201274,39.869951
H00574,24,6315.2,130.7,0.966,1,西,116.080778,39.741786
H00575,14,9047.1,145.3,2.78,0,南,116.146526,39.838206
H00576,23,4636.7,96.3,2.056,0,东南,116.374721,39.708654
H00577,10,4327.0,87.2,1.87,1,东南,116.381395,40.086562
H00578,13,4188.0,85.4,1.163,0,东南,116.370755,40.01236
H00579,20,4216.9,91.2,3.59,0,南,116.496047,39.898858
H00580,23,3375.6,55.2,3.187,1,东,116.567803,39.856258
H00581,9,4288.9,83.8,2.275,1,南,116.320664,39.809892
H00582,14,9796.2,154.9,2.626,0,南,116.158813,40.023467
H00583,8,2607.7,54.7,4.367,1,南,116.430763,39.888747
H00584,8,2785.7,48.9,3.318,0,西,116.041351,39.758581
H00585,23,6891.4,126.4,4.285,0,东南,116.114074,40.070737
H00586,11,5153.8,114.7,0.963,0,西南,116.004525,40.06117
H00587,21,5485.4,119.5,4.682,0,东,116.196077,39.823429
H00588,20,3668.1,72.5,0.71,1,南,116.265818,39.802602
H00589,9,3165.9,51.6,0.366,0,西南,116.025824,39.963313
H00590,20,7052.4,133.9,2.791,0,东,116.489942,39.890456
H00591,13,3922.9,70.2,0.703,1,南,116.169259,40.015481
H00592,21,9086.1,149.7,3.386,0,东南,116.142651,39.89457
H00593,6,5317.5,124.8,1.556,0,南,116.424489,39.952399
H00594,23,4431.5,88.6,0.603,1,南,116.138643,39.711965
H00595,2,2892.9,53.2,4.106,1,北,116.276453,39.784433
H00596,5,4063.3,92.6,2.812,0,西,116.25159,39.966582
H00597,22,3359.7,61.1,2.352,1,北,116.433952,39.726858
H00598,9,3683.7,72.6,2.872,1,东,116.178057,39.915956
H00599,13,5720.0,111.4,2.438,1,东南,116.008881,39.765255
H00600,3,4853.5,94.1,2.026,1,东,116.173432,39.845933
H00601,12,4289.1,78.2,1.516,0,南,116.003491,40.061719
H00602,8,6909.3,138.2,4.106,1,南,116.314811,39.831048
H00603,18,3655.8,73.2,0.873,1,南,116.32945,39.943446
H00604,5,3667.8,83.8,4.301,0,北,116.520312,39.81553
H00605,9,3193.7,56.9,0.365,1,南,116.156079,39.812217
H00606,17,7430.1,144.5,3.601,0,东,116.383004,39.818216
H00607,23,9556.3,153.4,0.559,1,东,116.587164,39.904845
H00608,16,7104.6,134.3,2.03,1,南,116.091673,39.716235
H00609,14,3555.0,63.5,4.173,0,东,116.03447,39.922567
H00610,9,6991.5,145.8,0.635,1,南,116.1477,39.814025
H00611,1,8155.5,155.1,3.233,1,南,116.213621,39.885765
H00612,5,2513.4,50.0,2.806,0,东,116.570449,39.746837
H00613,7,3188.2,57.1,0.211,0,南,116.232583,40.073061
H00614,23,7701.3,142.3,4.009,0,东南,116.145197,39.751336
H00615,11,3131.1,61.8,4.431,1,南,116.397519,39.968519
H00616,15,2918.7,55.3,2.189,0,南,116.419491,39.733485
H00617,21,6270.1,115.8,1.972,1,北,116.245593,39.864934
H00618,2,8152.3,152.6,3.903,1,南,116.094379,39.982239
H00619,15,6577.8,140.6,4.483,0,南,116.417866,39.761165
H00620,18,6800.4,135.4,3.445,1,南,116.223062,39.740488
H00621,20,2937.5,52.9,0.85,1,北,116.263687,39.723539
H00622,1,7596.2,149.8,3.372,0,南,116.224645,40.043073
H00623,7,3675.6,54.1,0.628,1,西,116.043089,39.892261
H00624,14,5533.4,97.4,3.981,0,东,116.109342,39.872158
H00625,14,4451.1,82.8,0.275,0,东南,116.236953,39.818853
H00626,5,5600.3,124.6,2.74,1,北,116.553562,39.730957
H00627,8,7749.1,146.1,4.556,1,西,116.163716,39.975941
H00628,13,6287.8,100.6,0.64,1,南,116.045982,39.700589
H00629,24,4795.8,107.5,4.489,1,西南,116.160505,39.793063
H00630,9,6772.2,119.7,1.559,1,南,116.006111,39.862635
H00631,22,5026.6,111.2,3.809,1,北,116.13213,39.853313
H00632,17,5337.8,100.2,0.187,1,西,116.161964,39.774181
H00633,10,3860.8,80.6,3.772,0,南,116.238649,40.059349
H00634,24,5452.6,102.3,2.088,1,南,116.380131,39.847775
H00635,3,5109.7,99.9,2.573,0,南,116.538842,39.854205
H00636,6,4402.3,68.8,1.628,1,东,116.084536,40.057045
H00637,22,7919.3,135.4,1.685,0,南,116.098212,40.054777
H00638,2,4157.4,86.9,1.541,1,南,116.596141,39.762609
H00639,14,3866.2,77.3,2.18,0,南,116.569802,39.936665
H00640,13,4173.0,76.0,0.157,0,东,116.426986,39.981578
H00641,13,3997.7,64.6,3.094,1,东,116.075158,39.988763
H00642,20,4061.9,72.6,2.225,0,南,116.299945,39.982285
H00643,11,2579.9,46.5,4.516,0,西,116.305154,39.882455
H00644,22,4250.2,86.9,2.542,1,北,116.174471,39.958725
H00645,14,4712.7,96.8,0.514,0,西,116.435806,39.918588
H00646,1,3439.6,71.0,1.718,1,西,116.21744,40.021086
H00647,18,6265.7,120.1,1.752,0,南,116.399427,39.774279
H00648,6,3391.8,62.0,0.267,0,南,116.521542,40.018132
H00649,20,3607.4,72.9,4.64,1,东,116.371824,39.908384
H00650,21,2893.1,55.6,3.98,0,东,116.114433,39.996081
H00651,4,3069.0,68.7,4.864,0,南,116.442804,39.902434
H00652,22,3221.5,67.6,4.556,0,北,116.053559,39.8429
H00653,20,4547.4,80.2,3.264,0,东,116.315529,39.938452
H00654,23,7077.4,132.0,2.217,1,西南,116.065914,39.773465
H00655,9,6862.1,133.0,3.219,1,北,116.44363,39.810454
H00656,22,6875.6,141.1,3.41,1,北,116.326215,40.068589
H00657,5,4311.3,98.5,3.193,0,南,116.409612,39.994383
H00658,8,3863.3,77.7,1.483,0,东南,116.458862,40.076562
H00659,15,4165.7,95.0,0.117,0,南,116.595272,39.706414
H00660,23,3364.9,59.3,1.576,0,东,116.117355,39.968776
H00661,6,5118.0,120.8,2.159,1,北,116.130481,40.029234
H00662,4,5755.0,128.7,4.461,1,北,116.327916,39.759742
H00663,15,4455.3,97.7,3.426,0,南,116.525239,39.748349
H00664,7,3657.6,82.8,4.459,1,东,116.322367,39.741347
H00665,7,6800.7,148.1,1.632,1,东南,116.518543,39.898316
H00666,20,7551.6,157.0,3.451,0,南,116.510634,40.07174
H00667,2,7466.4,140.1,3.618,1,北,116.011293,40.01052
H00668,11,3359.8,61.6,3.156,0,东,116.533987,40.054964
H00669,20,7455.6,148.0,4.314,1,南,116.36935,39.771948
H00670,14,3445.8,84.0,4.288,1,北,116.318277,39.703637
H00671,15,8199.1,157.6,4.665,0,东南,116.552414,40.093269
H00672,12,4359.4,80.2,1.978,1,西,116.007307,39.894065
H00673,1,3290.7,57.8,3.646,1,南,116.03767,39.884766
H00674,18,2903.7,48.0,0.736,1,南,116.433147,40.030667
H00675,24,5194.4,95.1,1.796,0,东,116.077832,39.838362
H00676,4,3449.1,71.6,1.006,0,北,116.500228,40.053905
H00677,8,8608.8,159.7,3.186,1,西南,116.182672,39.730152
H00678,22,6937.1,120.6,2.343,1,南,116.29893,40.055069
H00679,1,2811.1,49.9,2.615,1,南,116.180091,39.709659
H00680,19,5302.4,111.2,0.353,0,东南,116.421232,40.087073
H00681,11,3169.1,58.7,1.193,1,南,116.369055,39.850417
H00682,8,8064.5,152.9,0.799,0,北,116.297624,39.814325
H00683,14,3388.0,62.8,2.583,1,南,116.448275,39.963922
H00684,12,6426.4,136.9,0.209,1,北,116.280204,39.718634
H00685,7,2889.0,67.2,0.868,0,南,116.515002,39.929955
H00686,13,5266.1,92.2,3.175,1,西南,116.101191,39.740978
H00687,9,5125.5,115.7,2.109,1,南,116.358982,39.804044
H00688,6,2562.4,47.7,2.856,0,东,116.295041,39.897486
H00689,24,5778.6,115.7,4.255,1,南,116.486214,40.004515
H00690,23,4334.3,65.3,4.299,1,南,116.034758,39.733445
H00691,10,6440.9,131.7,1.36,0,南,116.372658,39.939482
H00692,11,6694.3,113.5,4.151,1,南,116.210032,39.890478
H00693,15,2973.2,45.7,3.92,1,南,116.059038,39.781123
H00694,7,2795.3,49.9,1.348,0,东南,116.433798,39.80115
H00695,6,5013.3,111.7,4.32,1,东南,116.553669,39.978445
H00696,14,8491.6,147.7,4.811,1,东,116.240897,40.09978
H00697,5,3668.9,64.6,3.927,1,东,116.204754,39.999025
H00698,14,5413.0,121.4,4.296,0,西,116.081596,39.833733
H00699,17,7312.3,145.1,3.711,1,南,116.161942,40.002848
H00700,13,3047.2,51.7,1.802,1,西,116.081974,39.708357
H00701,18,4442.7,98.0,3.175,0,东,116.525605,39.968258
H00702,22,2803.1,52.6,2.281,0,南,116.290459,39.812193
H00703,19,6436.5,124.1,3.596,1,西,116.246952,39.88008
H00704,18,4691.8,88.9,0.364,1,西,116.108174,39.912537
H00705,18,5332.0,117.6,4.094,0,东,116.387347,39.990391
H00706,24,7238.1,123.3,1.435,1,南,116.096888,39.873328
H00707,12,3155.8,62.9,4.37,0,南,116.513103,40.08562
H00708,20,2919.2,45.0,2.79,1,南,116.189382,39.78545
H00709,17,4452.7,76.4,0.414,0,西,116.425518,40.010533
H00710,22,6105.1,115.0,2.887,1,东,116.028442,39.896447
H00711,16,2937.2,45.1,4.324,1,东南,116.433821,39.952222
H00712,24,5605.0,112.1,4.719,0,西南,116.016969,39.835265
H00713,23,4939.2,95.7,2.997,0,南,116.437638,39.94203
H00714,24,3451.9,64.6,4.141,0,南,116.378261,39.993263
H00715,1,5755.8,110.9,2.129,1,南,116.26162,39.968082
H00716,18,4075.9,78.2,2.824,0,南,116.539363,39.757882
H00717,24,6565.4,124.7,1.775,0,南,116.599963,39.745119
H00718,21,3506.7,72.7,4.617,1,南,116.382694,39.931731
H00719,4,6572.6,128.3,2.58,1,南,116.054335,39.92798
H00720,24,3862.3,87.3,2.895,0,南,116.530965,39.885033
H00721,15,8953.4,150.0,2.406,0,东南,116.326703,40.068415
H00722,14,4566.3,110.3,3.075,0,南,116.439336,39.785786
H00723,13,3187.1,48.4,1.436,1,西南,116.547813,39.884633
H00724,24,5689.6,118.6,1.83,1,北,116.102291,39.903592
H00725,22,2983.1,48.9,2.89,0,南,116.114547,39.718227
H00726,13,3270.6,48.5,3.525,0,东,116.035907,40.034983
H00727,21,3030.6,54.8,4.207,0,南,116.115437,39.874239
H00728,19,5762.5,120.1,2.152,1,西,116.388115,39.952197
H00729,3,3939.2,94.3,4.623,1,北,116.157247,39.765606
H00730,20,6623.8,142.1,4.088,1,北,116.344043,40.011726
H00731,22,4852.0,109.3,1.06,1,北,116.404905,39.908318
H00732,23,3269.3,61.8,1.17,1,北,116.587185,39.965129
H00733,17,3193.6,57.8,1.907,0,南,116.179726,39.700755
H00734,21,4513.2,85.5,0.147,1,东南,116.307977,39.982686
H00735,10,4926.7,106.4,3.981,0,北,116.569741,39.958978
H00736,9,4113.7,96.5,0.342,0,西,116.545609,39.703462
H00737,12,5785.8,124.4,1.225,1,南,116.390553,39.945967
H00738,13,3182.3,61.3,3.312,1,北,116.329695,39.966846
H00739,16,4289.8,79.7,0.193,0,南,116.432368,39.767195
H00740,19,5990.6,133.5,1.291,0,西南,116.410236,39.821298
H00741,24,4313.6,88.2,4.928,1,西,116.502721,39.703531
H00742,8,4982.2,109.3,2.66,0,南,116.437115,39.956436
H00743,24,6260.7,107.1,2.385,1,东,116.459316,39.966883
H00744,12,5472.7,90.9,0.302,1,南,116.159082,39.931531
H00745,19,6396.9,131.7,0.781,1,北,116.41159,39.898478
H00746,17,2684.6,47.0,4.472,0,东,116.360097,39.761282
H00747,9,4520.8,91.0,1.023,1,南,116.254771,39.990335
H00748,13,4415.1,85.1,1.57,1,西南,116.136371,39.860518
H00749,19,7044.4,141.2,4.902,1,南,116.345937,40.046122
H00750,1,3362.7,61.2,0.267,0,南,116.051923,40.092554
H00751,1,6877.5,135.1,4.845,0,东,116.08654,39.979008
H00752,14,7492.0,137.1,3.822,0,东,116.146105,39.987353
H00753,9,7651.8,147.5,2.342,0,南,116.22053,39.994789
H00754,12,3476.1,52.5,0.607,0,南,116.118699,40.033494
H00755,12,5763.3,112.2,0.525,0,东南,116.033023,39.821266
H00756,11,3058.9,49.5,3.631,1,南,116.485583,39.884384
H00757,22,7184.8,127.7,2.385,1,东南,116.291637,39.842682
H00758,2,7533.4,144.6,1.406,1,北,116.170323,39.776303
H00759,9,4208.7,81.3,2.273,1,东,116.016804,39.966005
H00760,6,3817.2,87.6,4.703,0,南,116.495926,40.086708
H00761,3,3919.0,65.5,1.167,1,南,116.014585,40.090475
H00762,9,4379.0,80.6,2.614,1,西南,116.269768,39.79386
H00763,16,8348.9,144.6,3.947,0,东南,116.281957,40.07433
H00764,20,3125.3,53.4,3.678,0,南,116.575162,39.952245
H00765,18,9263.9,156.3,1.348,0,东南,116.410516,39.775073
H00766,17,4554.6,86.0,0.587,0,南,116.24227,39.852653
H00767,8,3780.8,79.9,3.911,0,南,116.356006,39.777808
H00768,14,4229.4,87.3,3.008,0,南,116.301428,40.015422
H00769,3,4779.1,85.5,4.133,1,西,116.032459,40.052023
H00770,2,4189.0,92.6,0.571,1,西,116.52823,39.831775
H00771,6,6299.8,119.9,2.471,0,南,116.320487,39.883799
H00772,21,7879.3,150.0,1.071,0,南,116.140075,39.843594
H00773,15,7084.7,152.2,0.107,0,北,116.348559,39.714653
H00774,9,4100.9,86.1,2.919,1,南,116.579232,39.810442
H00775,24,6456.2,110.6,1.031,0,东,116.010875,40.004405
H00776,10,4940.8,101.7,1.588,0,西,116.197368,40.023004
H00777,23,3547.7,86.0,2.279,0,北,116.364392,39.898078
H00778,13,6699.4,110.5,0.567,0,南,116.076653,39.832362
H00779,2,8537.9,158.4,0.687,0,南,116.195457,39.701419
H00780,23,6426.1,136.4,4.234,0,南,116.599899,39.879292
H00781,16,3639.6,58.9,1.202,1,南,116.202605,39.813107
H00782,16,3358.1,56.0,4.658,0,东南,116.558836,40.094288
H00783,20,5484.6,111.2,2.465,0,南,116.217395,40.01459
H00784,3,5779.6,106.8,3.922,1,南,116.019911,39.787795
H00785,17,6839.9,126.4,2.403,0,北,116.155601,39.737901
H00786,3,3554.6,70.6,0.276,0,南,116.365323,40.076356
H00787,16,5313.4,102.8,0.17,1,北,116.115878,40.053244
H00788,21,7144.9,138.2,0.525,0,北,116.1977,39.961212
H00789,2,6510.4,121.9,1.156,1,南,116.306621,39.710188
H00790,9,3623.7,86.5,3.482,0,南,116.127908,39.820889
H00791,11,5545.1,105.5,3.496,1,南,116.129106,39.902609
H00792,8,5175.6,103.8,4.562,1,南,116.354353,39.937161
H00793,13,4617.4,88.8,2.145,0,南,116.336057,39.838833
H00794,9,9883.2,153.2,3.741,1,东南,116.236266,40.073396
H00795,24,8625.9,152.9,4.568,0,南,116.337146,39.909935
H00796,5,7752.3,144.0,3.865,1,南,116.347268,39.759681
H00797,15,4151.7,73.8,4.157,0,南,116.349959,40.07077
H00798,18,3554.9,74.6,0.149,0,北,116.356815,39.754828
H00799,2,2807.9,45.2,3.891,1,东南,116.344511,39.801936
H00800,6,6839.6,106.5,1.224,1,西南,116.292419,40.04848
H00801,18,4008.8,77.3,4.691,0,东南,116.046053,39.862835
H00802,19,2734.4,55.9,3.272,1,北,116.552668,39.947125
H00803,24,3278.2,51.6,3.783,1,南,116.294114,40.08568
H00804,18,2962.1,53.0,2.362,1,北,116.183207,39.891845
H00805,2,10239.5,156.9,2.244,1,东,116.164365,40.054414
H00806,7,4678.4,101.8,2.105,1,南,116.452771,39.885134
H00807,5,4383.5,103.7,3.396,0,南,116.437479,39.86007
H00808,12,6420.4,134.2,3.662,0,西,116.194134,39.883448
H00809,18,7875.3,152.9,1.896,1,西,116.474228,39.955826
H00810,19,5395.9,128.8,2.895,0,南,116.297508,39.865522
H00811,1,5423.2,115.2,4.851,0,南,116.376386,39.706118
H00812,22,7816.0,135.1,3.024,1,北,116.001497,39.892387
H00813,5,3621.4,53.6,1.394,1,南,116.374546,39.74612
H00814,9,5958.2,112.1,0.906,0,南,116.55008,40.061764
H00815,2,3324.9,63.7,3.348,0,南,116.075225,39.950722
H00816,18,3091.7,66.8,4.789,0,东,116.270109,39.899072
H00817,8,4054.7,83.9,0.354,0,南,116.248034,40.018113
H00818,5,4097.6,88.6,1.723,1,南,116.17894,39.989833
H00819,13,7387.8,134.5,2.233,0,东,116.431888,40.01429
H00820,11,4966.9,96.8,1.088,1,南,116.400738,39.76767
H00821,17,3070.4,45.8,1.557,0,南,116.31596,40.067923
H00822,1,3562.9,68.1,2.716,0,南,116.485611,40.01013
H00823,17,2927.2,50.3,4.326,0,南,116.589684,39.889822
H00824,11,4887.7,99.4,0.918,1,南,116.588233,39.728043
H00825,14,7430.8,144.4,4.393,1,北,116.040349,40.07132
H00826,1,3510.6,57.6,1.937,0,西南,116.158134,39.915658
H00827,5,3080.4,52.1,0.613,0,南,116.568238,39.820822
H00828,9,4881.0,106.4,4.405,0,西,116.300874,39.754508
H00829,2,2990.5,58.8,1.583,0,北,116.283696,39.948388
H00830,4,5920.2,127.8,4.336,0,东,116.515046,39.977976
H00831,22,3064.6,54.0,0.503,1,西南,116.016781,39.793141
H00832,23,4628.3,94.6,2.325,1,北,116.410549,40.060324
H00833,14,8556.4,144.7,4.876,1,东,116.001405,39.955183
H00834,22,6239.5,109.3,3.893,1,北,116.478481,39.865253
H00835,6,4442.9,98.3,2.447,1,北,116.576934,39.749712
H00836,17,3202.4,57.9,0.748,0,西,116.246516,39.733582
H00837,19,3565.2,68.8,3.102,1,东南,116.591016,40.050075
H00838,2,5055.7,103.1,4.918,1,东南,116.280733,40.044898
H00839,11,7251.8,125.6,3.741,0,南,116.419251,39.892882
H00840,12,5677.5,119.3,2.096,1,南,116.310974,39.71441
H00841,6,5988.7,112.7,1.926,1,北,116.555825,39.703111
H00842,17,7315.7,151.5,4.423,0,北,116.021824,39.869396
H00843,6,3415.5,67.1,3.927,0,南,116.52268,40.043181
H00844,23,5240.1,107.7,3.977,1,北,116.362676,39.870624
H00845,5,5827.6,112.7,0.346,0,东,116.423147,39.848371
H00846,19,7643.3,128.3,0.994,0,南,116.166431,40.065474
H00847,6,3646.6,59.4,0.488,1,西,116.153851,39.843551
H00848,1,3598.8,69.3,2.023,0,南,116.124082,39.9773
H00849,4,5450.4,125.3,4.502,0,东,116.530531,39.976555
H00850,24,7622.8,137.2,0.307,0,南,116.465126,39.8863
H00851,14,5645.9,99.6,2.481,1,东,116.08396,40.044078
H00852,6,5510.3,108.9,4.064,1,南,116.333803,39.730317
H00853,16,4755.5,111.1,4.546,0,北,116.418108,39.854937
H00854,11,4564.7,91.8,3.962,1,东南,116.366537,39.717761
H00855,9,5974.6,112.4,0.599,1,东,116.150572,39.980951
H00856,1,6270.6,128.2,3.489,1,南,116.389066,39.937466
H00857,21,9209.6,158.3,1.12,0,西,116.139621,39.874833
H00858,22,4978.9,109.6,4.426,0,南,116.43542,39.789698
H00859,18,6902.0,139.8,4.975,0,西南,116.163951,39.909131
H00860,23,5243.2,89.9,1.251,0,南,116.022262,39.776621
H00861,5,4236.8,85.0,2.899,0,南,116.196494,40.040697
H00862,6,4242.1,91.2,2.533,1,北,116.358636,39.963158
H00863,9,3828.3,80.1,0.445,0,北,116.206632,39.901449
H00864,20,4760.0,106.6,4.464,0,北,116.270327,39.763181
H00865,2,5816.3,115.7,1.033,1,东南,116.304884,39.749669
H00866,13,4207.3,81.7,1.342,0,北,116.058352,39.909468
H00867,5,5523.6,110.8,2.813,0,南,116.083849,39.839884
H00868,21,3631.3,78.3,4.295,0,北,116.239023,39.841045
H00869,16,3609.1,68.0,3.869,1,东,116.518948,39.839236
H00870,11,5160.3,113.5,4.857,1,西,116.429646,39.778077
H00871,1,6094.8,113.0,3.451,1,南,116.551355,39.978485
H00872,7,5311.0,123.4,3.978,1,北,116.417528,40.031003
H00873,18,4778.4,101.3,0.592,0,南,116.354853,40.068245
H00874,3,2977.1,59.5,3.14,0,南,116.037061,39.913292
H00875,18,6430.5,124.8,0.715,0,东南,116.378435,39.880347
H00876,14,4811.9,92.5,4.188,1,南,116.102398,39.90336
H00877,20,3575.5,54.4,2.134,1,南,116.442646,39.89081
H00878,13,9160.5,157.0,0.511,0,西,116.066674,39.912659
H00879,2,7308.0,129.4,2.243,1,西,116.042541,39.763158
H00880,6,6482.2,129.4,3.055,1,南,116.50055,39.972568
H00881,9,2885.3,54.5,4.587,0,南,116.238873,39.753568
H00882,13,6369.1,118.4,2.657,1,北,116.205439,40.094215
H00883,22,5956.6,122.8,3.87,1,南,116.199398,39.976109
H00884,24,4536.5,86.6,4.665,1,南,116.485815,40.018605
H00885,9,2643.6,50.2,4.22,0,北,116.599325,39.939743
H00886,22,9518.2,150.9,0.158,0,东,116.1048,39.824934
H00887,18,6052.7,120.2,3.0,1,东南,116.345146,39.913946
H00888,17,4472.1,90.2,4.248,1,南,116.488727,39.889159
H00889,1,3772.9,68.5,1.097,1,南,116.420769,39.70227
H00890,6,3943.6,70.4,0.979,0,西南,116.349255,40.062764
H00891,7,2825.6,54.4,4.56,1,东,116.244276,39.791651
H00892,7,3157.5,62.8,3.696,1,南,116.380313,40.02242
H00893,19,6989.1,128.5,1.528,0,东,116.224051,40.01601
H00894,4,6704.1,146.3,2.628,1,西南,116.234676,39.722713
H00895,19,5098.3,89.0,1.998,0,西,116.202313,40.069299
H00896,1,7208.4,137.4,0.217,0,南,116.54636,40.096735
H00897,4,4073.6,78.2,4.81,0,东,116.576807,39.811111
H00898,11,5283.5,107.5,2.479,1,西,116.430511,39.823724
H00899,20,8001.6,151.2,4.834,1,北,116.19593,39.842456
H00900,18,8158.8,150.1,2.978,1,北,116.476212,39.884255
H00901,24,5039.3,97.3,2.401,1,北,116.363103,40.028066
H00902,18,2791.8,55.5,0.596,0,北,116.504392,39.714175
H00903,1,3503.9,60.3,4.042,1,南,116.199334,39.755484
H00904,5,9887.9,156.8,1.734,1,东南,116.260314,39.897816
H00905,19,4774.8,89.7,0.753,0,南,116.203503,39.775206
H00906,12,7604.9,134.6,2.466,0,东南,116.560933,40.047198
H00907,21,8911.7,159.5,1.642,0,南,116.589663,39.799826
H00908,9,3942.8,98.0,4.356,0,南,116.275308,39.815442
H00909,11,9298.1,145.7,1.484,1,南,116.036141,40.045344
H00910,17,8282.9,150.8,3.136,0,南,116.020335,39.76543
H00911,24,9326.3,157.9,2.127,0,北,116.087743,39.84687
H00912,2,7065.2,137.7,4.104,0,东南,116.137236,39.873876
H00913,22,6941.0,135.3,3.009,1,南,116.522833,39.732579
H00914,3,5475.9,126.6,2.67,0,南,116.494428,39.99556
H00915,4,3240.2,64.8,2.17,1,东南,116.464618,39.959964
H00916,24,6782.4,133.8,4.552,1,北,116.4465,40.065553
H00917,19,4698.8,114.5,0.23,0,北,116.009211,39.704253
H00918,18,2630.8,48.2,1.749,0,北,116.565935,39.831467
H00919,2,3910.9,63.9,4.166,1,南,116.446626,40.008739
H00920,16,7653.1,140.9,3.64,1,南,116.01483,39.712786
H00921,15,6787.1,119.1,4.673,1,南,116.38785,39.964578
H00922,16,7403.6,146.5,3.98,0,东,116.532613,39.873903
H00923,23,3137.8,50.5,1.577,1,北,116.221233,39.953173
H00924,2,8725.8,145.9,1.406,0,东南,116.134461,40.025764
H00925,22,4576.4,88.3,1.52,0,南,116.115559,39.821607
H00926,4,3569.2,81.5,1.434,0,南,116.592774,39.832681
H00927,7,4241.2,80.7,1.025,0,南,116.097542,40.060551
H00928,12,7865.1,144.3,1.645,0,东,116.513126,40.011287
H00929,7,5098.0,124.7,3.035,0,东,116.548218,40.007586
H00930,17,2441.7,45.3,2.37,0,北,116.442656,39.776928
H00931,12,3035.1,68.3,1.064,0,北,116.189983,40.003116
H00932,17,7988.7,142.3,4.661,1,东南,116.135054,39.904827
H00933,20,7096.5,132.4,3.225,0,西南,116.581052,39.876795
H00934,9,7327.1,149.9,4.455,0,南,116.081638,39.915966
H00935,3,3151.0,60.9,4.142,0,东,116.539061,40.008935
H00936,13,6354.2,119.4,0.812,0,东,116.17473,39.927319
H00937,23,8702.6,157.0,2.896,0,南,116.451444,39.70589
H00938,5,4886.8,94.7,2.964,1,南,116.083302,40.04636
H00939,15,8578.0,151.7,0.164,0,北,116.028272,40.032574
H00940,4,7071.3,135.5,2.507,0,南,116.313981,40.074083
H00941,1,3556.1,74.0,2.18,1,南,116.426691,39.745834
H00942,6,6579.7,137.9,1.701,1,西南,116.286033,39.771443
H00943,4,4531.6,94.9,1.027,0,北,116.518018,39.920149
H00944,23,3702.3,67.0,1.554,1,北,116.542365,39.98921
H00945,11,3139.7,62.3,1.828,0,北,116.473912,40.001243
H00946,16,4407.5,77.5,3.139,1,东南,116.138274,39.94357
H00947,16,3529.5,54.9,2.408,0,南,116.069742,39.940472
H00948,3,6183.2,125.6,3.026,1,南,116.500813,39.891983
H00949,1,5435.6,105.6,3.097,1,北,116.264228,39.961412
H00950,5,4902.8,114.4,4.25,0,南,116.3837,39.812078
H00951,15,4324.2,73.4,3.193,1,南,116.094222,39.978351
H00952,21,3522.7,79.9,0.221,1,北,116.550284,39.815287
H00953,18,7991.8,145.0,2.754,1,南,116.166051,40.011049
H00954,21,3529.6,56.8,0.115,0,南,116.347796,39.963402
H00955,4,7150.1,146.9,4.863,0,南,116.520292,39.960698
H00956,1,3442.3,77.4,0.894,1,南,116.446243,39.958602
H00957,4,4440.5,101.0,3.11,0,北,116.526804,39.721337
H00958,11,4796.0,99.0,4.058,1,西南,116.537493,40.046332
H00959,20,6946.9,144.9,4.087,0,南,116.103405,39.774183
H00960,10,5118.1,108.9,2.67,0,西,116.338821,39.97662
H00961,10,6270.1,128.4,1.918,1,南,116.460914,39.976021
H00962,16,6054.1,113.8,1.362,0,东,116.214341,39.982602
H00963,22,3076.0,54.3,2.882,0,西,116.574154,40.083586
H00964,12,7724.1,144.1,3.164,1,南,116.323214,39.980623
H00965,14,3388.8,64.6,2.461,0,东南,116.577925,39.993277
H00966,5,6199.4,139.7,3.107,1,北,116.517319,39.719791
H00967,5,5571.9,117.4,1.46,0,东南,116.380713,39.774806
H00968,14,3027.3,57.9,0.44,0,北,116.147225,40.030303
H00969,2,3581.6,74.3,3.798,0,南,116.500071,39.961547
H00970,13,7059.7,134.9,1.263,1,北,116.284416,39.910392
H00971,3,5722.6,113.3,4.449,0,东南,116.042104,39.880412
H00972,19,5527.3,112.9,4.69,1,南,116.388305,39.878597
H00973,11,7204.0,137.2,2.669,1,西,116.32368,39.995058
H00974,19,6080.2,115.1,1.48,1,南,116.201887,39.736253
H00975,18,6377.5,126.0,1.377,0,南,116.116297,39.865609
H00976,15,3701.1,76.3,4.111,1,西,116.307023,39.71193
H00977,5,6038.5,115.7,0.54,0,北,116.121096,40.09088
H00978,15,6496.2,126.7,4.874,1,南,116.215086,39.704213
H00979,13,5506.4,108.8,0.34,1,东,116.318774,39.906636
H00980,1,3241.7,68.9,4.858,0,南,116.053388,39.904302
H00981,22,3726.8,76.2,1.876,1,东,116.435755,39.806232
H00982,22,4353.0,73.9,3.186,1,北,116.134459,40.078678
H00983,15,3800.4,69.5,0.892,1,东,116.003849,39.951804
H00984,13,4498.6,81.5,0.325,1,南,116.594769,39.817654
H00985,10,6774.2,147.4,2.542,0,东,116.349692,39.856252
H00986,3,4916.1,97.2,3.218,0,西,116.399355,39.863296
H00987,19,2643.7,49.6,0.21,0,南,116.224192,39.750448
H00988,11,7191.4,135.9,2.655,1,南,116.175571,39.7399
H00989,10,3835.6,65.2,0.37,1,南,116.108149,39.776261
H00990,19,4967.1,104.0,3.677,0,西南,116.137082,39.914356
H00991,8,7170.5,140.2,2.184,1,西南,116.394798,39.901435
H00992,14,4572.8,100.2,3.035,0,南,116.570591,39.92941
H00993,7,6056.9,123.6,3.135,0,南,116.300649,40.080318
H00994,19,5906.7,118.6,1.967,0,南,116.373598,39.700478
H00995,19,8216.0,136.9,2.33,1,南,116.038434,39.784569
H00996,3,9457.1,157.0,1.826,1,南,116.595715,39.948011
H00997,20,6734.2,145.2,2.965,0,西南,116.258341,40.014638
H00998,16,6368.4,117.9,1.454,1,东,116.494763,40.049761
H00999,2,4275.1,97.8,1.448,1,东南,116.41603,39.711587
H01000,1,4723.5,102.9,1.881,1,北,116.2894,39.946845
H01001,16,9359.9,155.7,2.654,0,东南,116.035492,39.886795
H01002,12,3672.4,70.5,4.328,0,东,116.419197,39.975409
H01003,8,4623.7,105.9,3.524,1,北,116.549573,39.920795
H01004,24,9015.6,151.4,0.279,1,南,116.421144,39.937754
H01005,13,3188.3,67.7,3.77,0,南,116.500027,39.816219
H01006,21,5419.4,106.5,3.254,0,西,116.400906,39.883492
H01007,20,4713.7,82.6,2.884,0,南,116.524487,39.783782
H01008,6,9681.2,157.8,4.227,1,东,116.039059,39.856777
H01009,18,6661.0,134.5,4.471,0,南,116.405576,40.093475
H01010,17,4408.7,76.7,4.662,1,东南,116.047283,39.723236
H01011,1,3579.3,78.9,2.672,1,东,116.423351,39.714683
H01012,21,4602.8,92.3,1.776,0,南,116.487326,40.041663
H01013,17,6389.5,137.6,1.036,0,南,116.337563,39.877932
H01014,19,8012.2,149.8,0.439,0,东,116.474412,39.765516
H01015,16,3869.4,73.3,4.227,0,西,116.191806,40.010637
H01016,5,5428.3,100.6,1.537,1,西,116.006307,39.716894
H01017,19,4394.0,76.3,0.494,1,南,116.227124,40.031255
H01018,17,5080.9,109.6,2.968,1,南,116.575861,40.06498
H01019,12,5996.2,133.3,1.019,0,北,116.454529,39.847738
H01020,19,5137.0,111.8,0.981,1,北,116.3041,39.834826
H01021,7,4912.4,114.1,0.846,0,南,116.524586,39.715639
H01022,3,2786.7,46.0,0.545,0,东南,116.581978,40.072559
H01023,14,6118.7,103.9,4.391,1,北,116.02615,40.029191
H01024,7,4829.5,101.9,1.179,1,东南,116.278436,39.803286
H01025,18,4511.8,78.1,0.546,1,南,116.036078,39.862174
H01026,10,2995.8,71.0,0.97,1,北,116.437624,39.830336
H01027,20,3344.8,69.2,2.213,0,北,116.483237,39.997329
H01028,9,8752.0,148.0,2.452,1,西,116.257699,39.793699
H01029,18,3304.5,55.2,1.259,1,南,116.355839,39.77785
H01030,21,2803.8,52.7,4.581,0,南,116.454917,40.032236
H01031,22,6008.4,112.7,2.161,1,南,116.010237,39.760928
H01032,1,2605.2,45.1,4.746,1,西南,116.507824,39.991666
H01033,5,4340.6,85.6,2.347,1,南,116.493547,40.026482
H01034,19,9517.0,159.1,1.689,0,西,116.122676,39.948509
H01035,13,4860.1,111.3,2.646,0,北,116.269268,39.738779
H01036,11,9120.0,142.3,0.387,1,南,116.523578,39.724734
H01037,9,5259.0,89.9,0.427,1,东南,116.084466,40.005881
H01038,17,6352.9,124.8,3.678,0,南,116.219786,39.821548
H01039,7,4244.3,81.5,0.999,0,西,116.06047,39.782133
H01040,4,7385.7,128.2,1.201,1,东,116.476791,40.027479
H01041,23,4104.2,71.5,1.012,0,东南,116.417563,39.824702
H01042,22,6702.3,126.5,3.105,0,东,116.239262,39.794109
H01043,15,4294.0,79.2,2.189,1,北,116.139096,39.943541
H01044,16,4290.9,89.1,2.425,1,西,116.269778,39.705407
H01045,17,6765.3,121.9,2.144,1,南,116.116183,40.00097
H01046,18,9657.1,151.4,1.977,1,南,116.220124,40.074107
H01047,11,3300.8,50.3,3.462,1,东,116.361482,39.973706
H01048,4,5408.6,109.9,2.433,1,南,116.480123,40.030599
H01049,2,4069.3,84.5,2.515,1,南,116.127464,40.020734
H01050,19,4226.8,77.4,0.53,0,西,116.449089,40.058635
H01051,14,4631.9,96.0,4.314,0,东,116.344405,39.857128
H01052,19,8805.8,159.9,0.348,1,北,116.413609,40.045569
H01053,22,6457.3,134.6,3.916,0,南,116.465019,39.925443
H01054,11,2743.3,45.6,0.589,0,北,116.54367,39.93961
H01055,19,3875.6,91.4,2.909,0,北,116.356795,39.95274
H01056,8,8286.2,141.8,1.035,0,南,116.321584,39.93066
H01057,16,7590.2,136.5,3.22,1,东南,116.126558,39.900687
H01058,1,7582.6,149.3,0.184,1,北,116.135911,39.918917
H01059,9,4572.5,116.8,3.919,0,北,116.395353,39.90647
H01060,8,5013.9,112.8,3.914,0,南,116.336252,39.872587
H01061,23,5616.4,117.7,4.984,0,东,116.247343,39.851537
H01062,10,6756.4,134.3,3.93,1,西,116.247649,39.954186
H01063,15,6373.7,125.1,3.366,1,北,116.132003,40.094129
H01064,11,3505.0,67.7,3.437,1,东,116.1593,39.976837
H01065,6,5755.3,128.1,1.334,0,东,116.249208,39.779047
H01066,20,3321.4,62.0,0.467,0,南,116.177651,39.88626
H01067,8,5252.4,108.0,4.45,0,东南,116.261796,39.875316
H01068,1,2751.7,60.7,1.297,1,北,116.160252,39.796731
H01069,3,9545.6,154.1,3.102,1,东,116.044172,39.995075
H01070,20,9156.0,144.1,0.913,1,南,116.423014,39.774432
H01071,9,7393.8,144.9,0.195,1,东,116.558901,39.75075
H01072,21,4074.6,72.9,2.403,0,南,116.114051,39.989427
H01073,16,3628.0,78.3,4.896,0,南,116.233641,39.934066
H01074,23,2774.4,50.6,4.415,1,东南,116.521359,39.97428
H01075,23,8028.0,144.3,0.163,0,北,116.321005,39.807154
H01076,7,3804.3,80.9,2.191,1,西,116.050607,39.88264
H01077,16,7018.0,126.1,3.907,0,南,116.100174,40.06972
H01078,1,3823.6,74.6,0.646,1,北,116.597974,39.778219
H01079,3,7453.2,155.4,4.347,0,北,116.324837,39.829441
H01080,15,3129.9,65.6,1.5,1,南,116.505625,39.752059
H01081,10,9441.3,159.0,2.058,0,南,116.193184,39.924553
H01082,7,3412.2,58.5,3.54,0,南,116.40067,40.030081
H01083,12,8343.1,155.5,0.756,1,东,116.460035,39.875181
H01084,11,4240.2,77.7,2.96,1,南,116.125247,39.763333
H01085,5,6717.8,146.1,2.916,0,南,116.432951,39.723792
H01086,7,5289.3,116.5,4.282,0,南,116.34468,39.950604
H01087,17,7297.3,133.0,3.888,0,西南,116.168969,39.884353
H01088,19,3878.5,65.0,1.498,1,东,116.285041,40.040844
H01089,3,5153.2,96.0,1.326,0,南,116.336268,39.937598
H01090,23,5417.2,88.3,0.833,1,南,116.020495,39.719417
H01091,9,8169.8,154.7,0.685,1,西南,116.591913,39.749068
H01092,15,9220.8,156.7,1.816,0,东,116.080463,39.868272
H01093,5,4565.6,105.0,1.785,0,西南,116.092769,39.822101
H01094,4,8557.9,154.6,1.699,1,东,116.3044,39.801388
H01095,9,6304.1,126.1,0.887,0,西,116.491344,39.724502
H01096,1,5944.7,122.6,1.536,0,北,116.099666,39.984294
H01097,23,3167.1,63.5,3.533,1,西,116.45369,39.766494
H01098,16,6025.5,136.1,1.791,0,南,116.561957,40.014317
H01099,6,2806.0,51.8,1.168,0,北,116.479935,39.78157
H01100,24,2954.9,59.4,4.865,0,北,116.338425,39.864702
H01101,24,3148.1,54.6,3.559,1,西南,116.195218,39.830035
H01102,12,4013.6,84.0,3.533,0,南,116.596434,39.936961
H01103,9,8408.0,157.3,3.758,0,东南,116.256447,39.758153
H01104,14,6646.2,122.5,3.672,1,西,116.580519,40.079558
H01105,1,4723.5,106.1,4.179,1,北,116.509192,39.904333
H01106,18,4228.2,90.5,1.049,0,东南,116.370363,40.020167
H01107,3,4524.2,88.7,3.235,0,西南,116.307896,39.821573
H01108,15,3893.4,66.3,2.154,1,东南,116.042887,39.841266
H01109,8,4368.6,101.9,4.136,1,西,116.436128,39.907705
H01110,12,5733.2,114.7,0.136,1,东,116.335937,40.028497
H01111,24,5074.5,96.5,2.136,0,南,116.585035,39.913335
H01112,4,3397.9,61.7,3.995,1,东,116.457306,39.799221
H01113,18,3818.1,78.3,4.572,0,南,116.54327,39.854019
H01114,8,6211.5,114.4,1.562,1,东,116.074118,39.815459
H01115,11,5975.6,108.8,2.296,0,南,116.21806,40.027595
H01116,17,8778.4,155.3,0.955,0,南,116.085226,39.93194
H01117,22,3071.1,66.2,3.332,0,南,116.453871,39.968265
H01118,22,5669.5,114.8,0.414,0,北,116.492506,39.967223
H01119,12,5772.1,113.7,2.227,1,东,116.282904,40.056078
H01120,2,6798.0,143.1,3.938,1,北,116.36035,40.026893
H01121,24,8525.3,152.9,3.247,1,东,116.58986,39.95207
H01122,7,4630.7,97.2,4.302,0,南,116.332798,39.93344
H01123,13,6302.3,125.0,2.038,1,东南,116.426008,40.058217
H01124,11,8162.3,136.8,2.57,1,西,116.014714,40.078239
H01125,16,3732.9,79.0,2.78,1,西,116.537257,39.740846
H01126,1,7281.7,152.2,4.472,0,西,116.296106,39.911657
H01127,22,4939.3,110.8,4.181,0,东,116.325359,39.76662
H01128,9,3275.9,53.7,2.55,0,东南,116.094045,39.824953
H01129,11,3115.8,58.9,3.188,0,东,116.096392,40.002297
H01130,24,5326.8,97.3,4.053,1,南,116.550516,39.928373
H01131,16,4735.6,104.5,2.163,0,北,116.281362,39.809577
H01132,22,3945.8,69.5,4.202,0,南,116.13585,39.988668
H01133,6,8416.9,151.0,4.631,1,西南,116.350533,39.782649
H01134,7,5382.8,111.5,2.719,0,东南,116.022428,39.74874
H01135,21,6632.9,134.8,0.267,0,东南,116.582757,39.944009
H01136,22,6912.2,135.4,3.348,0,东,116.558827,39.921189
H01137,10,4494.0,92.3,0.128,0,南,116.58238,39.837991
H01138,12,7206.1,139.3,3.416,0,北,116.373309,40.056684
H01139,2,3300.8,75.6,2.88,0,南,116.52768,39.70518
H01140,10,3779.1,71.0,4.115,1,东,116.024956,40.030265
H01141,11,7693.8,145.1,3.714,0,东,116.113346,40.025969
H01142,24,3366.3,46.7,1.334,0,南,116.44304,40.057612
H01143,13,4630.7,101.4,2.457,0,南,116.597665,39.812355
H01144,23,4144.3,76.5,0.861,1,东南,116.439831,40.081704
H01145,24,7570.2,131.6,2.474,0,南,116.412634,39.749057
H01146,6,4593.9,81.5,0.769,1,东南,116.208387,39.804093
H01147,3,6027.1,115.0,2.009,0,南,116.150964,39.881155
H01148,11,2985.0,53.9,2.209,0,南,116.206549,39.839549
H01149,17,2848.6,54.9,4.822,0,南,116.153065,39.917528
H01150,14,4922.4,94.9,2.363,1,南,116.510251,39.985252
H01151,19,4677.9,90.6,4.148,1,西,116.168814,39.921539
H01152,18,4199.2,77.5,3.35,1,南,116.111691,39.965208
H01153,18,5423.0,103.4,2.152,0,南,116.121989,39.870809
H01154,18,6936.5,138.5,3.157,1,北,116.072352,40.0104
H01155,22,5103.4,108.5,4.017,1,南,116.400191,40.087361
H01156,6,5571.4,133.1,4.773,0,南,116.335764,40.021186
H01157,22,8645.2,150.4,4.811,1,南,116.293032,40.05199
H01158,9,6061.8,124.3,2.167,1,北,116.059717,39.884498
H01159,12,9096.4,152.5,0.667,1,北,116.037739,39.865229
H01160,2,3265.2,70.0,3.676,0,西南,116.030593,39.749541
H01161,17,6060.5,117.6,2.175,1,东南,116.080477,39.879966
H01162,24,3702.7,51.1,2.483,1,南,116.032611,39.782845
H01163,1,4946.8,102.0,2.816,0,南,116.045303,39.922291
H01164,15,6264.0,119.5,0.462,0,东南,116.07623,39.728364
H01165,21,3464.6,69.6,4.93,0,东,116.065088,39.8563
H01166,15,3750.0,64.3,0.197,0,东,116.027581,39.767375
H01167,7,6754.5,139.7,3.853,0,西南,116.396288,40.018291
H01168,7,4747.3,98.5,3.275,0,东南,116.248788,39.843484
H01169,1,3146.2,73.8,1.072,0,北,116.431524,39.923191
H01170,3,9526.9,151.0,0.437,0,东,116.032002,39.906766
H01171,1,4135.5,89.8,3.313,0,东,116.295609,39.902738
H01172,7,5206.3,100.6,0.223,0,东南,116.539592,40.060865
H01173,18,4791.9,95.1,0.543,1,南,116.550519,40.067714
H01174,10,8401.5,153.1,1.358,1,东,116.353596,39.79925
H01175,11,9146.7,158.0,4.42,1,东,116.517043,39.938256
H01176,13,4168.9,92.1,4.602,1,北,116.39846,39.792927
H01177,24,6928.1,126.9,0.959,1,东,116.559538,39.797082
H01178,11,8645.2,149.0,1.105,1,西,116.599126,39.918724
H01179,7,4704.5,109.1,1.994,1,南,116.446717,39.976042
H01180,7,4334.0,76.9,0.47,1,南,116.474127,39.988259
H01181,6,5238.4,101.5,2.464,1,南,116.249549,40.066986
H01182,1,3943.1,86.8,4.23,0,东,116.161734,39.75926
H01183,5,2703.4,47.4,4.13,0,西,116.051022,39.951537
H01184,19,2592.8,45.2,2.825,0,南,116.523371,39.976208
H01185,16,3344.8,66.7,1.972,0,南,116.495775,40.063256
H01186,16,3897.8,65.9,0.671,0,东南,116.339152,39.776089
H01187,15,5903.5,124.0,0.456,0,南,116.550372,39.837379
H01188,1,4532.3,87.0,4.423,1,南,116.581068,39.896881
H01189,24,6108.7,126.4,3.051,0,东南,116.461249,39.912264
H01190,4,3843.7,74.7,1.171,1,南,116.444694,39.871248
H01191,19,3833.1,76.2,3.778,0,西南,116.252963,39.712239
H01192,6,5036.9,102.2,4.107,1,东,116.40764,40.032052
H01193,9,6412.8,117.4,2.742,1,东,116.019133,39.99696
H01194,16,4353.7,75.4,3.482,1,西,116.086834,39.78756
H01195,1,4302.8,98.1,4.649,0,西,116.130133,39.759418
H01196,15,3425.0,68.7,3.104,1,西,116.270005,39.709755
H01197,6,5097.9,108.7,2.53,0,南,116.06024,40.093773
H01198,3,6588.6,132.7,4.605,1,南,116.190625,39.804878
H01199,19,4421.8,91.1,1.106,1,北,116.364245,40.066402
H01200,5,6874.2,138.1,4.702,1,北,116.179941,39.988947
H01201,14,7415.7,141.2,4.319,1,东,116.581,40.030551
H01202,14,5028.4,98.2,1.516,0,西南,116.028125,40.005003
H01203,6,3742.3,74.9,0.834,0,东,116.219956,39.781119
H01204,12,6466.9,127.0,2.854,1,南,116.266147,39.724138
H01205,22,3009.4,63.6,4.711,0,南,116.481994,39.766088
H01206,13,5270.5,99.7,0.75,1,南,116.594158,39.992645
H01207,24,6221.1,130.2,2.429,1,西南,116.583383,39.707026
H01208,11,3745.3,69.2,0.962,1,北,116.502207,40.010536
H01209,1,5833.5,118.1,3.897,1,南,116.347504,39.924537
H01210,15,4354.2,80.3,2.28,0,东南,116.164624,40.091571
H01211,15,8081.6,135.1,0.175,1,南,116.033986,39.70605
H01212,22,7175.1,136.3,4.014,0,西,116.553445,40.071584
H01213,4,8651.1,157.4,0.159,1,南,116.305634,39.763159
H01214,2,6415.3,142.6,3.53,0,北,116.588443,39.956301
H01215,3,3019.4,47.2,0.53,0,西,116.162579,39.880454
H01216,23,6232.8,112.6,4.535,1,东南,116.596244,40.072209
H01217,18,9109.7,153.1,1.024,1,东南,116.531793,40.094425
H01218,24,5765.8,105.9,1.956,0,南,116.067242,39.751441
H01219,1,8255.0,149.5,0.804,1,东南,116.423157,39.871853
H01220,3,6982.2,130.2,2.978,1,南,116.392021,40.037093
H01221,23,6744.1,149.1,4.914,0,西南,116.406297,39.815383
H01222,14,3162.5,69.8,4.875,0,南,116.441891,39.781562
H01223,9,4102.1,78.1,2.968,1,东,116.149884,39.852931
H01224,8,8506.0,148.2,3.192,1,东,116.14001,40.025472
H01225,10,4149.7,67.4,1.989,0,南,116.392063,39.943461
H01226,9,3175.0,62.3,1.415,0,西,116.153811,40.069036
H01227,13,8026.1,147.6,3.044,1,南,116.217928,39.881514
H01228,14,3916.5,65.7,2.337,0,东南,116.322958,40.019565
H01229,23,6202.3,125.3,2.721,1,东,116.108807,39.841248
H01230,13,3957.4,88.5,4.991,0,南,116.112176,39.804697
H01231,19,3595.6,66.9,0.441,0,东,116.009276,39.731158
H01232,4,4312.0,72.6,4.398,1,南,116.029122,39.869717
H01233,15,3282.4,64.3,4.592,1,东,116.553988,39.916354
H01234,9,3437.7,72.8,4.63,0,南,116.344217,39.757991
H01235,18,3263.1,55.3,1.536,1,南,116.379731,40.028004
H01236,6,6429.3,129.9,3.23,1,东南,116.47202,39.846625
H01237,23,3402.1,64.5,3.243,1,南,116.38213,39.972891
H01238,17,4060.0,69.1,3.035,1,东,116.222557,40.088542
H01239,21,5830.2,107.1,3.046,1,东,116.233802,39.738516
H01240,18,3241.0,58.0,2.815,0,东,116.066995,40.060227
H01241,10,2882.6,53.4,1.114,1,南,116.424656,39.930656
H01242,2,7591.1,158.3,0.873,0,西,116.595975,40.086031
H01243,6,4735.8,100.8,4.258,0,北,116.064831,39.716315
H01244,21,3196.0,49.1,2.748,0,西南,116.006151,39.80098
H01245,9,6660.4,131.7,2.926,1,东南,116.516065,40.03307
H01246,21,4980.9,109.4,1.114,0,南,116.355462,39.734547
H01247,9,7910.9,145.4,2.42,1,北,116.276256,40.016627
H01248,17,2898.6,46.3,0.327,1,北,116.362549,39.948039
H01249,14,6510.0,131.6,3.835,0,南,116.44899,39.740054
H01250,10,3411.9,73.6,3.729,0,南,116.43861,39.751804
H01251,4,4366.3,95.8,1.714,1,西,116.576564,39.777195
H01252,9,2904.4,58.2,2.891,0,东,116.326707,39.783681
H01253,11,2934.4,49.1,0.101,0,西,116.396059,39.801482
H01254,4,5440.3,130.5,4.103,0,北,116.376724,39.914452
H01255,20,5386.3,104.5,0.742,1,南,116.567188,40.024037
H01256,2,5177.2,122.2,4.683,1,北,116.048116,40.093683
H01257,7,6296.8,110.0,0.418,0,西,116.022851,39.924791
H01258,24,4127.5,62.4,2.223,1,东,116.519203,40.057354
H01259,5,6289.1,123.0,0.263,0,南,116.037041,39.745244
H01260,16,6814.7,129.5,3.045,1,南,116.562872,39.902128
H01261,19,9365.1,154.1,3.238,1,南,116.082061,39.942857
H01262,11,5036.9,110.2,4.751,1,南,116.559843,39.86887
H01263,2,2960.1,51.3,4.844,1,东,116.001006,39.921439
H01264,21,6549.2,125.2,0.218,0,西,116.350993,39.978595
H01265,13,5203.9,107.3,4.614,0,西南,116.098681,40.090152
H01266,3,9501.3,154.5,1.651,1,东,116.113274,39.925905
H01267,18,4892.8,106.6,3.621,0,西南,116.182345,39.771199
H01268,24,3171.5,52.9,2.997,1,南,116.206781,39.803854
H01269,8,5020.8,106.3,4.583,0,东,116.504341,40.060475
H01270,4,7108.3,138.9,2.434,1,南,116.588438,39.743786
H01271,13,7570.9,127.1,4.403,0,南,116.107772,40.041097
H01272,2,6846.3,143.8,3.953,0,南,116.561308,39.95367
H01273,8,5826.2,118.2,3.492,0,东南,116.43239,40.015098
H01274,14,5043.4,108.8,0.867,0,南,116.382806,40.070138
H01275,13,8350.8,158.2,0.808,1,东,116.105612,39.852059
H01276,6,4125.9,86.7,0.213,0,北,116.437791,40.074362
H01277,4,5849.8,107.0,3.916,1,南,116.214677,40.001551
H01278,13,7271.3,155.2,3.24,0,南,116.54131,39.747524
H01279,23,3407.5,55.1,0.626,1,南,116.160961,39.840439
H01280,7,6044.3,128.6,4.364,0,南,116.008551,39.838434
H01281,22,2645.7,57.8,0.57,0,西,116.589664,39.78153
H01282,23,4749.8,89.0,1.497,1,南,116.169092,40.035338
H01283,14,5105.3,109.9,4.642,0,南,116.035496,39.788798
H01284,4,5786.5,122.9,3.263,1,南,116.468881,39.911364
H01285,16,7245.8,139.9,4.159,0,南,116.099607,40.069333
H01286,12,8548.6,154.8,1.775,0,东,116.011873,39.913542
H01287,17,7819.5,155.4,0.881,1,北,116.316066,39.778944
H01288,13,3073.4,52.6,3.417,1,西,116.583929,39.951165
H01289,6,6186.5,143.4,2.648,0,北,116.203075,39.794695
H01290,23,4901.3,96.1,1.427,1,西,116.499726,39.933354
H01291,11,4838.9,99.0,2.817,0,东,116.001564,40.027453
H01292,17,6400.0,119.9,0.68,0,南,116.186193,40.042283
H01293,1,5354.1,105.9,0.614,1,南,116.363516,40.067591
H01294,7,2968.2,70.4,4.888,0,南,116.490805,39.782124
H01295,19,3533.0,59.1,2.04,1,南,116.140545,40.048622
H01296,20,7674.2,144.7,4.976,1,东南,116.202296,39.952172
H01297,10,3149.7,59.0,2.896,1,北,116.428325,40.043055
H01298,11,5564.4,117.6,0.612,0,南,116.366924,39.751726
H01299,3,3216.1,64.7,0.132,0,南,116.513365,39.719485
H01300,22,5693.5,97.2,4.554,1,东南,116.181557,40.027966
H01301,18,4074.5,78.6,0.604,0,南,116.15026,39.759052
H01302,16,8238.6,154.3,4.976,0,东南,116.027575,39.859286
H01303,23,8246.7,150.3,2.976,1,南,116.134171,39.979491
H01304,14,5809.4,111.3,0.817,1,北,116.093683,39.794899
H01305,17,3540.1,65.7,1.433,0,南,116.236218,39.972907
H01306,14,8186.5,156.0,3.137,0,南,116.231824,39.968262
H01307,13,6384.7,121.1,2.4,1,北,116.054339,39.784283
H01308,13,4385.2,92.1,2.641,1,南,116.270295,39.771856
H01309,21,8263.1,151.1,4.48,1,南,116.010666,39.880471
H01310,11,2832.5,51.9,3.086,1,南,116.305116,39.738537
H01311,8,5319.7,117.7,3.95,0,南,116.410723,39.901348
H01312,24,4886.5,103.4,1.797,0,南,116.385969,39.803508
H01313,12,4093.6,79.9,3.178,1,南,116.234087,40.082912
H01314,9,4956.0,94.7,3.949,1,东南,116.362578,40.095128
H01315,15,3514.7,75.3,1.983,0,南,116.304418,39.758296
H01316,18,3352.7,72.7,2.82,0,北,116.430607,39.928355
H01317,14,6639.1,149.6,4.932,1,北,116.290098,39.731216
H01318,4,9064.3,150.9,0.49,1,南,116.253169,39.82984
H01319,1,4773.5,99.2,2.295,1,西南,116.117202,39.855828
H01320,2,6422.5,141.4,4.764,0,西,116.323539,39.884683
H01321,11,9065.0,154.8,1.928,0,东,116.274049,39.910438
H01322,24,3061.8,53.9,4.448,0,西,116.022503,40.019975
H01323,8,6683.8,130.5,3.973,1,南,116.577042,39.728356
H01324,2,7930.4,156.4,4.864,1,南,116.528695,39.764797
H01325,17,4365.6,82.0,1.067,1,南,116.027302,40.094296
H01326,2,2969.3,54.9,0.499,1,北,116.056262,39.842641
H01327,19,4453.3,77.0,2.271,0,南,116.390408,39.731562
H01328,7,3538.7,69.9,2.316,1,东南,116.588553,39.886871
H01329,15,9197.3,152.8,3.035,0,南,116.057821,40.07028
H01330,2,8404.6,160.0,2.864,0,东,116.520487,39.841111
H01331,16,4100.3,77.4,3.253,0,南,116.081391,39.820627
H01332,2,4498.4,77.7,3.713,1,南,116.015822,39.824722
H01333,2,4806.9,92.4,4.461,0,西南,116.218371,40.039589
H01334,15,6421.4,121.4,3.317,1,南,116.150005,40.060019
H01335,7,5459.6,107.0,1.857,1,西,116.123059,39.897916
H01336,14,2873.0,59.1,0.973,1,东南,116.517983,39.90741
H01337,21,4707.4,106.3,3.933,0,西,116.073276,39.76224
H01338,5,5185.2,116.0,2.2,1,南,116.579965,39.824911
H01339,8,5120.8,111.4,1.474,1,南,116.467819,39.867216
H01340,12,7097.4,141.3,4.144,1,南,116.357431,40.032334
H01341,2,3007.2,49.9,4.28,1,西,116.275307,39.868834
H01342,9,2744.7,46.6,0.756,0,西,116.131574,40.067388
H01343,9,4286.5,88.3,3.578,1,西,116.068081,39.787495
H01344,3,6698.8,125.9,3.338,0,南,116.571327,39.969439
H01345,11,5315.6,108.7,2.17,1,北,116.214133,39.811425
H01346,8,5746.5,111.9,1.76,1,西,116.537711,39.840991
H01347,6,5779.1,112.1,2.089,1,西,116.053407,39.76018
H01348,4,3247.1,55.0,0.308,0,南,116.222287,39.775108
H01349,11,6432.0,120.7,0.22,0,东,116.155958,39.937122
H01350,6,5282.2,100.0,2.574,0,东,116.16287,39.874339
H01351,23,3286.2,53.7,4.093,1,南,116.176152,40.077018
H01352,22,4245.2,82.9,1.113,1,南,116.117953,39.833866
H01353,1,5423.2,107.4,4.629,1,东南,116.482232,39.940091
H01354,1,3951.7,86.7,3.363,1,北,116.279703,40.025133
H01355,17,5955.3,123.5,3.609,0,东,116.205602,39.818968
H01356,13,3544.7,62.2,1.177,0,南,116.213136,39.942682
H01357,8,4446.7,78.8,4.983,0,东,116.334996,40.04914
H01358,9,5009.3,116.0,4.443,0,西,116.554201,39.809535
H01359,24,6985.9,129.2,2.201,0,东南,116.303467,39.924396
H01360,21,4353.9,77.3,4.779,1,南,116.164118,39.878971
H01361,3,6052.0,115.8,0.707,0,北,116.526956,39.887028
H01362,4,6285.9,120.6,2.685,1,西,116.297715,39.978959
H01363,21,3294.4,66.0,3.188,0,南,116.316692,39.837975
H01364,10,5916.6,122.2,2.889,1,北,116.139792,39.79501
H01365,20,3381.4,61.5,2.069,0,西,116.232592,40.003742
H01366,18,9945.7,149.9,2.668,1,南,116.417571,39.748184
H01367,8,3660.8,72.2,1.194,0,北,116.04642,39.856458
H01368,21,5983.6,122.9,4.833,1,南,116.306736,39.755707
H01369,1,5696.2,115.4,4.308,1,南,116.422722,39.711577
H01370,9,6336.7,127.1,0.65,0,南,116.115691,39.902981
H01371,20,7344.8,139.8,0.998,1,西南,116.300004,39.815958
H01372,24,6425.5,109.4,3.972,0,东南,116.077856,39.932766
H01373,3,7655.0,140.0,1.111,1,东,116.284987,39.986366
H01374,15,7669.8,142.3,2.635,0,南,116.002257,40.077986
H01375,8,3951.2,81.2,3.406,0,西南,116.364565,39.895159
H01376,20,4925.3,95.8,2.554,1,南,116.128327,39.934275
H01377,4,8328.2,157.5,0.624,1,北,116.5523,39.757687
H01378,12,2812.4,45.2,3.982,1,南,116.250499,39.791256
H01379,22,2727.3,52.4,4.01,0,东南,116.448421,39.86538
H01380,17,3842.9,70.8,3.952,1,西,116.187441,39.753629
H01381,13,8830.5,157.5,2.427,1,西,116.586292,40.036027
H01382,11,2564.8,48.2,4.16,0,东,116.368853,39.703679
H01383,14,7051.2,134.3,3.947,1,南,116.482431,39.893464
H01384,9,3369.9,59.5,3.083,0,西南,116.025079,39.897913
H01385,21,9247.0,155.4,0.38,1,东南,116.054524,39.733025
H01386,6,6166.4,115.3,1.699,1,南,116.534682,40.014295
H01387,10,9466.7,157.1,2.279,1,南,116.305087,39.939419
H01388,24,3300.0,62.2,4.91,1,东,116.174477,40.007736
H01389,16,3337.4,70.0,4.714,1,东南,116.261016,39.962783
H01390,19,5073.7,101.7,3.658,0,西,116.234551,40.022999
H01391,15,4997.6,95.1,0.222,1,南,116.38243,39.964573
H01392,5,5340.1,103.3,4.72,0,北,116.37384,39.925936
H01393,10,4296.6,89.0,1.015,0,南,116.478162,39.90291
H01394,11,3373.1,65.5,4.957,1,南,116.301906,39.91178
H01395,15,4467.0,87.8,3.473,1,北,116.138245,40.054996
H01396,1,4412.4,82.1,0.851,0,东,116.52964,39.79188
H01397,6,6411.8,139.4,4.894,1,西,116.031508,39.838736
H01398,3,4899.3,107.6,4.442,1,南,116.218589,39.715748
H01399,8,4697.8,89.5,3.841,1,南,116.41686,39.987158
H01400,11,3791.3,86.3,4.166,0,北,116.094968,40.021204
H01401,13,7456.3,131.7,0.174,1,西,116.424716,40.046532
H01402,8,5545.3,118.8,2.551,1,北,116.475886,40.081405
H01403,13,3767.8,79.5,4.696,0,南,116.060007,39.765019
H01404,19,3999.7,97.8,4.99,0,南,116.548299,39.923078
H01405,20,7418.1,146.1,3.534,0,南,116.292169,39.751948
H01406,20,4328.5,85.1,1.453,1,南,116.579072,40.063714
H01407,5,6686.7,120.7,2.248,0,南,116.587633,39.919673
H01408,24,4440.6,94.6,1.716,0,北,116.529291,39.882179
H01409,10,3771.2,84.9,1.773,0,西,116.337798,39.702101
H01410,20,4211.3,81.7,0.979,1,西,116.448786,39.764994
H01411,16,8923.7,154.8,2.168,1,东南,116.32873,40.016563
H01412,10,3121.1,55.2,1.837,1,东,116.22087,40.058771
H01413,14,5594.2,101.4,2.822,1,东,116.568929,40.032502
H01414,5,3826.1,67.2,2.396,0,南,116.296963,40.065618
H01415,15,3424.2,58.4,1.979,0,东,116.512277,40.041798
H01416,12,3711.4,80.6,0.218,0,北,116.325102,39.815217
H01417,23,6142.8,131.8,0.498,0,南,116.497085,39.739818
H01418,8,3449.0,68.8,0.362,1,东,116.167642,39.980982
H01419,9,4354.2,100.8,3.232,1,北,116.421305,39.917501
H01420,19,3356.4,65.6,3.97,1,东,116.199859,39.764657
H01421,16,5429.5,103.4,1.069,1,南,116.177266,40.073926
H01422,4,6300.8,147.6,3.354,0,北,116.3329,39.718643
H01423,3,7333.3,145.5,3.917,0,南,116.299318,39.825867
H01424,8,4476.9,92.1,0.145,0,西,116.587108,39.798441
H01425,12,5583.8,123.4,3.602,1,南,116.523415,39.85142
H01426,6,8009.6,146.0,2.353,1,南,116.095453,39.845938
H01427,13,3788.2,73.8,3.589,0,南,116.244246,39.864571
H01428,2,6353.8,140.1,3.862,1,东,116.547191,39.700723
H01429,11,3051.1,46.2,3.539,1,南,116.336252,39.84715
H01430,20,5193.4,96.9,4.29,1,西,116.052493,40.09071
H01431,9,5659.4,125.8,2.02,0,南,116.517601,39.836943
H01432,16,4714.9,84.3,1.578,1,北,116.235312,40.031478
H01433,14,8227.9,148.5,4.904,1,北,116.251266,39.873589
H01434,5,7916.8,148.5,1.268,0,东,116.468483,39.925722
H01435,9,5002.9,123.8,1.768,0,北,116.308275,39.757533
H01436,4,9036.6,159.2,1.928,1,西,116.383082,39.863428
H01437,9,4078.9,76.5,1.235,0,东,116.500842,40.013041
H01438,4,6929.5,143.4,1.541,0,西南,116.477903,39.871853
H01439,22,7615.5,141.9,2.222,1,东,116.549914,39.903679
H01440,9,3034.4,59.8,1.523,1,南,116.446201,39.815626
H01441,23,5013.5,99.7,1.159,1,南,116.325797,39.881136
H01442,16,3517.3,60.6,1.656,1,西,116.186558,39.90554
H01443,24,4672.4,98.6,4.655,0,南,116.187669,39.814211
H01444,14,3100.6,45.4,1.621,1,南,116.470865,40.054633
H01445,22,4330.7,86.2,0.837,0,南,116.35481,39.75397
H01446,24,7657.3,146.3,3.254,0,北,116.372374,39.98116
H01447,21,3795.1,80.9,3.426,1,南,116.301624,39.892699
H01448,10,4605.6,78.8,2.418,1,南,116.172259,40.065207
H01449,22,3583.8,68.1,4.915,0,东,116.022995,40.023669
H01450,23,7167.5,141.2,2.785,1,北,116.133666,39.873198
H01451,20,7136.6,127.8,2.226,1,东南,116.372915,39.776486
H01452,8,5335.7,114.6,2.705,1,北,116.581496,40.023345
H01453,4,3419.5,66.2,0.826,0,西,116.344576,39.902897
H01454,19,4654.9,102.5,1.444,1,南,116.399682,39.829474
H01455,4,5534.8,125.7,0.328,1,南,116.195514,39.758881
H01456,8,4445.5,99.4,0.251,0,北,116.514152,40.079067
H01457,4,4343.7,83.6,1.395,0,东,116.108376,39.986058
H01458,22,8815.0,146.4,1.971,1,北,116.324221,40.07476
H01459,8,2511.0,46.4,2.979,1,南,116.470885,39.928887
H01460,9,5287.7,111.7,0.835,0,东南,116.182964,39.944333
H01461,24,5694.6,100.3,3.06,0,西,116.00433,39.766453
H01462,13,4714.2,77.7,2.485,1,南,116.028101,39.804253
H01463,2,2995.3,54.5,1.205,0,西南,116.584816,39.752741
H01464,5,7791.9,150.6,1.301,1,北,116.316279,40.01835
H01465,13,4471.5,85.4,2.348,1,南,116.439118,40.076829
H01466,10,6259.2,131.6,4.08,1,东南,116.572195,39.850328
H01467,15,8949.4,155.2,2.076,0,西,116.285323,40.067037
H01468,4,5762.5,105.0,0.672,1,南,116.167808,40.08588
H01469,4,6656.4,132.7,4.039,1,东,116.191063,39.884444
H01470,7,2826.9,57.3,2.569,1,北,116.344855,39.751779
H01471,17,4360.3,114.2,4.715,0,西南,116.459846,39.749008
H01472,6,3980.8,67.9,1.913,1,东南,116.541213,40.046786
H01473,13,5362.2,112.3,0.212,1,南,116.463298,39.912752
H01474,9,4280.4,85.3,3.688,0,南,116.244783,39.97229
H01475,14,6845.2,126.1,3.589,1,东南,116.587941,39.947717
H01476,19,4694.7,84.4,3.753,1,南,116.594206,40.080801
H01477,8,6179.0,130.7,4.904,0,东,116.47675,39.918797
H01478,11,6899.6,134.2,2.953,0,南,116.111927,40.0895
H01479,16,3436.4,73.5,3.483,0,东,116.480336,39.952306
H01480,11,3193.0,57.2,1.735,1,南,116.457025,40.021954
H01481,10,2810.0,51.8,3.497,1,北,116.132815,39.731021
H01482,23,4137.9,68.9,3.598,0,南,116.014068,39.833334
H01483,15,8457.6,147.9,0.683,1,东南,116.419189,39.949219
H01484,13,5374.6,109.2,2.77,0,南,116.468389,39.821015
H01485,23,3419.4,61.1,1.476,0,北,116.240412,39.911061
H01486,14,6300.5,131.0,3.768,0,南,116.288709,39.734698
H01487,6,6992.4,136.2,3.784,1,南,116.274486,40.010908
H01488,9,5732.6,117.7,3.454,0,南,116.013292,39.987434
H01489,10,6860.6,139.6,4.848,1,南,116.196627,40.08818
H01490,19,4337.4,90.5,0.63,1,北,116.459535,39.825013
H01491,20,6555.9,135.4,4.218,0,南,116.398628,40.043001
H01492,22,4165.3,85.1,0.662,1,东,116.596292,40.085359
H01493,21,7294.4,136.9,1.86,1,西,116.556543,40.096596
H01494,4,5174.4,115.2,0.222,1,东南,116.278927,39.743443
H01495,4,7664.6,133.5,2.772,1,南,116.037854,40.012449
H01496,12,4921.7,109.9,3.657,1,北,116.194977,39.966968
H01497,11,9908.3,158.7,1.827,1,东南,116.592494,40.005998
H01498,8,5600.6,108.2,4.069,0,西,116.074751,39.896288
H01499,21,5671.4,119.2,3.499,0,北,116.548935,39.764082
H01500,7,2904.2,71.6,3.997,0,北,116.123635,39.819468
H01501,8,5628.2,106.3,4.143,1,南,116.365197,39.886324
H01502,8,8982.7,159.6,3.456,1,南,116.206877,40.096472
H01503,17,3389.9,47.7,1.213,0,东南,116.284224,39.978512
H01504,14,6395.9,114.7,0.519,1,南,116.519581,39.855376
H01505,11,2909.9,55.4,4.938,0,南,116.542715,39.949985
H01506,8,5091.2,111.2,1.2,1,东南,116.347158,39.879613
H01507,10,6503.8,134.8,4.742,0,西,116.557869,40.045805
H01508,8,8206.2,156.0,3.333,1,南,116.504357,39.809044
H01509,20,3302.8,46.2,3.12,1,南,116.066881,40.005268
H01510,11,8646.6,151.4,1.491,0,北,116.135857,39.992663
H01511,5,2579.5,48.1,2.892,1,西,116.179234,40.024867
H01512,15,6622.1,117.6,0.205,0,东南,116.522256,39.770797
H01513,13,6978.5,135.8,4.59,1,东,116.319017,39.820963
H01514,10,3658.4,78.2,3.089,1,南,116.09093,39.831061
H01515,6,5099.4,99.6,4.497,1,南,116.372043,39.786788
H01516,13,5497.5,86.6,2.71,1,东南,116.072725,39.86714
H01517,13,3088.8,59.2,4.725,0,南,116.258077,39.726385
H01518,6,3748.6,67.7,1.005,0,南,116.059798,39.947975
H01519,13,2786.4,65.9,3.507,0,南,116.341796,39.701962
H01520,2,4382.0,84.0,1.729,0,南,116.04163,39.837844
H01521,5,3665.7,56.6,0.952,1,南,116.481644,39.793095
H01522,10,5972.4,113.8,4.832,1,东南,116.308335,40.009121
H01523,22,5438.8,111.9,2.347,0,东,116.544886,40.012038
H01524,16,8408.3,138.7,1.471,1,东南,116.080034,39.958367
H01525,13,5243.3,98.8,3.374,1,南,116.004934,39.853101
H01526,19,8240.8,152.4,1.117,1,南,116.416952,39.898179
H01527,4,5476.6,123.5,4.843,0,西南,116.539659,39.922652
H01528,20,3668.0,66.6,0.187,1,北,116.50428,40.037411
H01529,12,5710.9,110.3,3.816,1,北,116.358464,39.990562
H01530,6,6703.2,139.4,2.43,1,南,116.412321,39.997524
H01531,11,4797.3,102.3,4.092,0,南,116.240985,39.708895
H01532,11,3167.7,53.2,1.272,1,南,116.328269,39.928929
H01533,10,4620.5,98.8,0.94,0,东,116.412635,40.043742
H01534,6,6685.2,130.4,3.94,0,南,116.023028,39.741913
H01535,4,6171.6,120.7,1.987,0,西,116.151866,39.956394
H01536,21,3048.6,66.7,4.406,1,东,116.492259,39.752671
H01537,20,7271.1,124.1,2.817,1,南,116.082272,39.930117
H01538,15,5190.5,101.8,1.11,1,南,116.587797,40.049112
H01539,6,4968.4,111.9,2.906,1,北,116.171538,39.947746
H01540,1,3124.5,51.4,4.868,1,东南,116.414683,39.727752
H01541,5,5567.6,106.6,4.802,0,西南,116.570614,39.999388
H01542,4,6324.8,145.3,4.412,0,东,116.096568,40.021396
H01543,18,5388.0,118.7,1.577,0,南,116.432491,39.719189
H01544,16,4872.5,96.4,1.767,0,南,116.415937,39.703521
H01545,14,3284.2,60.1,0.101,1,东,116.444886,40.011305
H01546,4,4623.1,109.7,4.312,1,南,116.425478,39.824471
H01547,3,5140.4,110.6,0.764,0,南,116.117303,39.910598
H01548,16,3453.4,64.6,1.815,0,西,116.496992,39.913225
H01549,14,2572.8,48.7,0.917,0,南,116.371608,39.703205
H01550,24,4629.5,69.7,2.705,1,南,116.20144,40.074065
H01551,21,4647.3,110.5,0.108,1,北,116.484515,39.861369
H01552,12,3357.9,63.3,0.293,0,南,116.446308,39.977759
H01553,8,4681.6,100.1,1.858,0,东,116.445475,39.744172
H01554,14,7302.0,131.6,0.939,1,东南,116.33999,39.735678
H01555,15,5834.8,115.4,3.544,0,东,116.103,40.084496
H01556,8,3658.3,76.9,0.781,0,南,116.057322,39.793465
H01557,6,3078.3,69.8,3.122,0,西南,116.452616,39.777278
H01558,7,2628.4,48.9,2.923,0,南,116.45608,40.03338
H01559,19,7994.1,145.1,2.542,0,西南,116.134668,39.940384
H01560,19,3764.3,85.0,1.133,0,东,116.329522,39.817202
H01561,3,7903.1,155.5,2.55,1,北,116.499401,39.820799
H01562,13,4159.4,86.8,0.473,0,北,116.303481,40.0595
H01563,19,4301.9,83.2,1.343,1,东,116.35514,39.770761
H01564,6,4236.6,100.5,1.504,0,北,116.500931,39.928503
H01565,16,3373.5,59.4,2.837,0,东,116.077944,39.981263
H01566,23,4944.8,96.3,0.411,0,东,116.373107,40.006809
H01567,15,3711.8,65.7,0.716,0,南,116.449528,39.745037
H01568,24,4212.6,76.7,4.129,1,西南,116.487776,40.035198
H01569,2,3270.3,51.3,2.492,1,西南,116.215586,39.915892
H01570,14,6076.3,128.4,4.039,0,北,116.529158,39.804131
H01571,21,6800.7,149.9,0.903,0,北,116.404819,39.788558
H01572,1,2889.8,55.6,4.425,1,南,116.294783,39.926066
H01573,15,8445.6,143.4,2.915,0,南,116.472465,39.768999
H01574,24,2946.5,55.6,2.121,0,北,116.346378,39.867899
H01575,7,7521.4,138.7,0.639,0,南,116.140129,40.039011
H01576,19,2946.2,46.5,1.626,0,南,116.516522,39.773852
H01577,2,7056.7,128.7,2.184,1,东,116.094003,39.766842
H01578,2,3646.3,69.0,4.416,1,西南,116.241409,40.082721
H01579,3,7327.2,141.2,0.481,1,南,116.237232,40.013993
H01580,9,8054.5,146.7,3.795,1,东,116.236203,40.099446
H01581,24,2900.2,63.3,1.991,0,南,116.424355,39.752215
H01582,23,8388.7,147.7,2.588,0,东南,116.311354,39.915404
H01583,15,7530.8,149.8,4.009,0,南,116.012112,39.736004
H01584,13,6586.6,126.9,2.092,0,南,116.405066,39.747908
H01585,1,5745.4,116.4,4.461,1,北,116.249057,39.773964
H01586,5,8693.1,151.0,3.882,1,东南,116.122668,40.006839
H01587,18,4741.5,83.8,2.193,1,南,116.514772,39.977553
H01588,23,6582.2,143.8,4.871,1,南,116.310307,39.799152
H01589,10,4826.3,92.0,2.481,1,南,116.225481,40.029404
H01590,6,2830.6,66.9,3.142,1,东,116.581845,39.755666
H01591,20,4719.4,98.5,4.573,0,西,116.0232,39.770327
H01592,4,4240.2,86.8,0.931,0,南,116.152565,39.785473
H01593,3,8041.8,159.0,1.898,0,北,116.309033,39.997057
H01594,21,3722.7,65.6,0.928,1,东,116.256873,39.912735
H01595,2,4741.5,87.8,0.696,0,南,116.293336,39.745957
H01596,5,3888.4,75.7,4.065,1,南,116.122279,39.868459
H01597,17,3366.7,63.6,3.766,1,南,116.575876,39.867319
H01598,11,4770.1,105.4,4.341,1,南,116.366432,39.813507
H01599,23,3817.8,64.5,2.353,0,南,116.56427,39.97089
H01600,24,7598.5,142.9,4.131,1,南,116.419982,40.030324
H01601,3,3237.3,64.3,1.035,1,北,116.505252,39.848107
H01602,2,2942.0,61.9,3.36,0,北,116.376184,39.777471
H01603,1,5986.0,109.3,2.302,1,东南,116.01527,40.047967
H01604,14,7536.1,145.8,4.263,1,东南,116.507155,39.736273
H01605,19,6095.1,139.2,3.713,1,南,116.543774,39.750483
H01606,11,8432.5,146.5,2.807,1,东南,116.414531,39.974997
H01607,1,5825.5,121.9,0.581,0,北,116.464341,39.771294
H01608,13,7106.9,148.5,4.146,0,西,116.184809,39.709976
H01609,12,5489.1,111.0,3.596,0,南,116.287571,39.891025
H01610,8,4756.2,99.3,1.255,1,南,116.028644,40.032574
H01611,23,3809.4,77.4,3.693,0,西,116.273664,39.923203
H01612,14,3210.0,62.0,3.266,0,北,116.00314,40.078879
H01613,9,4032.1,95.1,1.908,0,西,116.166757,39.776016
H01614,19,3978.1,86.9,1.961,0,南,116.081427,39.717171
H01615,4,4726.2,86.8,1.345,1,南,116.304718,39.816651
H01616,18,5873.5,120.9,3.739,1,北,116.196529,40.081209
H01617,9,8235.2,154.4,3.163,0,南,116.563937,39.810747
H01618,9,4968.5,97.0,4.496,0,南,116.058439,40.041245
H01619,15,4253.1,80.9,2.391,0,南,116.24801,40.036203
H01620,2,8277.5,147.6,3.282,1,东,116.496642,39.982941
H01621,5,4057.5,93.1,3.172,0,西南,116.547102,39.923027
H01622,3,5976.7,132.5,2.742,0,北,116.31873,39.839773
H01623,10,4070.1,89.4,2.569,1,东南,116.044881,39.711744
H01624,22,3180.1,58.4,2.394,1,南,116.214376,39.75315
H01625,1,4569.8,103.1,0.72,1,北,116.172827,40.061773
H01626,5,4128.1,73.1,0.444,1,南,116.160678,40.032089
H01627,7,3266.5,77.6,0.779,1,北,116.238806,39.768137
H01628,20,4136.3,82.3,3.772,1,南,116.505813,39.971347
H01629,14,3214.0,55.4,3.607,1,西,116.084017,39.756207
H01630,11,7633.0,146.2,3.521,0,东,116.066577,39.748195
H01631,5,6033.6,106.7,4.022,1,东,116.052803,39.998892
H01632,12,3004.4,58.8,1.146,1,南,116.508723,39.991337
H01633,6,5751.9,100.8,4.669,1,东南,116.048728,39.937998
H01634,21,3824.9,66.9,3.386,0,西,116.465337,39.828914
H01635,15,3914.5,81.7,2.624,0,北,116.276937,39.706126
H01636,18,2908.8,64.6,2.961,0,西南,116.53551,39.775357
H01637,12,4733.3,99.0,3.919,1,南,116.504707,39.784494
H01638,15,5383.8,102.1,4.402,1,南,116.278906,39.898401
H01639,17,5075.3,98.8,1.401,0,东,116.371189,40.010114
H01640,6,6489.9,115.2,0.162,1,东南,116.202673,39.931195
H01641,11,6707.5,131.7,0.196,1,南,116.567431,40.061398
H01642,19,5156.6,106.7,4.765,1,南,116.228339,39.951274
H01643,17,3285.9,60.4,1.028,0,南,116.544945,39.9875
H01644,2,7601.2,135.0,3.732,1,南,116.381,39.907819
H01645,17,6670.7,126.8,4.536,1,西,116.140732,39.927979
H01646,9,6299.5,133.7,3.523,1,北,116.417129,39.836729
H01647,17,9128.5,156.8,1.008,0,南,116.043138,39.863744
H01648,17,5361.8,104.1,4.092,0,东,116.013725,39.725675
H01649,4,6006.8,115.5,0.809,0,南,116.430844,39.910288
H01650,10,10722.9,155.4,3.313,1,南,116.113508,39.737401
H01651,8,6229.8,131.6,1.512,0,北,116.255987,40.090823
H01652,12,5696.8,114.9,1.428,0,南,116.543732,39.777527
H01653,17,6124.5,122.7,3.65,0,东,116.323344,40.017121
H01654,1,4930.4,92.0,0.239,0,东,116.597187,39.74768
H01655,8,6277.5,123.4,3.85,1,东南,116.361218,40.090854
H01656,6,3291.9,61.3,3.652,0,东南,116.128168,39.713665
H01657,24,5249.6,92.6,1.921,0,东,116.561899,40.097713
H01658,14,5902.4,114.0,2.389,1,东,116.049514,39.769895
H01659,4,5519.0,117.2,2.829,1,南,116.020668,40.083407
H01660,18,3758.8,58.3,4.729,0,南,116.03053,39.785209
H01661,18,5601.9,122.4,1.292,0,南,116.537067,39.761973
H01662,4,6716.3,139.8,0.523,0,东南,116.203029,39.72042
H01663,23,8961.7,152.1,0.695,0,南,116.02281,39.909674
H01664,2,8905.1,160.0,3.674,0,北,116.284371,39.85421
H01665,6,5985.5,120.4,1.146,0,西南,116.29087,40.065704
H01666,6,5095.6,102.1,0.21,1,南,116.414895,39.726366
H01667,21,3149.7,49.6,0.603,0,南,116.453405,40.027146
H01668,4,7528.3,134.9,4.016,1,西,116.286368,40.007721
H01669,16,4920.2,96.7,0.298,0,南,116.548984,39.86223
H01670,14,5601.8,110.1,2.595,1,北,116.382947,39.993091
H01671,4,4169.6,90.3,3.213,1,南,116.440647,39.873154
H01672,21,4500.7,87.5,3.101,0,东,116.535742,40.001704
H01673,14,7869.3,151.3,4.448,0,西南,116.446245,39.794146
H01674,8,4145.0,76.7,1.487,1,南,116.017795,39.990597
H01675,24,3071.4,49.1,3.922,1,西,116.364027,40.02905
H01676,13,5800.1,127.2,3.785,1,南,116.42577,39.727971
H01677,18,7982.5,153.2,3.662,1,西,116.181204,39.911087
H01678,7,5669.8,114.2,0.558,1,西,116.36402,39.833506
H01679,4,5370.5,104.3,4.387,0,南,116.167705,39.978785
H01680,21,3699.5,73.3,2.691,1,北,116.441732,40.06144
H01681,23,7934.0,136.7,0.265,1,东,116.483158,39.782937
H01682,6,8218.3,125.7,0.483,1,东南,116.295712,39.978456
H01683,3,4569.3,80.2,0.41,0,东,116.408582,39.78222
H01684,2,8187.0,146.4,3.121,0,南,116.430692,40.075846
H01685,19,4953.8,97.1,0.626,0,西,116.346917,39.983288
H01686,15,3902.2,83.0,4.878,0,西,116.33465,39.788033
H01687,13,3628.1,69.6,1.14,0,南,116.133731,39.90232
H01688,22,7000.9,146.2,4.954,0,北,116.354488,39.849495
H01689,1,4975.8,109.9,1.858,0,西,116.529101,39.790843
H01690,16,7281.1,145.3,0.387,0,东南,116.339285,39.758993
H01691,10,6358.2,121.0,4.032,0,西南,116.115549,39.813002
H01692,14,5489.3,120.0,2.795,0,西,116.242753,39.749039
H01693,16,7802.9,141.1,3.177,1,南,116.35237,39.915002
H01694,16,4766.7,96.7,1.087,1,南,116.461465,39.759589
H01695,9,4360.3,86.6,2.168,1,南,116.189967,39.86847
H01696,6,5042.3,114.8,1.949,0,南,116.405546,39.786229
H01697,8,6603.3,129.0,2.92,0,南,116.240112,40.026039
H01698,20,3347.3,66.1,4.317,0,南,116.562089,39.821337
H01699,24,3493.5,59.4,3.844,1,东,116.412319,39.826219
H01700,7,6957.6,133.9,1.566,1,南,116.367605,39.802199
H01701,20,7400.2,146.0,3.17,0,北,116.247636,39.958862
H01702,16,9253.0,152.6,1.541,0,东南,116.457327,39.978335
H01703,23,5094.6,113.8,2.915,0,西,116.215512,39.75829
H01704,15,6648.0,114.6,3.095,1,南,116.142098,40.020024
H01705,23,3174.5,60.1,2.191,1,南,116.167537,39.964241
H01706,16,3848.3,77.8,0.64,1,南,116.567761,39.866495
H01707,23,4313.6,95.2,1.059,0,南,116.208273,39.780788
H01708,22,6033.3,114.7,4.437,0,东,116.017748,39.91598
H01709,12,5947.4,122.7,2.592,0,西,116.380892,39.964675
H01710,12,3862.1,81.9,3.815,0,南,116.182981,39.797302
H01711,5,7015.8,137.3,0.226,0,北,116.331734,40.061269
H01712,21,3354.5,73.4,2.366,0,西南,116.486585,39.737197
H01713,22,3140.1,62.7,2.58,1,北,116.55643,39.796445
H01714,10,3178.1,65.7,2.448,1,南,116.446703,39.755394
H01715,10,2678.2,51.9,4.293,0,北,116.415034,40.076577
H01716,24,7195.7,140.4,3.527,0,南,116.352741,40.055529
H01717,16,7851.9,155.8,4.367,1,东,116.500305,39.747727
H01718,12,4257.7,77.9,1.19,1,东,116.138867,39.744556
H01719,9,3057.5,60.8,3.448,1,东,116.220198,39.72848
H01720,13,3501.9,74.8,0.937,0,南,116.232433,39.726354
H01721,19,5123.4,108.3,4.968,0,西,116.330068,39.996389
H01722,8,3767.1,64.1,1.808,1,东,116.317748,40.023582
H01723,20,4429.2,95.8,3.416,0,南,116.566407,39.73259
H01724,6,3813.6,78.2,2.431,1,东,116.366708,39.968535
H01725,9,5972.9,114.4,2.693,1,东南,116.428131,39.983789
H01726,16,6916.2,130.7,1.292,0,南,116.151694,39.787783
H01727,12,7312.7,147.7,4.602,0,北,116.033023,39.963376
H01728,16,7625.0,149.7,4.508,1,南,116.19329,40.052147
H01729,22,3906.8,77.6,2.169,1,西,116.265782,39.954982
H01730,5,4984.3,98.6,2.999,1,南,116.538592,40.010613
H01731,17,3369.2,55.0,3.041,0,南,116.139147,40.07929
H01732,4,4884.7,109.0,0.789,0,西,116.587203,39.965849
H01733,21,4976.0,99.6,4.259,1,东,116.030904,39.749351
H01734,23,3155.6,60.5,2.797,1,西,116.279864,39.970338
H01735,20,4919.2,102.3,4.188,1,南,116.28881,39.737553
H01736,16,5503.4,96.8,4.58,1,东南,116.086916,39.876119
H01737,17,7023.3,142.3,4.334,1,东,116.521949,39.835937
H01738,16,5154.8,103.4,1.054,1,东南,116.256511,39.949777
H01739,6,2887.0,50.7,1.822,0,东,116.012295,39.879279
H01740,10,3141.5,59.4,1.091,0,南,116.378894,39.869893
H01741,9,4562.4,110.5,3.448,0,东南,116.343156,39.746959
H01742,7,2846.7,48.0,3.402,0,东南,116.538739,39.950237
H01743,21,4166.2,88.8,4.239,0,南,116.041918,39.877137
H01744,9,3210.1,67.6,4.597,0,南,116.160841,40.021403
H01745,18,8229.9,139.5,0.682,1,南,116.384795,39.964219
H01746,5,2588.2,50.5,3.861,1,南,116.218699,39.872938
H01747,23,4025.8,58.5,1.546,1,东,116.140558,39.993907
H01748,13,5860.8,96.3,0.446,1,南,116.111236,40.09958
H01749,16,5391.3,114.1,3.105,1,东南,116.092014,39.842005
H01750,9,3548.8,59.1,1.432,1,南,116.243853,39.706484
H01751,12,4284.9,103.5,3.307,0,北,116.48281,40.032767
H01752,16,6244.5,133.0,1.487,1,南,116.1356,39.852736
H01753,14,5572.9,111.1,3.043,0,东,116.081958,40.042253
H01754,9,3013.1,61.8,4.044,1,北,116.500893,40.015874
H01755,17,6020.4,119.7,3.434,1,南,116.507672,40.06782
H01756,22,6979.3,135.3,2.123,0,东,116.189691,39.723031
H01757,7,2854.2,57.1,4.735,0,南,116.367691,39.788446
H01758,6,3247.5,65.9,3.355,0,北,116.160069,39.854139
H01759,17,3094.8,51.0,2.527,0,西,116.104122,39.853711
H01760,13,3038.1,54.6,4.971,0,东,116.093594,39.982043
H01761,1,4505.3,86.3,3.824,1,南,116.119626,39.830077
H01762,9,4523.7,77.0,2.623,1,南,116.198936,40.061792
H01763,21,4414.9,87.4,1.03,1,东南,116.34432,39.950092
H01764,12,6162.0,112.5,4.316,1,东,116.022771,39.968419
H01765,4,2943.7,50.6,2.125,0,北,116.20676,39.784573
H01766,10,2956.0,55.9,4.628,0,南,116.096379,39.868459
H01767,13,4266.1,84.0,3.233,1,西,116.109958,40.097886
H01768,8,8223.3,127.6,3.929,1,南,116.032652,39.842946
H01769,20,4591.5,89.6,0.963,0,西南,116.030461,39.947794
H01770,1,3340.5,66.7,4.685,1,北,116.135296,40.086085
H01771,18,7162.6,145.6,3.128,0,西,116.560773,39.958012
H01772,9,3848.6,87.6,0.85,0,北,116.416046,40.037664
H01773,23,3776.7,82.5,1.521,0,西,116.408237,39.757043
H01774,8,5668.1,104.6,0.4,1,南,116.14287,39.950487
H01775,17,3818.6,68.6,2.042,1,东南,116.281034,39.828581
H01776,18,5329.0,103.8,1.239,1,北,116.11518,39.966976
H01777,8,7117.7,135.5,1.217,0,南,116.360709,39.776715
H01778,16,5480.0,106.9,3.652,0,西南,116.378528,39.973281
H01779,1,7681.5,155.1,2.271,0,北,116.593992,40.05229
H01780,23,4047.1,84.9,0.599,0,北,116.063519,39.805465
H01781,24,4304.9,83.4,0.567,0,东,116.254511,39.766978
H01782,7,4003.4,85.1,2.304,1,南,116.226912,39.842175
H01783,9,3652.3,80.1,3.91,0,西,116.314334,39.745931
H01784,11,5591.9,99.9,2.301,1,西,116.471487,39.71676
H01785,14,3799.4,70.7,3.502,0,南,116.169131,39.985611
H01786,9,6149.2,119.6,2.245,1,东南,116.296566,39.713512
H01787,3,3355.5,59.6,3.084,0,北,116.095509,39.938937
H01788,7,9249.2,154.3,0.225,1,北,116.110296,39.737391
H01789,1,4942.9,109.9,4.006,0,东,116.310563,39.828881
H01790,8,4642.3,90.6,2.781,1,西,116.248853,39.954508
H01791,8,3840.4,67.7,0.16,0,东南,116.306271,40.091413
H01792,24,7293.3,130.6,0.627,1,西南,116.02084,39.952584
H01793,1,3977.5,81.3,1.83,0,南,116.366907,39.886832
H01794,8,3039.4,51.8,0.119,0,南,116.119535,39.854622
H01795,20,4446.7,104.4,4.004,1,北,116.422527,40.041215
H01796,3,4936.0,102.8,4.754,0,西南,116.070614,39.865397
H01797,19,5274.5,109.0,2.217,0,南,116.454232,40.096474
H01798,16,9284.4,146.2,2.952,1,东,116.032883,39.725243
H01799,10,4673.2,105.7,4.198,1,东南,116.529429,39.711108
H01800,24,5387.9,106.9,2.686,0,南,116.09479,39.909077
H01801,13,7765.0,132.9,1.717,1,南,116.174919,39.894743
H01802,14,3070.7,63.1,1.431,1,西,116.258243,39.701077
H01803,1,4139.6,97.1,4.579,0,西,116.592682,39.772286
H01804,23,3637.2,77.0,2.791,0,北,116.441019,39.831438
H01805,8,5569.0,109.6,3.497,1,东,116.027029,39.897014
H01806,8,3301.0,61.5,3.808,1,东南,116.530863,39.835871
H01807,5,4973.8,104.6,1.259,0,东,116.421282,40.024683
H01808,14,7045.9,145.5,4.755,0,南,116.29034,39.973501
H01809,17,4062.1,73.1,1.11,0,西南,116.269092,39.77866
H01810,13,3648.0,47.5,0.429,1,南,116.21556,39.785032
H01811,24,4092.3,90.1,0.215,1,西,116.503605,39.718205
H01812,13,6533.6,125.6,4.639,1,南,116.237951,39.986376
H01813,9,6893.6,135.5,4.601,0,南,116.55072,40.065785
H01814,17,6482.3,135.1,1.437,1,北,116.494442,39.941074
H01815,20,8952.2,152.0,2.64,0,东南,116.267717,40.09367
H01816,8,7152.3,137.4,1.707,0,东,116.123119,39.777867
H01817,3,3971.7,78.5,3.71,0,南,116.008339,39.999929
H01818,24,6113.0,99.4,2.948,0,南,116.132757,40.052566
H01819,15,6145.0,119.2,1.685,0,南,116.285004,39.714974
H01820,8,5546.9,112.6,3.816,0,南,116.279554,39.882553
H01821,7,8232.1,151.3,1.839,1,东,116.37394,39.992177
H01822,9,7325.1,137.0,3.707,0,东南,116.4871,40.035199
H01823,7,8528.6,157.5,3.039,1,北,116.133873,40.010422
H01824,8,7276.1,149.0,3.678,1,南,116.350737,40.076718
H01825,7,2901.3,49.6,2.757,1,西,116.448368,39.958341
H01826,21,3330.5,54.9,0.994,0,南,116.557314,39.926963
H01827,5,2926.0,65.6,1.323,0,北,116.451574,39.906413
H01828,7,5666.0,111.9,1.142,0,南,116.267701,40.064084
H01829,9,3260.9,60.1,0.548,1,南,116.588632,39.959894
H01830,21,4049.8,77.1,3.251,1,西南,116.036314,39.764998
H01831,8,6466.8,137.9,1.108,1,西,116.276588,39.83813
H01832,14,3249.6,61.1,4.949,1,南,116.374956,39.999789
H01833,12,2981.7,51.5,2.845,1,西,116.459236,39.780476
H01834,21,5800.8,114.5,1.687,0,西,116.401873,39.815511
H01835,4,3850.9,74.5,1.473,0,西南,116.031566,39.870524
H01836,17,5898.2,104.9,0.436,0,北,116.17069,40.090031
H01837,7,3915.5,69.9,1.975,1,东南,116.002594,40.068563
H01838,16,8158.6,145.0,2.384,1,南,116.218561,39.722342
H01839,10,4724.5,95.7,1.191,1,东,116.579791,39.738711
H01840,10,4389.6,89.7,2.438,0,东,116.329734,39.770938
H01841,4,4479.4,91.9,2.365,1,东南,116.398624,39.869444
H01842,5,3202.3,69.7,4.783,0,南,116.396736,39.717815
H01843,21,4056.7,86.0,2.493,0,南,116.371213,39.772523
H01844,7,4411.7,93.0,2.16,1,南,116.22438,39.735317
H01845,8,4649.4,104.9,2.274,0,东南,116.580441,39.978415
H01846,3,7677.3,144.9,3.147,1,南,116.418282,39.743578
H01847,13,4744.2,84.5,3.186,0,东南,116.086292,39.97531
H01848,4,6179.3,113.1,2.021,1,西南,116.281243,40.046459
H01849,15,3754.9,86.4,1.672,1,北,116.570488,39.740549
H01850,19,8987.9,157.1,1.044,1,南,116.470589,39.768569
H01851,5,3459.0,68.8,4.807,0,东,116.347397,39.984305
H01852,8,6657.0,118.1,3.975,0,东,116.337018,40.055414
H01853,5,3211.9,56.4,1.16,1,西,116.466027,40.060149
H01854,2,4072.4,92.7,4.466,0,东南,116.565821,40.048284
H01855,1,6615.2,124.9,1.322,0,南,116.213586,40.048316
H01856,9,5150.3,116.8,3.47,1,东南,116.38275,39.801845
H01857,2,4330.8,73.1,0.853,0,东南,116.108034,40.099002
H01858,22,7091.7,145.9,2.76,0,南,116.293701,40.058616
H01859,12,3421.9,50.4,1.254,1,南,116.527044,40.078877
H01860,13,3655.6,75.7,1.996,1,北,116.391272,39.976181
H01861,22,5498.8,108.2,1.601,0,南,116.026525,39.892623
H01862,12,4754.6,92.3,0.858,0,南,116.477716,40.00809
H01863,18,4978.9,112.6,1.206,1,北,116.412358,39.949353
H01864,15,6112.7,115.2,4.549,0,南,116.316277,39.848039
H01865,4,3530.0,59.6,1.861,1,南,116.238582,39.986576
H01866,13,5117.3,96.0,0.127,1,南,116.198297,39.911421
H01867,21,9793.6,149.0,2.641,1,东南,116.198932,40.011959
H01868,21,5453.7,107.4,1.91,1,东南,116.481265,39.954284
H01869,16,5071.8,105.8,1.94,1,北,116.079687,39.863657
H01870,6,6237.9,125.2,3.113,1,南,116.412738,40.033402
H01871,2,7338.6,142.2,2.139,0,北,116.225715,39.790231
H01872,18,3825.4,76.0,2.377,0,南,116.458727,39.986245
H01873,4,4568.5,91.2,3.687,1,南,116.247672,40.02342
H01874,10,7744.0,136.8,0.858,1,南,116.225632,40.034594
H01875,1,3218.6,61.7,0.485,0,北,116.499727,39.898235
H01876,7,4051.9,79.8,2.526,1,南,116.27699,39.706106
H01877,3,2849.6,47.3,0.3,0,西南,116.265788,40.039634
H01878,2,2507.1,51.3,1.596,0,东,116.437575,39.79098
H01879,9,3072.6,49.3,3.485,1,东,116.088851,39.924076
H01880,1,3787.2,78.1,2.054,0,北,116.307297,40.011301
H01881,21,7172.0,141.6,1.156,0,南,116.367909,39.941648
H01882,12,3639.4,72.9,4.922,1,北,116.385304,40.02889
H01883,20,4218.8,88.2,2.258,0,南,116.44312,39.83302
H01884,13,7905.1,147.9,2.061,1,北,116.413421,40.084143
H01885,11,5397.2,124.3,0.896,0,西,116.551272,39.777748
H01886,18,4640.6,112.9,3.563,0,西,116.343079,40.094718
H01887,17,6664.5,125.7,1.133,1,东,116.413482,40.000059
H01888,2,3591.3,66.2,1.709,0,东南,116.575227,40.082138
H01889,1,3993.9,70.5,1.595,1,东,116.061383,40.062948
H01890,11,3418.0,72.5,0.423,1,北,116.447389,39.968555
H01891,1,7772.0,136.6,2.104,0,东,116.082177,39.995899
H01892,8,3965.0,87.4,4.293,0,南,116.420388,39.998197
H01893,20,6779.8,133.5,3.269,1,南,116.085989,39.741771
H01894,3,9474.1,155.8,1.595,0,西南,116.213553,39.897301
H01895,5,4182.7,92.9,0.599,0,北,116.362852,39.723782
H01896,18,5311.9,104.8,2.761,1,东,116.334844,39.760552
H01897,12,3954.5,71.3,2.675,1,东南,116.031881,40.066551
H01898,4,7430.1,146.0,0.478,1,北,116.354166,40.064141
H01899,16,8797.6,157.0,3.858,1,北,116.445973,40.000522
H01900,21,3971.5,73.9,2.581,1,南,116.450927,39.914715
H01901,1,4224.2,86.4,0.406,0,北,116.138986,39.710612
H01902,17,8391.1,153.4,0.527,0,东,116.550015,39.984728
H01903,1,4696.2,107.5,2.811,0,南,116.589597,39.918403
H01904,1,3994.8,83.0,4.759,0,南,116.349666,40.071608
H01905,6,6932.8,138.3,1.432,0,东,116.096492,39.878878
H01906,16,7089.2,130.4,2.405,1,南,116.395542,39.910053
H01907,3,4635.9,101.4,4.906,0,南,116.056361,39.951008
H01908,22,7627.5,132.6,1.089,0,东南,116.321838,39.961244
H01909,7,6804.8,139.5,3.582,0,南,116.586183,39.754502
H01910,3,4211.9,73.6,2.181,1,东南,116.182236,39.912393
H01911,7,7105.5,142.6,1.396,1,北,116.389847,39.779051
H01912,6,6985.3,130.4,4.071,0,南,116.309837,39.995253
H01913,2,3810.2,68.0,4.853,0,南,116.054018,39.895114
H01914,12,7450.4,129.1,4.594,1,东,116.005283,39.980922
H01915,3,5485.6,98.5,2.603,1,南,116.173555,40.034008
H01916,22,6834.9,141.7,2.215,0,南,116.302798,39.823894
H01917,9,4278.8,85.0,0.851,0,西南,116.252856,39.870769
H01918,17,3217.9,58.7,3.335,1,南,116.099038,39.944593
H01919,3,7311.3,159.8,3.96,1,南,116.47871,39.711059
H01920,6,3942.4,76.2,1.575,0,南,116.327938,39.752615
H01921,24,2859.6,54.8,3.418,0,南,116.427587,39.706131
H01922,2,8160.6,155.6,3.341,1,西,116.492934,39.949975
H01923,13,7515.7,147.2,4.294,0,南,116.454148,40.003047
H01924,21,4218.4,80.2,3.6,1,南,116.072826,39.742222
H01925,5,5439.7,128.0,3.715,0,北,116.379171,39.765365
H01926,5,5075.3,124.2,3.95,0,北,116.329213,40.01483
H01927,2,3759.6,59.6,2.398,1,东,116.256191,40.087092
H01928,9,5862.6,109.2,0.843,0,东南,116.005276,39.976287
H01929,20,4055.0,82.0,0.61,0,东,116.084686,40.060797
H01930,17,3250.5,48.3,2.11,0,南,116.362924,39.748368
H01931,11,3363.0,53.1,3.077,0,南,116.075861,40.028106
H01932,14,4972.5,99.0,3.527,0,西,116.173424,40.019277
H01933,12,3488.5,65.7,2.754,1,东南,116.563028,39.790474
H01934,1,5500.6,111.2,2.997,1,北,116.433112,39.937061
H01935,9,3567.3,76.1,4.481,0,南,116.038999,40.039623
H01936,10,4532.3,98.0,3.573,0,东南,116.096815,40.036507
H01937,4,3169.8,65.8,2.145,0,南,116.509536,40.003234
H01938,11,3118.4,55.0,0.366,1,南,116.422224,39.756805
H01939,21,3345.6,60.3,2.494,1,南,116.090234,39.806457
H01940,23,8091.2,138.7,1.655,0,南,116.445049,39.998387
H01941,21,5526.9,110.6,1.427,1,南,116.546051,39.812132
H01942,6,3467.8,66.2,1.867,0,西,116.317835,40.064106
H01943,4,6248.8,137.7,2.197,1,南,116.424553,40.033575
H01944,24,5482.0,109.5,1.654,0,东,116.35806,39.811074
H01945,16,6623.2,129.8,4.047,0,南,116.508317,39.937633
H01946,5,3763.6,80.0,2.711,0,南,116.331377,40.007881
H01947,5,7473.4,146.8,4.719,1,西,116.372605,39.812808
H01948,10,4595.0,85.3,4.008,0,东,116.241109,40.021245
H01949,6,5902.3,123.9,3.91,0,南,116.178051,39.818101
H01950,17,10622.5,159.4,0.477,1,西南,116.134599,40.085288
H01951,13,6499.7,126.9,3.045,1,西南,116.195548,40.018456
H01952,12,3505.0,71.3,3.242,0,西,116.303492,39.915315
H01953,8,7405.8,139.1,0.598,0,南,116.296438,40.025512
H01954,6,6209.8,134.2,2.448,0,东,116.315717,39.850169
H01955,18,6229.2,107.3,0.498,0,南,116.092015,40.022699
H01956,10,6243.3,136.9,4.27,0,东,116.251858,39.966509
H01957,2,4004.9,84.0,3.84,1,北,116.513348,39.958179
H01958,6,4924.3,104.5,3.829,0,南,116.309525,40.004859
H01959,8,4355.1,96.6,2.056,1,南,116.390315,39.843796
H01960,20,3148.4,48.5,0.546,0,南,116.474415,39.924596
H01961,12,3535.6,68.1,4.991,1,东南,116.321893,39.709211
H01962,9,2762.2,46.5,3.121,1,西,116.252414,39.903129
H01963,18,4006.1,79.2,4.617,0,东,116.046258,39.883145
H01964,4,7884.9,140.9,0.133,1,南,116.468888,39.949208
H01965,23,9921.6,148.6,2.118,1,西南,116.040704,39.880007
H01966,23,8503.5,159.6,2.844,0,东,116.398408,40.013402
H01967,1,8101.4,153.3,1.934,1,东南,116.562167,39.743508
H01968,4,5126.1,120.3,4.606,0,南,116.164319,39.810585
H01969,15,3823.7,64.1,3.38,1,南,116.463812,39.997639
H01970,1,4340.9,88.3,4.654,1,东南,116.405773,39.978132
H01971,10,8012.5,159.5,2.021,0,南,116.233755,39.758478
H01972,17,5846.0,129.3,4.35,1,东,116.532121,40.007402
H01973,24,6757.3,130.4,0.302,0,东,116.544685,39.883062
H01974,4,4179.3,83.9,3.854,0,南,116.032936,39.835677
H01975,13,7533.9,143.8,2.648,1,南,116.577478,39.972962
H01976,21,5878.5,116.4,3.057,0,西,116.479088,39.858677
H01977,21,3415.4,63.6,4.77,1,北,116.008643,39.776727
H01978,12,7158.9,144.0,2.506,1,北,116.432543,39.956096
H01979,6,6280.4,132.3,3.889,0,北,116.225206,39.77761
H01980,12,4865.8,112.4,1.664,0,南,116.528639,39.729659
H01981,17,5649.1,126.8,4.039,0,东南,116.259623,40.035653
H01982,23,3136.8,55.6,4.115,0,北,116.172048,40.01834
H01983,21,3360.7,56.9,0.4,0,南,116.542444,39.718502
H01984,2,4730.8,90.3,4.082,1,西,116.136965,39.794978
H01985,14,2843.2,55.4,3.584,0,南,116.372324,40.056217
H01986,17,2513.2,49.7,2.558,1,北,116.287916,39.809539
H01987,19,5113.5,104.4,4.148,0,南,116.358614,39.992514
H01988,5,9216.5,151.5,0.658,0,南,116.24165,39.951811
H01989,4,4732.1,116.6,2.522,0,北,116.527958,39.844195
H01990,14,6511.8,109.8,3.615,1,南,116.012789,39.863245
H01991,1,5196.2,96.8,2.878,1,南,116.295642,39.829609
H01992,12,3554.9,53.6,2.97,1,北,116.026189,39.860471
H01993,23,3376.3,57.8,0.922,1,南,116.469112,39.743925
H01994,21,7585.5,158.2,3.659,1,北,116.22007,39.767094
H01995,1,5562.5,118.4,3.195,0,东,116.058349,39.886658
H01996,10,4018.0,72.7,3.161,0,南,116.062608,39.79204
H01997,13,3220.8,52.4,0.881,1,东南,116.269646,40.03511
H01998,20,3936.6,78.3,2.833,1,南,116.505513,39.802959
H01999,19,2936.9,52.3,1.49,1,北,116.096399,40.044486
H02000,11,7386.7,146.8,3.727,0,西南,116.002961,39.794015
H02001,22,6137.0,120.7,3.872,1,南,116.10077,39.925924
H02002,3,4378.8,90.1,3.84,0,南,116.505934,40.038346
H02003,16,3453.0,59.6,2.645,0,南,116.411566,39.853204
H02004,16,9473.3,152.2,0.581,0,东,116.253118,40.066557
H02005,14,4948.2,105.7,2.825,1,北,116.02038,39.718866
H02006,17,5551.4,112.0,0.503,0,南,116.410952,39.881061
H02007,13,3831.7,73.7,2.382,0,南,116.322707,39.761583
H02008,2,5629.0,102.4,2.293,0,南,116.007622,39.758228
H02009,6,5149.0,103.9,0.574,1,南,116.480425,40.03545
H02010,9,7182.6,140.6,4.145,1,南,116.253476,39.927672
H02011,19,3235.9,46.9,1.22,1,东,116.282298,40.096282
H02012,10,4337.0,85.4,1.534,1,东南,116.587149,39.99935
H02013,1,7453.2,138.8,3.242,0,南,116.081938,40.025372
H02014,17,5490.9,115.7,2.508,1,南,116.572531,39.770906
H02015,11,2931.9,49.8,1.659,1,南,116.185735,40.002755
H02016,12,2602.6,53.5,1.996,0,南,116.40864,39.773464
H02017,9,4150.1,104.9,4.768,1,南,116.343535,39.718824
H02018,4,2441.4,50.9,4.746,0,南,116.572015,39.817115
H02019,23,5595.7,118.3,4.457,0,东南,116.567164,40.095004
H02020,13,6884.5,121.1,0.702,0,西,116.270081,39.944893
H02021,3,6075.9,122.5,0.937,0,南,116.132252,39.969808
H02022,6,4960.2,113.0,2.909,0,北,116.388359,39.970591
H02023,16,7627.9,125.0,0.151,0,南,116.209707,39.796342
H02024,12,4241.9,82.8,4.862,1,西南,116.23658,39.995682
H02025,22,6424.7,132.6,3.548,0,南,116.126751,39.751436
H02026,15,4499.5,86.6,1.764,0,北,116.447464,40.029784
H02027,13,4020.2,92.7,4.879,1,南,116.062954,39.792386
H02028,17,4333.3,99.5,2.408,0,北,116.013454,39.85141
H02029,8,5647.4,121.3,2.669,0,南,116.470945,39.808533
H02030,20,2686.8,49.7,4.929,0,南,116.243337,39.979463
H02031,11,6562.0,120.7,3.222,1,南,116.316312,40.074257
H02032,24,4422.3,96.8,3.512,0,南,116.334135,40.085286
H02033,5,4009.1,72.3,0.822,1,南,116.10026,40.024722
H02034,4,6886.5,146.4,0.687,0,南,116.240042,39.826123
H02035,19,7721.4,142.3,2.501,0,南,116.053004,39.849399
H02036,16,6593.6,118.1,4.081,0,南,116.029017,40.071389
H02037,12,5010.1,112.3,0.868,0,南,116.412455,39.84102
H02038,17,5222.1,107.9,4.144,1,北,116.480659,39.950676
H02039,23,3937.1,76.9,2.047,1,北,116.30847,39.87948
H02040,2,5193.2,93.6,1.502,1,北,116.052878,39.97926
H02041,7,4784.7,113.3,1.557,0,东,116.500975,39.919876
H02042,3,5706.8,128.0,4.634,1,南,116.243125,39.736858
H02043,2,3175.2,62.5,3.468,1,北,116.296365,40.018564
H02044,12,6964.1,140.6,1.524,0,西南,116.394369,39.985192
H02045,10,2840.6,51.7,1.16,0,西南,116.359969,39.857341
H02046,18,4582.5,83.6,1.654,1,东,116.185042,39.930649
H02047,3,3563.6,64.6,4.967,1,南,116.000381,39.959719
H02048,12,4879.7,113.8,4.369,1,北,116.503323,39.943043
H02049,22,4748.8,93.2,3.073,1,北,116.480893,39.819013
H02050,13,3853.0,73.8,1.151,1,南,116.213523,39.768588
H02051,7,5738.8,123.1,4.863,0,西,116.207384,39.92443
H02052,15,4071.0,63.7,0.829,1,东,116.000159,39.700578
H02053,23,3349.5,57.7,2.079,1,南,116.494271,39.934606
H02054,14,3990.1,90.8,3.784,1,西,116.40666,39.846207
H02055,4,5317.8,109.6,1.384,1,南,116.351755,39.967105
H02056,16,3059.5,47.3,2.473,1,西南,116.183252,39.839869
H02057,11,5326.4,107.8,4.656,1,南,116.089419,39.864175
H02058,23,8773.0,155.2,0.885,0,南,116.490802,39.859619
H02059,3,2640.8,47.5,1.853,0,南,116.227416,39.704686
H02060,2,4216.5,82.7,3.533,0,南,116.370545,40.018738
H02061,16,6177.2,112.3,0.457,0,南,116.587472,40.059612
H02062,3,3235.2,75.5,4.603,0,西,116.20336,39.955839
H02063,15,7422.4,136.9,0.254,1,北,116.193919,39.83158
H02064,12,4124.0,78.6,1.357,0,东南,116.431696,39.773232
H02065,19,5356.0,117.2,0.842,1,南,116.446454,39.750828
H02066,15,5333.8,92.9,0.197,1,南,116.272754,39.974354
H02067,22,8141.7,156.2,0.616,0,东,116.292027,39.892364
H02068,19,2578.3,50.3,1.254,0,北,116.135525,40.048792
H02069,9,3315.4,56.4,1.078,1,西南,116.545486,39.74014
H02070,14,3400.1,63.2,0.785,0,西南,116.476835,39.709786
H02071,5,6113.0,123.4,3.597,1,北,116.196804,39.762622
H02072,19,7574.6,144.0,4.226,0,南,116.254246,40.083008
H02073,6,4124.2,84.0,1.044,1,南,116.291082,39.778052
H02074,5,4730.2,97.7,0.9,0,西南,116.45431,39.915221
H02075,8,5994.2,101.3,0.133,1,南,116.02219,40.007911
H02076,13,2875.8,46.9,3.927,1,西,116.143111,40.053265
H02077,9,3118.5,63.3,1.734,0,南,116.44022,39.713405
H02078,9,7194.6,150.2,1.453,0,西,116.4759,39.885708
H02079,19,7561.0,148.7,1.524,0,北,116.443321,39.814801
H02080,18,3545.2,67.5,2.071,0,东,116.444987,39.976319
H02081,6,7158.2,143.6,4.477,1,南,116.372377,40.083444
H02082,18,4264.2,90.8,2.881,1,西,116.264876,39.844901
H02083,8,4596.2,100.6,1.368,0,西,116.297318,39.881574
H02084,9,4339.7,99.5,0.666,0,南,116.092874,39.926132
H02085,9,3643.0,98.3,2.538,0,北,116.252534,40.060038
H02086,18,5126.0,108.0,3.488,0,北,116.302515,39.740389
H02087,22,4026.4,84.6,0.864,0,东,116.228552,39.764421
H02088,23,6447.6,126.8,1.149,0,北,116.593269,39.737533
H02089,11,6647.9,120.8,0.877,0,东,116.41505,39.895122
H02090,22,6395.5,132.7,2.481,0,东南,116.566399,39.926314
H02091,13,6842.7,130.4,4.832,1,南,116.206608,39.99087
H02092,5,4683.7,113.8,1.688,0,北,116.494894,39.780721
H02093,13,3589.9,67.5,0.831,1,西,116.48091,39.830236
H02094,3,4232.6,73.0,2.745,1,西,116.461628,39.93707
H02095,4,3031.5,49.4,2.991,1,南,116.268492,39.741124
H02096,23,4234.6,76.8,4.421,1,南,116.008681,39.995187
H02097,19,3158.5,64.7,0.876,0,南,116.164012,39.9478
H02098,13,8251.6,152.2,1.631,0,北,116.547532,39.832979
H02099,18,4560.0,98.6,2.034,1,东南,116.36966,39.831759
H02100,2,3927.4,80.7,1.167,0,西南,116.304115,40.054107
H02101,5,4446.6,81.3,2.749,1,西,116.053891,39.938907
H02102,21,4416.2,95.5,1.949,0,南,116.286135,39.832847
H02103,23,4510.2,89.0,3.405,1,南,116.405353,39.743171
H02104,5,5111.4,96.0,1.816,0,南,116.347445,39.971287
H02105,19,3645.2,67.8,3.013,0,南,116.078364,40.054842
H02106,17,4599.5,87.3,0.41,1,南,116.375401,39.760909
H02107,18,8437.9,154.5,4.893,1,西,116.036456,39.841105
H02108,6,5449.4,117.0,2.594,0,东南,116.554956,39.838533
H02109,13,3459.1,70.5,2.115,0,南,116.326066,40.028288
H02110,10,3009.0,61.5,4.855,0,北,116.230345,39.906004
H02111,10,6026.4,107.3,1.64,1,西,116.153757,39.734281
H02112,8,5890.9,122.7,2.223,1,西南,116.35451,39.802236
H02113,1,7270.3,142.4,3.886,0,北,116.501899,40.025436
H02114,2,5587.1,109.3,1.059,0,东南,116.079904,40.044662
H02115,4,8189.1,155.6,0.924,1,东,116.256072,39.837254
H02116,18,7236.8,121.1,1.412,0,东,116.013708,40.007093
H02117,24,4843.3,86.3,2.223,0,东南,116.082497,39.86849
H02118,5,3414.6,62.0,4.564,1,南,116.457057,39.878805
H02119,9,3362.7,53.5,2.061,0,南,116.242624,40.062196
H02120,17,7731.6,146.3,4.741,1,南,116.432418,40.038885
H02121,15,3525.8,46.2,3.407,1,东,116.045737,39.908061
H02122,23,5136.7,106.3,0.5,0,南,116.561417,40.049036
H02123,11,6073.3,131.9,2.461,1,南,116.370275,40.059894
H02124,1,7380.9,138.1,1.701,1,南,116.281479,40.091133
H02125,8,3856.9,76.9,1.425,0,南,116.541645,39.705028
H02126,20,4858.2,95.8,1.616,1,西南,116.12564,39.785658
H02127,14,3971.2,77.9,1.366,1,西,116.353328,40.077996
H02128,12,6656.1,128.1,4.615,1,南,116.049848,39.778357
H02129,18,8103.5,156.2,1.909,1,北,116.253048,39.906891
H02130,11,2836.1,47.0,0.641,0,南,116.215111,39.875026
H02131,3,2916.3,65.5,4.665,0,北,116.578407,39.72136
H02132,21,4177.3,76.5,2.45,0,东,116.45722,39.968975
H02133,16,6648.7,127.4,2.67,1,北,116.306138,39.83004
H02134,6,2626.4,54.1,3.302,1,南,116.545474,39.769627
H02135,3,4358.0,102.9,4.428,0,北,116.249896,40.052322
H02136,6,9914.4,155.3,0.567,0,南,116.319222,40.039591
H02137,7,3105.4,52.6,0.247,0,南,116.450736,39.8206
H02138,18,4947.2,100.6,1.266,1,南,116.026259,40.072285
H02139,5,3674.4,64.6,1.064,1,北,116.533152,40.044741
H02140,3,8112.5,147.4,1.401,0,北,116.296767,40.009449
H02141,17,4388.6,103.8,4.751,0,西,116.532327,39.8036
H02142,23,6022.7,108.3,3.433,1,南,116.111982,39.791771
H02143,13,6819.3,134.3,3.89,0,东,116.047961,39.876563
H02144,9,2837.1,53.1,2.001,1,南,116.311685,39.899311
H02145,8,3169.9,55.9,2.738,0,西,116.142132,39.955063
H02146,14,4706.7,85.4,0.554,1,南,116.250734,40.098474
H02147,18,2449.9,48.7,3.036,1,北,116.430703,39.858991
H02148,17,5250.7,97.7,1.526,0,南,116.556052,40.094412
H02149,21,3891.6,79.3,3.26,0,北,116.307364,40.089808
H02150,14,4924.1,96.2,3.604,0,东,116.042904,39.961679
H02151,24,7506.4,155.3,4.121,0,西,116.172383,39.721714
H02152,11,7207.6,149.3,4.227,1,南,116.133841,39.707571
H02153,20,5128.1,100.2,0.159,1,西,116.272573,39.97905
H02154,20,4015.6,78.0,4.271,0,东南,116.465326,39.943297
H02155,10,5238.3,119.0,2.994,0,南,116.20994,40.086587
H02156,17,8791.2,149.4,3.007,1,南,116.494946,40.004417
H02157,20,5232.9,121.3,3.197,0,西,116.329961,39.836774
H02158,18,5318.6,111.8,3.379,0,东,116.033945,39.880349
H02159,11,3883.1,66.5,3.291,0,东,116.261413,39.969815
H02160,22,3547.8,61.7,0.212,1,西,116.429575,39.896858
H02161,16,3411.6,70.3,2.923,0,南,116.542523,39.794272
H02162,3,4385.7,77.3,3.055,0,西南,116.164875,39.965891
H02163,1,5815.8,109.0,1.627,0,东,116.385966,39.847734
H02164,7,4937.3,111.1,0.848,0,北,116.424936,39.775249
H02165,2,4311.4,107.3,2.859,0,西南,116.457971,39.769842
H02166,11,3112.0,65.2,1.07,0,西,116.438835,40.006401
H02167,16,3931.2,75.0,2.886,1,北,116.382251,39.815577
H02168,21,4248.6,81.5,3.765,1,北,116.312236,39.918351
H02169,10,3871.3,81.2,3.966,1,西南,116.436635,39.869021
H02170,19,6203.8,115.9,1.436,0,南,116.308269,39.789897
H02171,9,4455.3,89.1,0.618,0,西,116.599837,39.83124
H02172,3,4765.1,97.9,1.167,0,西,116.036899,39.841066
H02173,20,2999.7,58.4,4.646,0,东南,116.057557,39.874669
H02174,14,6117.0,125.9,3.62,1,南,116.239897,39.734564
H02175,6,6526.5,118.3,3.17,1,南,116.000469,40.081287
H02176,5,7279.6,144.4,1.345,1,北,116.347848,39.980311
H02177,10,5639.0,122.2,4.91,1,北,116.058693,39.859053
H02178,15,6908.9,129.4,3.974,0,西,116.541498,39.86575
H02179,14,6695.8,116.7,1.967,1,西,116.229457,39.74824
H02180,2,7637.4,132.5,2.299,1,西,116.059873,39.773339
H02181,19,6067.3,117.3,0.444,0,东,116.498199,40.018283
H02182,6,6209.2,130.8,3.18,0,西,116.1997,39.722253
H02183,13,7906.8,149.1,0.905,1,北,116.354531,39.911771
H02184,22,3276.0,51.0,1.208,1,南,116.186613,39.893411
H02185,12,6380.7,122.1,2.695,1,西南,116.055297,39.901032
H02186,23,4597.7,101.0,1.076,0,东,116.250745,39.967134
H02187,9,6110.2,122.0,1.338,0,东,116.588633,39.970144
H02188,14,5541.4,103.1,0.778,1,东,116.055498,39.729689
H02189,14,3763.6,78.1,3.518,1,南,116.393913,39.847102
H02190,12,7441.2,156.3,2.493,0,南,116.26542,39.887814
H02191,14,5301.6,112.2,4.541,0,东南,116.437165,40.018223
H02192,3,5788.1,116.8,1.922,0,北,116.334575,40.097135
H02193,12,3407.7,62.4,2.072,1,南,116.339898,39.746589
H02194,16,3670.0,57.9,1.896,1,西,116.027428,39.848288
H02195,13,8285.7,150.5,2.443,0,东,116.444922,39.892524
H02196,21,4164.9,90.9,4.478,1,南,116.287482,39.749612
H02197,19,4870.2,102.0,4.54,0,南,116.025908,40.064353
H02198,11,9537.7,152.7,1.446,1,南,116.242366,39.828978
H02199,21,3501.8,66.3,1.449,1,南,116.557151,39.726276
H02200,17,4698.1,94.5,1.507,1,南,116.406647,40.090798
H02201,1,8444.9,144.0,0.749,1,南,116.2156,39.740769
H02202,1,8021.2,141.0,4.614,1,东,116.281967,39.857765
H02203,5,4813.7,105.5,4.773,1,南,116.16459,39.749356
H02204,17,4411.3,95.8,3.981,0,北,116.007162,39.932992
H02205,1,7025.3,131.5,3.094,1,西南,116.256498,39.949899
H02206,17,7619.0,147.2,3.504,0,西,116.5651,40.059541
H02207,17,8776.7,157.4,4.75,0,北,116.10158,40.093698
H02208,16,3493.9,58.4,0.76,0,西,116.261737,39.924138
H02209,12,4704.6,92.5,1.387,1,南,116.338244,39.741513
H02210,13,5278.7,98.0,4.763,1,西,116.500134,39.939891
H02211,9,3145.2,70.7,4.71,0,南,116.230552,39.974814
H02212,5,2910.5,57.6,3.541,1,西,116.451022,39.930306
H02213,9,7704.0,148.1,3.607,0,南,116.486608,40.057807
H02214,2,8039.8,155.8,2.92,1,西,116.58488,39.934132
H02215,22,2890.0,46.3,3.972,0,南,116.312585,40.036552
H02216,15,3867.0,86.6,2.214,1,西,116.470433,39.916689
H02217,10,3386.6,76.8,3.759,0,南,116.267877,39.911465
H02218,24,2755.4,53.8,3.856,1,南,116.571082,39.866339
H02219,13,9560.6,153.5,0.712,1,东南,116.523938,39.994149
H02220,22,3211.2,62.1,1.383,1,南,116.518292,40.074927
H02221,24,6524.5,122.2,3.733,0,西南,116.399782,39.796345
H02222,23,5781.4,115.8,0.207,0,西,116.555778,39.952366
H02223,18,7627.6,146.3,3.193,1,东,116.092696,39.933891
H02224,4,5283.5,104.1,1.95,1,东,116.10059,39.814883
H02225,10,4235.7,75.8,2.736,1,南,116.265002,39.95473
H02226,19,3131.1,55.2,0.655,1,东南,116.240687,39.922516
H02227,17,5538.6,109.8,3.605,1,东,116.03911,39.844652
H02228,10,2962.1,51.7,3.984,0,北,116.212018,39.888266
H02229,15,6707.2,138.8,4.536,0,南,116.417753,39.883884
H02230,5,8724.4,144.9,4.866,1,西,116.121215,40.010474
H02231,11,2749.7,45.5,3.685,1,南,116.239847,39.746645
H02232,12,3633.4,68.0,2.53,0,南,116.512173,39.872058
H02233,20,3790.9,83.9,4.279,0,北,116.345714,40.014967
H02234,9,4024.7,82.8,3.193,0,南,116.096112,39.725377
H02235,6,3471.7,53.7,3.169,0,南,116.020078,39.899428
H02236,11,7726.5,154.4,4.044,1,西南,116.494785,39.712724
H02237,19,6220.6,118.3,4.962,1,西,116.052673,39.924546
H02238,13,6188.2,134.4,4.635,0,北,116.280565,39.808014
H02239,21,7964.9,134.6,1.543,1,南,116.014246,39.795127
H02240,18,6511.0,124.8,3.982,1,西,116.167891,40.066283
H02241,16,2940.8,66.0,1.871,0,东南,116.54951,39.738036
H02242,3,2989.5,54.6,3.093,1,西,116.499933,39.920154
H02243,16,5790.1,113.1,2.497,0,东南,116.351717,39.990869
H02244,22,3594.4,57.6,0.929,0,南,116.248692,40.010951
H02245,14,7927.8,144.1,0.854,1,南,116.386628,39.79289
H02246,22,3052.8,52.3,4.208,0,西南,116.125244,40.07132
H02247,20,7058.6,135.0,1.357,1,西,116.192417,39.732843
H02248,4,5461.2,103.7,2.535,0,西,116.455924,39.968736
H02249,22,4942.6,92.4,0.284,1,东,116.287745,39.890836
H02250,23,7940.8,140.1,3.521,1,东,116.160596,40.07103
H02251,15,5932.9,121.8,0.319,0,东南,116.136115,39.778284
H02252,12,4472.4,77.9,0.929,0,南,116.008746,39.869427
H02253,22,3376.7,62.0,2.128,1,东,116.590385,39.840938
H02254,21,3819.0,71.9,0.239,0,南,116.575375,39.829147
H02255,12,6054.3,121.6,3.902,1,南,116.323089,39.743999
H02256,5,4304.8,90.9,3.056,0,南,116.543013,39.962519
H02257,10,4922.3,92.3,1.481,1,南,116.045593,39.930474
H02258,22,2857.5,60.2,3.62,0,西,116.436354,39.964602
H02259,5,4885.9,109.0,4.729,1,东,116.487367,40.05889
H02260,19,5163.9,106.8,2.797,1,北,116.298736,39.963358
H02261,21,6477.3,121.2,3.305,0,南,116.316755,40.004669
H02262,1,7866.1,157.4,1.064,1,北,116.492458,40.087281
H02263,21,3770.8,73.5,2.205,0,西,116.138827,39.886501
H02264,23,6855.1,136.6,0.12,0,北,116.085662,39.83339
H02265,15,4759.0,91.3,0.652,1,北,116.402004,40.003517
H02266,3,7674.0,141.4,4.991,1,南,116.472637,39.895353
H02267,11,6689.3,148.3,4.24,0,南,116.316653,39.798058
H02268,3,3352.8,57.1,1.928,0,南,116.069884,40.033515
H02269,3,7001.2,144.1,3.38,1,南,116.44044,39.957464
H02270,3,5833.4,139.7,3.269,1,南,116.490828,39.952595
H02271,14,4001.5,70.2,3.393,1,南,116.266267,39.851269
H02272,8,4570.8,110.2,4.57,0,南,116.582261,39.951499
H02273,12,6684.0,133.3,0.3,1,西南,116.050354,40.045325
H02274,11,6469.4,134.9,1.387,0,北,116.436686,39.852682
H02275,1,6737.2,131.3,0.814,1,东南,116.066206,39.721005
H02276,11,3340.6,69.8,1.44,1,东,116.240048,39.713059
H02277,20,6780.7,124.3,1.732,1,南,116.115732,40.047486
H02278,3,6712.1,133.4,2.324,1,南,116.156541,40.048212
H02279,18,6134.2,112.1,4.391,1,东,116.31246,39.874512
H02280,19,6327.8,125.4,0.705,0,东,116.431754,39.829945
H02281,2,4487.0,84.6,0.526,0,西南,116.547191,39.849153
H02282,11,6268.8,122.1,0.54,1,北,116.036287,39.9497
H02283,19,6127.0,125.3,0.548,0,西,116.323118,39.830635
H02284,10,3360.4,64.4,1.549,0,北,116.224621,39.937853
H02285,3,4529.9,100.8,2.71,1,东南,116.323294,39.914104
H02286,16,5851.6,107.6,1.177,1,南,116.571428,40.032578
H02287,8,4730.0,100.8,1.648,1,北,116.438734,39.912496
H02288,21,4678.9,99.6,1.155,1,南,116.339486,39.707276
H02289,2,6573.0,140.8,4.503,0,西,116.414064,40.024562
H02290,15,6192.3,130.5,3.607,1,南,116.443069,39.708095
H02291,22,9034.9,138.3,2.032,0,南,116.088123,40.051638
H02292,19,5957.0,123.0,1.614,1,东,116.478193,39.891491
H02293,9,8796.8,143.0,1.087,1,南,116.030423,39.846955
H02294,19,3920.9,83.5,2.495,1,南,116.451241,40.094083
H02295,21,6815.1,143.4,3.998,1,西,116.341991,39.770891
H02296,10,4096.0,75.4,0.964,1,南,116.45942,40.088658
H02297,23,6137.2,120.9,1.692,0,南,116.560638,39.987532
H02298,18,7724.1,130.0,0.729,1,东,116.324308,39.85159
H02299,1,4369.4,80.7,3.535,0,西南,116.266051,40.017079
H02300,1,5990.5,126.0,4.616,0,东,116.211234,39.728267
H02301,10,3350.9,69.9,2.082,1,西,116.482525,39.963693
H02302,10,7841.8,147.4,1.414,1,南,116.372644,39.851002
H02303,16,5887.7,116.0,4.962,1,南,116.279611,39.868137
H02304,8,4186.8,78.6,2.528,0,西南,116.139617,40.025633
H02305,20,5481.0,129.3,3.158,0,北,116.233233,39.81602
H02306,17,9339.8,153.1,3.845,1,南,116.364302,39.758131
H02307,7,4633.4,84.5,0.955,0,东,116.08963,39.835493
H02308,10,4522.8,89.1,4.106,1,东南,116.254628,39.952954
H02309,1,3808.4,87.3,1.48,1,西南,116.438399,39.778627
H02310,4,6616.8,119.2,1.041,1,南,116.337283,40.004598
H02311,14,3463.6,64.5,2.386,0,南,116.5199,39.959455
H02312,19,7239.6,129.5,4.293,0,西南,116.038515,40.075141
H02313,13,3319.6,51.2,2.508,1,西,116.076675,39.994734
H02314,14,6771.8,121.9,1.723,1,西,116.055933,39.942597
H02315,19,3860.9,65.2,2.707,1,北,116.464575,40.034723
H02316,12,3134.1,59.8,2.474,0,北,116.276178,39.827361
H02317,1,4898.0,87.7,3.229,1,东,116.548905,40.085688
H02318,13,7617.9,137.3,0.514,0,北,116.037212,39.915954
H02319,21,2585.9,45.0,4.227,1,北,116.295971,39.979608
H02320,23,4527.4,93.4,3.909,0,南,116.326069,39.772664
H02321,20,3832.3,69.4,4.005,1,南,116.537924,39.868888
H02322,15,3270.8,57.3,3.588,1,南,116.046862,40.040024
H02323,9,3678.1,76.4,1.336,0,南,116.054074,39.711446
H02324,23,8016.8,120.9,0.508,0,东南,116.033371,39.943309
H02325,14,7747.0,138.8,2.821,0,南,116.486852,39.988586
H02326,13,5930.3,124.4,2.18,0,南,116.390449,39.783366
H02327,20,7852.9,158.7,1.011,0,北,116.464487,39.887957
H02328,2,3397.8,67.6,1.991,1,西,116.454727,39.993111
H02329,24,4403.0,85.4,3.926,1,北,116.490128,39.811915
H02330,3,2938.2,62.4,4.297,0,南,116.415774,39.800077
H02331,4,3109.2,63.2,3.694,1,北,116.538158,40.068412
H02332,7,2907.7,58.9,3.337,0,南,116.329465,39.98868
H02333,20,3241.3,54.3,3.982,0,西,116.375935,39.725148
H02334,21,4309.4,82.9,1.28,0,东,116.223878,39.782335
H02335,3,3922.5,80.3,4.38,1,西,116.104521,40.086846
H02336,12,4856.2,92.0,2.504,0,西,116.496937,40.055392
H02337,17,3353.8,48.5,0.344,0,南,116.094603,39.821211
H02338,10,5009.0,109.6,0.929,0,西,116.423923,39.784345
H02339,24,7213.5,133.3,2.749,1,南,116.542411,39.92446
H02340,19,3565.3,65.6,1.467,0,北,116.365136,40.027798
H02341,6,3573.0,75.0,4.798,1,西,116.345343,40.061548
H02342,20,3844.1,64.0,3.325,1,东,116.465388,40.037825
H02343,3,7755.0,143.0,3.198,1,南,116.597739,39.900269
H02344,5,6638.9,134.7,3.616,0,南,116.375847,39.814037
H02345,17,8680.0,152.4,2.996,0,北,116.100305,40.02489
H02346,21,4646.3,101.4,0.15,0,北,116.381951,40.018488
H02347,9,8278.7,156.2,2.078,1,西,116.134654,39.701854
H02348,23,5258.2,87.2,0.896,0,南,116.388412,40.046277
H02349,13,4207.3,76.0,2.533,1,东,116.390588,39.902416
H02350,9,3119.0,57.2,2.61,1,西,116.559566,39.856373
H02351,24,5516.7,103.7,1.303,0,南,116.183737,39.731864
H02352,8,3288.8,56.7,4.427,1,南,116.334088,40.027956
H02353,4,5605.5,111.2,4.891,1,东,116.467967,40.009674
H02354,3,6501.9,131.7,4.643,1,北,116.223054,39.894754
H02355,22,6467.4,139.6,2.49,1,北,116.270056,40.08351
H02356,11,4773.2,100.0,1.767,1,东南,116.552831,39.83501
H02357,12,7840.8,145.8,3.79,1,南,116.483994,39.834734
H02358,6,2994.2,61.8,3.462,1,北,116.395214,40.04254
H02359,24,6165.2,108.0,2.26,1,南,116.143072,39.974829
H02360,5,4798.5,95.1,0.457,1,南,116.073184,39.760425
H02361,13,4114.9,78.7,0.107,0,东南,116.043753,39.930504
H02362,5,3931.9,68.4,2.442,1,南,116.260459,39.903991
H02363,3,4580.5,89.6,1.148,0,东南,116.409279,40.060489
H02364,9,3272.6,55.4,2.835,1,南,116.018401,40.059182
H02365,12,6015.4,127.2,4.352,0,东南,116.390178,39.810134
H02366,4,6319.8,136.0,1.778,0,北,116.483445,39.807443
H02367,14,3953.5,81.1,4.85,0,西南,116.238097,39.842089
H02368,18,6984.1,134.6,0.879,0,东南,116.420995,40.068958
H02369,17,4970.7,108.1,3.009,1,南,116.59053,40.048167
H02370,10,4456.7,95.9,1.709,1,南,116.457625,39.811509
H02371,13,4206.4,82.7,4.113,1,南,116.34735,40.031684
H02372,2,3343.2,71.5,0.542,1,南,116.507714,39.841585
H02373,19,5630.7,111.0,3.173,0,西,116.266832,39.837272
H02374,5,7513.0,151.4,1.62,1,南,116.369661,39.874133
H02375,5,2739.9,47.7,3.289,0,南,116.255302,39.756062
H02376,18,7549.6,142.3,2.746,1,南,116.248113,39.713014
H02377,21,8118.5,159.7,3.137,0,南,116.190941,39.855693
H02378,24,6971.6,137.7,4.642,0,南,116.347982,40.072166
H02379,9,3371.7,56.0,3.904,1,西南,116.335927,39.807662
H02380,5,5238.6,103.0,4.705,0,西南,116.29945,40.088829
H02381,6,5522.6,115.6,3.25,1,西,116.01168,39.98157
H02382,1,2705.5,50.0,2.949,0,东,116.107941,39.840548
H02383,22,4128.2,82.1,2.762,0,西南,116.380962,39.792914
H02384,11,5128.0,108.9,4.51,0,北,116.569795,39.798113
H02385,2,4134.3,93.6,2.393,1,北,116.274401,39.702414
H02386,17,3070.5,66.1,2.307,0,北,116.355337,39.8309
H02387,5,7082.8,133.8,3.221,1,南,116.161238,39.966387
H02388,11,3807.0,85.2,2.826,1,北,116.584384,40.038219
H02389,2,3963.5,95.0,4.34,0,东,116.098972,39.894729
H02390,11,8825.7,146.5,0.898,1,南,116.598127,39.9294
H02391,2,7153.2,150.8,4.4,0,南,116.27552,39.775284
H02392,19,8243.0,143.7,4.957,1,南,116.205402,40.003726
H02393,1,8930.9,150.9,0.848,1,南,116.035961,39.852817
H02394,13,4577.8,88.4,0.99,1,西,116.503054,39.865136
H02395,9,3356.9,67.5,2.31,0,南,116.214665,39.847432
H02396,8,5996.4,131.6,3.446,0,南,116.349002,39.968354
H02397,5,3142.9,62.8,1.129,0,南,116.412659,39.903405
H02398,20,3231.5,59.8,4.818,1,北,116.491574,39.922886
H02399,11,5612.7,127.2,4.907,1,南,116.406749,39.713748
H02400,13,4834.6,95.0,4.007,1,南,116.084955,39.878619
H02401,19,9378.2,156.9,4.911,1,南,116.580913,39.908859
H02402,24,7924.8,144.6,1.316,1,东南,116.278012,39.882828
H02403,8,6628.7,122.5,0.659,1,东,116.326068,39.886565
H02404,22,3052.7,53.8,1.18,0,南,116.26041,39.896131
H02405,18,7956.0,139.0,2.824,0,西,116.155437,39.972149
H02406,10,3932.5,77.0,0.941,1,西,116.532942,39.778072
H02407,12,3298.2,55.2,3.081,0,东,116.280549,39.71643
H02408,3,7435.0,140.2,2.003,1,东南,116.429056,39.810693
H02409,9,3235.5,61.8,1.046,0,北,116.453632,39.890145
H02410,21,6965.3,136.6,1.74,0,东,116.117568,39.921186
H02411,7,3505.6,77.3,4.079,0,南,116.322639,39.97331
H02412,1,5359.7,104.5,2.912,1,西,116.592587,40.007582
H02413,22,4242.4,81.1,1.664,1,西,116.301625,39.893359
H02414,11,2827.7,56.2,0.147,1,北,116.072894,39.916645
H02415,1,7824.2,147.2,2.934,0,北,116.21434,39.984817
H02416,20,2924.6,53.1,4.847,1,西南,116.191642,39.976109
H02417,4,2796.8,52.7,4.823,1,西,116.295484,39.926592
H02418,10,4264.9,106.0,4.279,0,南,116.448854,39.703128
H02419,10,3529.2,67.3,0.335,1,南,116.551547,39.904469
H02420,15,3478.0,57.4,4.074,1,西,116.162267,39.729433
H02421,16,4241.8,79.7,0.402,0,南,116.554805,40.097958
H02422,20,7997.5,152.9,3.981,1,南,116.463999,39.916048
H02423,18,5114.7,111.2,3.111,0,北,116.13367,39.835922
H02424,12,4792.9,110.7,4.881,1,北,116.156454,39.946256
H02425,22,2724.0,45.7,2.572,1,西,116.205491,39.742353
H02426,1,3811.2,72.8,4.87,1,东,116.193073,40.064998
H02427,2,4809.9,91.5,2.433,1,东,116.540606,40.08234
H02428,2,4784.4,100.4,0.565,1,北,116.393829,40.090584
H02429,19,7362.7,129.9,0.162,0,东,116.146272,39.763226
H02430,17,8300.8,148.2,3.178,0,南,116.520354,39.817004
H02431,21,3766.2,78.5,1.471,0,东,116.586563,40.087945
H02432,9,7211.2,155.9,3.259,0,西,116.443954,39.828736
H02433,9,6513.7,136.2,0.954,1,南,116.300384,40.024204
H02434,23,9338.6,155.4,4.743,1,北,116.007916,40.037951
H02435,4,7095.1,134.5,1.669,1,南,116.590149,40.093814
H02436,1,5258.3,120.3,4.767,0,南,116.357375,39.898481
H02437,22,3845.4,84.4,2.287,0,南,116.307288,39.704499
H02438,7,6455.2,129.8,0.496,0,南,116.222866,39.874997
H02439,8,3590.8,65.1,2.433,1,西,116.458996,40.062922
H02440,3,4649.6,95.7,4.48,1,东,116.115499,39.804019
H02441,13,5703.4,109.8,3.05,1,西南,116.267512,39.974964
H02442,4,3683.3,62.7,1.623,0,东,116.087858,40.030846
H02443,7,6123.5,129.7,1.319,1,西南,116.38153,39.913616
H02444,24,7030.7,132.7,4.62,0,西,116.28329,39.852667
H02445,10,6319.1,144.6,3.484,0,南,116.250527,39.738656
H02446,12,7271.0,138.3,3.007,0,南,116.298984,39.802546
H02447,11,6877.7,133.3,4.356,0,东南,116.307896,40.040295
H02448,21,3054.8,50.7,0.64,0,南,116.182759,39.801445
H02449,15,3798.2,68.8,0.656,1,东,116.513325,39.95968
H02450,10,5813.5,111.1,0.658,0,北,116.205629,40.071009
H02451,16,8197.4,143.0,0.943,0,南,116.256169,39.958849
H02452,17,4466.5,93.2,0.906,1,北,116.493471,39.717697
H02453,11,4052.1,85.1,4.535,0,南,116.211712,39.930989
H02454,2,4408.5,82.5,2.522,1,南,116.580953,39.86285
H02455,8,7314.6,140.0,1.391,1,南,116.392193,39.776347
H02456,9,3284.4,60.2,4.996,0,南,116.135116,39.850822
H02457,15,3971.0,81.9,3.03,0,南,116.377508,39.851403
H02458,16,3782.3,70.8,2.145,0,西,116.48457,40.021538
H02459,15,6930.3,130.7,3.381,0,西南,116.156479,40.080944
H02460,18,6376.7,137.3,4.529,1,南,116.291823,39.790267
H02461,5,3045.5,51.2,2.159,0,南,116.08121,39.810736
H02462,14,7469.9,137.6,4.176,0,南,116.437475,39.961228
H02463,23,3295.6,50.5,2.892,0,南,116.038092,40.027037
H02464,21,3583.0,62.8,2.656,1,南,116.456747,40.026652
H02465,9,7554.2,153.9,4.705,1,西,116.414932,39.876154
H02466,19,3256.1,54.0,1.284,0,西南,116.435713,39.760062
H02467,1,2843.1,45.2,3.805,0,南,116.519677,39.920463
H02468,3,4076.5,89.6,2.049,0,南,116.110688,39.763701
H02469,11,6602.9,132.3,0.228,0,东,116.374629,39.917664
H02470,20,4789.0,100.7,3.082,1,西南,116.1907,39.845804
H02471,6,4779.1,113.1,2.507,0,北,116.34358,39.753413
H02472,4,5641.2,116.6,4.445,1,东,116.398664,39.726811
H02473,4,7027.3,143.3,3.924,1,南,116.489062,39.883161
H02474,4,5478.3,114.5,2.975,0,北,116.133503,39.837265
H02475,14,2863.1,52.1,2.032,0,南,116.579739,39.751766
H02476,4,4221.1,88.1,2.173,0,西,116.320728,39.705663
H02477,15,4934.8,104.2,1.834,0,南,116.448364,39.90926
H02478,23,3834.9,78.2,1.148,0,西,116.222714,39.99285
H02479,22,5059.8,103.7,4.487,1,东,116.063707,39.936081
H02480,9,4703.3,107.0,0.266,0,西南,116.38286,39.826976
H02481,1,6755.6,135.8,1.134,0,西,116.00051,39.773479
H02482,13,4598.5,88.5,0.676,1,南,116.122402,39.945945
H02483,19,7014.3,115.2,1.719,1,东,116.266516,40.042186
H02484,3,8469.0,155.2,0.189,1,南,116.526778,39.734411
H02485,14,4576.9,95.0,4.422,0,东,116.039555,39.815919
H02486,13,2409.4,50.6,4.392,0,南,116.331749,39.749082
H02487,7,4443.2,94.3,1.518,1,南,116.314661,39.705904
H02488,13,4569.2,95.7,0.889,0,北,116.489175,40.098447
H02489,8,7571.6,155.9,4.774,1,北,116.347361,39.979616
H02490,24,5697.8,104.8,3.222,0,东南,116.405496,39.868207
H02491,3,4268.9,83.2,2.322,0,北,116.103081,39.85354
H02492,4,2861.5,57.2,2.894,1,东,116.371181,39.729318
H02493,23,5074.6,90.4,2.396,1,东南,116.149122,39.862365
H02494,12,8344.0,157.1,1.734,0,东,116.005166,39.832172
H02495,6,3655.8,77.4,4.288,0,南,116.484976,39.977656
H02496,17,6832.2,146.7,3.598,0,南,116.179088,39.757422
H02497,14,3198.4,48.6,0.714,0,东,116.107866,39.978001
H02498,14,4465.6,86.5,1.846,1,西南,116.347467,39.806754
H02499,2,2499.8,51.6,2.328,1,北,116.394854,39.711799
H02500,10,3875.7,66.9,3.069,1,东,116.347386,39.962319
H02501,17,2714.5,50.2,2.186,0,南,116.57782,39.740083
H02502,9,8461.6,156.6,2.519,0,东,116.347379,40.067406
H02503,6,7694.5,146.3,1.35,0,西南,116.408697,39.788029
H02504,8,6235.8,134.0,2.55,1,东,116.238336,39.784791
H02505,15,6857.2,154.9,3.683,1,北,116.5784,39.997359
H02506,21,7622.6,132.7,2.659,0,南,116.004804,39.884344
H02507,8,3052.3,47.1,0.639,1,南,116.504222,39.913295
H02508,11,3639.4,70.6,1.45,1,东,116.161588,39.816939
H02509,7,3125.3,57.1,0.215,1,北,116.312264,40.094952
H02510,5,5815.8,112.6,3.705,1,南,116.299796,39.892684
H02511,15,6768.2,133.9,1.218,1,东,116.117623,39.917544
H02512,18,9766.4,155.7,1.861,1,东,116.102591,39.86827
H02513,16,8390.8,151.9,2.438,1,西,116.58654,39.875951
H02514,10,6683.9,135.3,1.489,1,西,116.446193,39.703932
H02515,22,5890.3,118.2,1.082,1,北,116.08432,39.795505
H02516,1,6196.6,115.7,3.691,0,南,116.061894,39.897853
H02517,23,4727.9,97.7,2.49,0,南,116.325011,39.961227
H02518,1,4161.8,88.7,3.888,0,南,116.459141,40.070028
H02519,5,7816.7,141.1,2.004,0,南,116.297992,39.950036
H02520,24,4795.4,74.4,0.351,1,北,116.005682,40.072253
H02521,23,3061.2,53.8,2.123,1,南,116.379539,39.975183
H02522,16,2641.6,53.5,2.314,0,北,116.574661,39.720556
H02523,13,5680.4,105.3,3.155,1,南,116.430111,39.729514
H02524,15,3811.9,83.6,2.842,0,南,116.509126,39.843935
H02525,11,6815.5,135.7,2.861,1,东,116.181378,39.789881
H02526,11,3200.7,75.8,1.285,0,南,116.492098,39.748077
H02527,16,5877.5,116.7,3.409,0,南,116.004656,40.066174
H02528,6,6880.1,139.0,2.093,1,东南,116.32431,39.750907
H02529,10,3139.8,50.7,0.55,0,东,116.174836,39.96129
H02530,23,6610.5,113.2,0.764,1,东,116.0292,40.075033
H02531,24,4666.3,88.2,3.13,1,南,116.335243,40.049805
H02532,18,8531.6,152.3,3.154,1,南,116.282546,40.087352
H02533,23,3495.0,70.0,1.501,1,南,116.204896,39.928962
H02534,19,6404.6,126.3,1.544,0,北,116.086282,40.00799
H02535,11,7470.6,148.7,3.236,0,西南,116.382121,39.92076
H02536,12,5104.9,106.7,1.765,0,东,116.514293,39.81462
H02537,24,3360.4,56.4,0.151,1,南,116.162962,39.911602
H02538,23,4693.5,83.3,0.294,1,南,116.253628,40.038185
H02539,7,4386.3,97.9,0.877,0,西南,116.460862,40.053331
H02540,13,5006.7,119.3,3.861,1,西,116.368447,39.82635
H02541,12,4069.7,90.5,3.366,0,北,116.317897,39.994107
H02542,16,7394.2,131.6,4.912,1,南,116.04916,39.788417
H02543,3,4042.8,87.7,4.194,1,南,116.562347,40.022544
H02544,22,3080.7,60.1,0.377,0,南,116.176015,39.73971
H02545,10,3628.1,76.2,0.287,0,南,116.206255,39.920019
H02546,5,5365.2,107.6,2.808,0,南,116.158908,39.818204
H02547,21,4743.6,82.4,1.361,1,东,116.133975,40.050897
H02548,23,4131.7,79.3,2.461,1,东,116.408458,39.866536
H02549,7,3887.5,83.6,1.953,1,北,116.322324,40.012783
H02550,15,7545.6,136.8,0.975,1,东,116.567185,39.839984
H02551,3,3050.8,61.7,2.215,1,西,116.041996,39.732072
H02552,12,3261.2,45.6,2.208,1,北,116.015832,39.918049
H02553,4,4560.7,87.7,3.025,1,北,116.309638,40.095654
H02554,19,4051.3,84.2,0.29,0,西,116.188298,39.75368
H02555,2,7752.1,138.8,1.097,0,北,116.132576,39.854711
H02556,21,7966.9,143.4,4.727,0,西,116.008888,40.033144
H02557,19,4376.8,83.3,0.899,0,东,116.042296,39.810924
H02558,15,4643.8,88.5,3.587,1,南,116.476476,39.776151
H02559,14,6246.8,126.3,0.401,0,东南,116.11774,39.853036
H02560,4,3959.5,83.9,4.147,1,北,116.390185,40.085876
H02561,12,7419.4,134.6,1.467,0,南,116.231582,40.002246
H02562,14,3608.2,69.1,1.984,0,南,116.443134,39.930718
H02563,8,3739.1,54.2,0.756,1,南,116.074625,39.954032
H02564,9,8023.7,159.7,1.1,1,南,116.226245,39.86316
H02565,6,4254.0,77.4,3.62,0,南,116.480509,39.783031
H02566,7,4899.7,93.0,1.883,1,东,116.030396,39.74897
H02567,3,6317.0,128.8,4.638,1,西,116.244471,39.816404
H02568,16,4881.0,106.7,2.481,0,南,116.268125,40.00415
H02569,1,2970.5,48.0,0.163,0,南,116.048645,39.776214
H02570,19,8236.4,136.6,0.931,1,南,116.320312,39.884283
H02571,11,8755.4,154.5,1.292,0,东,116.051538,39.969843
H02572,2,7979.6,154.1,4.602,0,西,116.061941,39.942758
H02573,22,3055.7,59.7,4.784,1,南,116.587524,39.725424
H02574,12,8330.2,145.3,2.564,0,南,116.046197,39.93197
H02575,22,8143.3,156.5,1.905,0,东,116.523167,39.930995
H02576,22,7153.1,129.9,2.876,0,南,116.357689,39.995135
H02577,6,4912.2,114.0,3.68,0,西南,116.165296,39.875131
H02578,16,5035.3,92.7,0.291,1,西,116.128081,40.080911
H02579,9,6451.1,131.3,2.893,1,南,116.50733,39.743849
H02580,15,4850.2,94.3,2.809,1,西,116.308632,39.832019
H02581,10,6617.4,123.7,4.918,1,南,116.157546,40.047402
H02582,4,7494.9,152.0,4.22,1,东,116.542325,39.758973
H02583,5,5672.3,112.3,3.764,1,南,116.182851,39.824036
H02584,6,2952.4,48.4,3.043,0,南,116.097933,39.706561
H02585,24,7262.4,153.0,2.702,0,北,116.281575,39.885967
H02586,12,2927.3,56.4,4.292,0,南,116.398941,39.759202
H02587,22,6706.9,127.2,0.344,0,东,116.036073,39.792583
H02588,5,8567.0,158.9,4.894,1,南,116.586582,39.96677
H02589,8,2428.2,45.1,2.725,1,南,116.358979,39.715325
H02590,9,3452.1,54.2,1.758,0,东南,116.065609,39.900456
H02591,5,8631.8,140.4,3.148,1,南,116.029373,40.071101
H02592,10,4646.6,91.0,3.955,1,南,116.01147,39.960098
H02593,11,8255.1,146.2,1.449,1,东南,116.475275,39.991598
H02594,5,3227.0,64.3,3.863,0,北,116.311492,40.009098
H02595,4,4983.5,110.6,2.571,0,南,116.288609,39.809935
H02596,6,8474.2,135.1,0.7,1,东,116.08475,40.002536
H02597,14,7346.4,140.3,1.67,0,南,116.217501,40.009476
H02598,18,4090.1,76.9,4.207,1,西,116.013319,39.777478
H02599,2,3521.0,74.1,3.423,1,西,116.178568,39.847603
H02600,2,2599.6,48.6,3.013,1,南,116.520421,39.888126
H02601,12,9051.0,158.3,3.953,1,南,116.101931,39.913895
H02602,7,4405.1,90.3,1.165,0,北,116.19894,39.885976
H02603,5,3502.4,66.9,3.938,0,南,116.168925,39.832575
H02604,9,5258.7,114.4,1.5,1,东,116.212902,39.826781
H02605,16,6936.0,141.2,3.461,0,东南,116.29071,39.80933
H02606,3,4317.6,76.3,0.516,0,南,116.498174,40.076486
H02607,17,5335.1,101.6,2.769,0,东南,116.107042,40.000865
H02608,13,4282.5,80.6,4.065,1,东,116.024168,39.886699
H02609,18,6542.7,120.9,3.358,0,南,116.244033,39.77347
H02610,14,8126.3,155.9,0.98,0,东,116.525179,40.092358
H02611,9,4013.3,84.3,4.923,0,南,116.420927,40.023118
H02612,9,4110.5,80.7,2.983,1,东南,116.441544,39.86329
H02613,18,4684.6,82.1,1.784,1,东南,116.101989,39.906171
H02614,23,8615.7,157.7,3.213,0,南,116.553732,40.054212
H02615,13,2544.5,51.1,1.58,0,南,116.580914,39.872446
H02616,15,3799.8,72.6,1.642,1,南,116.479664,39.743165
H02617,14,6213.5,126.3,0.416,0,西,116.173871,39.923945
H02618,22,8750.5,155.1,2.848,1,南,116.014484,39.849303
H02619,7,5182.0,113.2,2.546,1,北,116.055681,39.879776
H02620,8,5950.0,126.5,3.309,1,南,116.548726,39.731503
H02621,6,7557.5,142.6,0.104,0,北,116.516716,39.830177
H02622,16,4685.1,89.8,2.37,0,南,116.490621,39.800331
H02623,12,7300.8,145.0,3.763,0,东,116.196954,39.929293
H02624,19,3327.7,55.4,3.634,1,东南,116.387341,39.82047
H02625,19,7488.9,148.1,3.961,0,西,116.085372,39.913172
H02626,3,5002.8,108.0,3.206,0,西,116.555526,39.939844
H02627,23,3329.1,65.4,3.36,0,东南,116.517422,39.993397
H02628,11,8274.1,153.4,2.215,0,北,116.064315,39.733376
H02629,5,7378.2,127.9,0.221,0,南,116.354681,40.08376
H02630,17,8655.6,158.2,3.902,1,西,116.426224,39.776371
H02631,16,6815.6,140.2,2.627,0,南,116.262963,39.723042
H02632,23,5532.7,104.8,3.815,1,东,116.532687,40.097002
H02633,11,5240.1,110.6,3.666,1,南,116.332772,39.854875
H02634,2,5658.2,120.6,2.123,0,南,116.048923,39.988182
H02635,18,5934.3,106.4,2.287,1,北,116.119672,40.096131
H02636,23,4334.1,100.5,4.773,1,东,116.244418,39.722829
H02637,11,4800.0,92.8,1.586,1,南,116.40447,39.779788
H02638,6,8261.7,154.8,2.69,0,南,116.568699,40.070041
H02639,20,5506.9,115.1,4.966,0,南,116.099312,39.72802
H02640,5,5277.1,109.4,0.47,0,南,116.262711,40.006362
H02641,1,5494.8,118.5,3.763,1,东,116.210895,39.819928
H02642,5,6524.6,114.3,1.9,1,南,116.071951,40.063316
H02643,17,8173.0,147.3,1.111,1,西南,116.057728,40.079114
H02644,24,3947.5,78.6,0.289,1,南,116.141694,39.918654
H02645,1,7690.5,135.6,2.982,1,南,116.343214,40.059258
H02646,17,3971.5,63.2,1.386,0,西,116.488667,39.9479
H02647,6,8854.4,154.4,2.345,0,北,116.269259,39.914383
H02648,12,4799.7,95.0,1.635,0,东南,116.41936,39.927242
H02649,2,5330.4,113.2,4.787,0,东,116.056341,39.939436
H02650,9,3254.1,59.9,0.234,0,北,116.139974,40.095976
H02651,9,3087.9,56.2,3.434,1,南,116.228568,39.818253
H02652,14,4642.1,97.1,0.2,0,西南,116.528911,39.88137
H02653,4,3714.9,61.7,4.712,1,南,116.021472,39.879526
H02654,3,3386.4,58.1,2.311,1,东,116.327137,39.883714
H02655,12,6310.0,126.6,1.425,0,东,116.558927,40.08348
H02656,10,4320.6,81.8,3.529,0,东,116.123595,39.968542
H02657,12,3336.1,59.8,4.891,1,南,116.192163,39.826164
H02658,11,3529.6,73.5,3.37,1,北,116.43879,39.769822
H02659,4,3226.7,66.2,4.352,1,东,116.580932,39.990361
H02660,18,3384.2,65.5,0.295,1,北,116.29773,39.803578
H02661,1,2857.8,57.3,3.111,0,北,116.599731,39.894375
H02662,14,5679.9,109.3,1.305,0,东,116.562084,40.00806
H02663,21,3583.8,82.5,4.545,0,西,116.41385,39.821448
H02664,20,4507.0,88.1,0.853,1,西,116.362304,40.000938
H02665,2,6861.4,126.3,2.883,1,南,116.32619,39.965188
H02666,9,4459.3,106.4,3.514,0,北,116.4872,39.796523
H02667,8,6538.4,122.2,1.46,0,南,116.030882,40.076879
H02668,3,8653.4,141.7,0.467,1,东,116.537273,39.837946
H02669,22,3884.8,75.3,4.764,1,南,116.249941,40.02393
H02670,12,4493.1,113.7,2.489,0,北,116.493682,39.898965
H02671,3,5170.7,117.0,0.941,0,北,116.140055,39.945377
H02672,12,5449.1,100.2,0.97,0,北,116.197741,39.934337
H02673,15,4124.2,100.5,3.751,0,南,116.231952,39.749806
H02674,23,3189.5,47.8,2.72,1,东南,116.07546,40.064998
H02675,15,6312.8,128.5,4.533,0,南,116.123528,39.746818
H02676,11,6203.0,125.6,4.383,0,北,116.151714,39.778149
H02677,3,3916.3,76.4,3.846,1,东,116.525206,39.701893
H02678,1,6250.2,126.9,4.407,0,南,116.121273,39.831369
H02679,13,6289.3,139.0,4.265,0,北,116.199507,39.755759
H02680,14,3708.8,54.9,3.192,1,东南,116.314367,39.847238
H02681,21,4422.3,95.0,0.707,0,北,116.544644,39.703289
H02682,14,3006.3,46.1,4.082,1,西,116.173129,39.939148
H02683,24,3659.6,66.3,0.894,1,南,116.086161,39.795488
H02684,15,3086.0,48.6,3.223,0,南,116.124289,40.090973
H02685,11,8600.4,147.9,4.56,0,南,116.400948,39.92689
H02686,14,4891.8,94.9,4.628,0,南,116.158893,39.970922
H02687,5,8284.0,158.4,4.737,1,东,116.005041,40.088235
H02688,6,4327.7,100.2,2.517,0,南,116.312099,39.709995
H02689,6,6173.6,137.4,4.992,1,东,116.364646,39.70265
H02690,9,3407.3,84.4,2.411,0,北,116.519008,39.744617
H02691,11,3343.1,58.1,0.457,0,北,116.237276,40.027612
H02692,5,7930.3,143.5,0.121,0,北,116.432157,40.075746
H02693,14,5970.1,111.2,4.247,1,东,116.5319,40.023937
H02694,19,6626.2,129.6,3.655,0,南,116.309994,39.808004
H02695,21,2977.5,61.7,4.103,0,南,116.468815,40.071133
H02696,8,5674.7,107.6,0.406,0,北,116.279644,39.862503
H02697,16,7953.5,137.2,1.346,0,南,116.110349,40.055952
H02698,21,4862.3,108.8,4.024,0,北,116.128722,39.901881
H02699,4,4293.0,86.7,4.454,1,北,116.155451,39.791119
H02700,15,7291.7,130.1,3.332,1,南,116.284866,39.71798
H02701,22,6874.3,133.7,3.194,0,东南,116.09814,39.784823
H02702,9,8016.7,149.5,4.986,1,北,116.31327,40.087209
H02703,1,3467.9,70.6,0.767,0,西南,116.265632,40.010657
H02704,23,4391.5,94.8,3.426,0,北,116.479041,39.718193
H02705,22,7836.3,143.4,1.434,0,东南,116.350003,40.011148
H02706,9,3905.3,86.4,4.178,1,东南,116.172588,39.734531
H02707,5,4661.1,106.5,0.592,0,西,116.562227,39.722515
H02708,14,5687.4,108.4,0.561,0,西,116.084738,39.939191
H02709,22,3438.9,49.6,2.01,0,东,116.051807,40.036045
H02710,14,5547.0,103.8,2.604,1,东,116.494808,40.078803
H02711,23,7864.5,151.1,3.985,1,北,116.319841,39.898022
H02712,5,3599.6,60.5,0.424,0,南,116.14644,40.036147
H02713,21,6299.2,118.1,0.257,0,南,116.531816,40.091498
H02714,21,3016.9,57.3,3.3,1,西,116.14942,39.835381
H02715,8,3935.0,88.0,4.495,1,北,116.041551,40.062005
H02716,20,4580.1,109.5,3.652,0,北,116.486885,39.936842
H02717,1,5480.7,107.8,1.493,1,南,116.174412,39.752824
H02718,17,6497.6,133.4,3.927,1,西,116.450514,40.062149
H02719,21,3581.6,83.4,4.588,0,南,116.535017,40.092425
H02720,20,5134.2,98.5,1.093,1,东,116.155607,40.063293
H02721,7,3627.7,63.3,3.586,1,东,116.24562,39.780909
H02722,19,4351.1,92.5,2.111,1,南,116.354762,40.005716
H02723,23,4105.1,77.9,1.964,1,西,116.337215,39.942127
H02724,19,4294.1,87.4,1.202,1,南,116.273987,39.942492
H02725,12,8193.0,156.7,3.4,0,南,116.003376,39.900742
H02726,21,4208.6,89.0,3.368,1,南,116.39068,39.793291
H02727,19,5759.7,105.3,0.356,1,南,116.449028,39.937733
H02728,15,9049.8,155.1,0.593,0,东,116.140362,39.944624
H02729,5,8135.5,154.7,1.194,0,东,116.436049,39.96883
H02730,18,3043.4,46.2,0.299,0,北,116.109555,39.907129
H02731,4,3382.9,68.9,4.404,0,西,116.435601,39.913793
H02732,20,5483.4,109.3,4.43,0,南,116.237072,39.803868
H02733,8,6595.3,145.2,4.985,0,西,116.26212,40.072621
H02734,3,7562.4,138.0,3.983,1,西,116.008622,39.78841
H02735,12,3664.4,80.2,2.09,0,北,116.429792,39.731942
H02736,1,4343.3,81.6,4.506,1,东,116.541662,39.814216
H02737,18,5243.8,106.8,4.849,1,西,116.526264,39.910156
H02738,11,4498.2,89.7,3.995,1,东,116.226864,39.853859
H02739,22,7292.0,136.5,4.167,1,南,116.262065,40.094829
H02740,1,5483.0,94.1,4.565,0,东,116.11622,39.795135
H02741,8,2783.8,64.6,1.182,0,西,116.488167,40.006989
H02742,16,3110.7,57.3,2.599,1,南,116.143013,40.092253
H02743,6,7255.4,144.4,3.977,0,北,116.099046,39.879917
H02744,16,7184.3,133.4,3.071,0,东南,116.084175,40.029133
H02745,9,2641.1,48.3,4.645,1,北,116.195135,39.863855
H02746,15,6455.8,120.5,4.197,1,东南,116.280701,39.840274
H02747,2,4716.7,105.6,2.817,0,南,116.515185,39.706057
H02748,3,6434.2,129.3,0.703,0,南,116.441979,39.73524
H02749,15,3387.8,63.5,1.964,1,南,116.166935,39.988367
H02750,1,4849.1,96.1,3.915,1,东,116.251858,39.903014
H02751,12,7698.6,135.2,0.919,0,东,116.254692,40.026837
H02752,5,3239.2,49.8,3.906,0,南,116.057385,39.950496
H02753,9,9088.4,151.9,4.263,1,南,116.237246,39.916452
H02754,17,3586.1,62.9,0.698,0,南,116.012428,39.796859
H02755,21,5224.6,99.6,1.053,0,南,116.084862,39.773934
H02756,9,2622.8,51.6,2.534,0,西,116.102158,39.81963
H02757,7,5244.7,102.0,4.12,1,西,116.139105,39.933299
H02758,17,3174.5,51.7,4.225,1,西,116.501772,39.913397
H02759,7,3012.0,66.7,5.0,0,东南,116.288971,39.992813
H02760,20,7784.5,136.9,4.285,0,东,116.39869,39.945539
H02761,23,7528.1,132.4,2.178,0,南,116.147719,40.058195
H02762,2,2864.3,60.2,4.276,0,东,116.135888,39.715858
H02763,24,7196.4,130.9,3.266,1,南,116.59759,39.869061
H02764,23,5736.2,118.0,3.252,0,东南,116.070928,39.730714
H02765,8,7635.9,143.4,1.655,0,南,116.301908,39.863734
H02766,10,2510.2,49.0,2.433,0,南,116.290302,39.778434
H02767,16,5212.1,117.4,2.878,0,南,116.149217,40.002642
H02768,7,3705.9,97.8,4.993,0,西,116.532102,39.835442
H02769,23,4998.7,90.1,4.917,0,南,116.458802,39.98207
H02770,8,5781.0,127.9,3.287,0,南,116.183395,39.713663
H02771,10,3090.4,57.7,3.377,0,西南,116.544494,39.78427
H02772,22,3081.9,50.3,0.279,0,西,116.047234,39.856343
H02773,1,6599.7,137.7,3.638,0,西,116.590837,39.844543
H02774,14,7308.6,141.5,2.096,0,西,116.526325,39.843101
H02775,10,2677.2,49.8,1.707,0,东,116.52177,39.801685
H02776,6,3687.0,75.1,4.79,0,西南,116.401191,40.041752
H02777,4,5786.5,120.3,1.18,0,西,116.269907,40.021674
H02778,10,4197.8,79.1,1.485,0,西,116.571563,39.923496
H02779,18,6173.2,118.4,1.395,0,东,116.294742,40.05602
H02780,18,4358.0,100.1,2.673,0,西,116.344963,39.778121
H02781,14,7653.5,138.7,1.546,0,南,116.159529,39.980326
H02782,11,2887.4,51.6,3.124,1,南,116.245917,39.765443
H02783,22,4882.9,99.9,3.292,1,北,116.098391,39.899526
H02784,10,3918.4,75.3,3.427,0,南,116.52748,40.068043
H02785,9,5540.0,114.6,4.723,1,北,116.254849,39.726445
H02786,12,5766.1,112.4,1.544,0,东南,116.005954,39.969104
H02787,8,5844.8,109.4,4.539,0,东,116.206061,39.904057
H02788,21,6238.3,147.2,4.786,0,南,116.239833,39.705252
H02789,8,3171.0,64.2,4.273,0,南,116.473086,40.033866
H02790,8,4968.8,109.1,3.241,0,北,116.160168,39.893842
H02791,22,4889.4,90.6,2.409,1,南,116.001543,39.862052
H02792,21,6886.3,138.1,1.137,0,北,116.257029,40.026673
H02793,8,3263.0,70.4,4.228,1,南,116.454986,39.882727
H02794,17,4739.1,93.4,0.248,0,北,116.564058,39.860011
H02795,8,3588.6,69.9,3.72,1,南,116.09509,39.824711
H02796,1,5390.8,107.3,2.76,1,西,116.024564,40.070735
H02797,10,3459.1,81.9,4.625,0,北,116.314561,39.77446
H02798,16,3433.7,62.1,1.03,0,东,116.25311,39.950845
H02799,2,6547.5,119.3,1.602,0,南,116.235699,40.081878
H02800,3,9027.1,159.9,1.236,0,北,116.246096,40.04303
H02801,21,3785.7,83.8,3.724,1,东,116.33293,39.893053
H02802,10,5805.1,116.0,1.245,1,南,116.533692,39.70199
H02803,19,3107.7,61.6,4.353,0,南,116.484821,40.019975
H02804,9,3425.6,78.8,4.188,0,南,116.597419,39.752922
H02805,11,3438.3,71.3,0.232,1,南,116.504129,39.828671
H02806,16,7180.5,115.8,3.024,1,北,116.139337,39.967609
H02807,3,4730.4,95.2,4.455,0,南,116.090613,40.052166
H02808,1,3450.1,63.3,4.694,1,东南,116.383038,39.889356
H02809,2,2863.5,58.5,1.095,1,北,116.37732,39.8758
H02810,4,4981.4,103.2,4.098,0,东,116.18452,39.848732
H02811,14,7851.0,144.8,3.545,0,西,116.063239,39.824096
H02812,16,4709.8,100.6,3.332,1,北,116.346979,39.777281
H02813,16,8872.7,144.6,3.633,1,南,116.091755,40.021199
H02814,16,3481.2,63.1,3.597,0,南,116.539811,39.952643
H02815,23,2711.2,47.7,4.527,0,西,116.545329,40.062872
H02816,13,3628.6,61.5,0.998,0,东,116.452015,39.822077
H02817,23,3289.6,51.1,2.002,1,南,116.471264,39.888977
H02818,1,6947.3,140.5,0.988,0,北,116.011804,39.892957
H02819,15,5685.4,113.5,4.113,0,南,116.220027,39.911498
H02820,10,5626.5,113.7,1.629,0,南,116.293174,40.088009
H02821,14,4691.7,88.2,3.717,1,西南,116.497023,40.059463
H02822,5,5547.4,120.2,3.097,1,南,116.204125,39.860777
H02823,6,3141.4,63.6,2.634,0,南,116.561831,39.747186
H02824,1,5292.2,107.5,2.134,1,东南,116.016346,39.760997
H02825,9,9508.9,153.5,1.672,1,南,116.18723,40.074845
H02826,15,4735.5,88.4,0.766,0,南,116.017787,40.071533
H02827,10,5210.1,111.1,3.054,1,南,116.425673,40.031942
H02828,19,4662.4,110.9,2.835,0,东,116.26974,39.983489
H02829,22,6530.1,111.3,1.616,1,东南,116.075107,39.971161
H02830,20,4413.1,103.8,3.157,1,西,116.462566,39.841862
H02831,5,3422.5,76.6,4.587,0,北,116.415639,39.901231
H02832,23,4258.2,68.6,0.785,0,南,116.340595,39.745776
H02833,11,5772.8,112.1,1.846,0,东,116.41872,39.83333
H02834,17,4754.8,89.4,1.528,0,南,116.451765,39.821956
H02835,19,4813.2,105.1,3.381,0,南,116.069185,39.933919
H02836,20,6390.3,105.1,0.986,1,东南,116.007321,39.739661
H02837,2,3662.8,77.8,1.504,0,西,116.1679,39.856008
H02838,20,7195.5,143.6,1.103,0,西,116.03405,39.712694
H02839,19,5072.9,102.6,0.652,1,西,116.180951,39.768858
H02840,11,2946.2,49.3,1.444,1,南,116.439247,40.099473
H02841,17,3933.1,69.8,0.662,0,西,116.517873,39.854413
H02842,22,5443.2,102.8,3.15,1,东南,116.056564,39.879529
H02843,23,6400.9,121.8,3.845,0,南,116.062163,40.000709
H02844,5,3042.1,51.0,1.037,1,南,116.378416,40.041703
H02845,23,2839.1,63.5,4.661,0,西,116.555378,39.827883
H02846,2,3432.9,55.5,1.524,0,南,116.402595,40.018278
H02847,8,3597.6,71.3,2.3,0,东,116.38418,39.906222
H02848,20,6715.1,131.2,4.202,0,南,116.292264,39.899809
H02849,21,5145.5,110.3,4.827,1,东,116.0831,39.751057
H02850,18,3510.2,73.9,0.859,0,北,116.11078,40.059086
H02851,7,6014.9,113.9,1.186,1,南,116.207454,40.083083
H02852,21,6084.8,117.7,3.677,0,东南,116.297362,40.003642
H02853,18,6545.8,126.6,4.66,0,东,116.251288,39.765126
H02854,21,3356.2,61.9,0.412,1,东,116.550816,39.877571
H02855,2,6648.3,131.6,1.389,1,西,116.435811,39.988566
H02856,20,6845.2,133.0,2.578,0,北,116.313034,39.975244
H02857,19,3674.2,80.0,1.039,0,东,116.419091,39.880667
H02858,3,4961.2,96.0,1.699,0,南,116.420234,39.94759
H02859,17,5939.8,110.9,4.507,1,东南,116.326803,39.902104
H02860,18,3301.1,73.5,3.712,0,西,116.410098,40.002439
H02861,9,3943.1,82.1,4.183,0,南,116.13621,39.815768
H02862,7,2759.4,49.6,4.378,0,西,116.386745,39.796202
H02863,12,2991.9,49.4,1.729,0,南,116.35859,39.810824
H02864,9,7787.1,155.5,2.094,1,南,116.405476,39.997157
H02865,4,5022.0,101.8,1.287,1,西,116.534027,40.068478
H02866,13,7546.2,145.0,0.813,1,北,116.515314,39.888838
H02867,18,7877.1,151.3,3.354,0,北,116.584224,39.741942
H02868,13,6175.1,124.1,3.336,0,北,116.410562,39.884053
H02869,1,2972.7,53.3,3.079,0,东南,116.300242,40.019722
H02870,12,8058.1,148.8,2.833,1,南,116.548053,39.731153
H02871,5,6006.7,116.8,1.82,0,南,116.104521,40.096492
H02872,20,5471.2,119.7,2.825,0,西,116.223861,39.936218
H02873,4,6258.8,135.2,3.717,1,西,116.280807,39.739023
H02874,14,3584.9,60.8,0.293,1,东,116.102479,39.74693
H02875,6,4658.4,117.0,3.021,0,北,116.13739,39.96095
H02876,2,3792.9,76.9,4.557,0,南,116.382578,40.051899
H02877,23,3648.6,61.9,1.142,1,北,116.016836,39.909328
H02878,21,5741.0,133.2,4.835,0,南,116.307273,39.750987
H02879,24,4374.8,89.9,4.299,0,西南,116.198327,39.829937
H02880,19,5140.9,113.7,3.072,0,南,116.228289,40.000928
H02881,16,2703.6,45.7,1.717,0,东,116.352343,39.805646
H02882,5,4920.9,114.0,3.701,0,北,116.229654,39.928279
H02883,6,2825.4,50.5,1.986,0,南,116.158867,39.987133
H02884,14,3921.5,75.6,1.105,1,东南,116.556998,39.801421
H02885,14,4022.4,65.8,2.089,1,东南,116.286972,40.092743
H02886,1,5999.8,111.0,0.724,0,东南,116.33476,40.02276
H02887,13,6982.4,141.1,0.592,0,南,116.171004,39.763324
H02888,13,3048.7,55.0,1.1,0,西,116.401558,40.03933
H02889,8,3090.3,58.1,4.699,1,南,116.354445,40.089666
H02890,3,3356.2,66.8,1.959,0,东南,116.284325,39.738564
H02891,20,6366.7,133.4,4.605,1,南,116.570731,39.725891
H02892,4,5900.6,116.4,1.511,0,南,116.027282,40.006326
H02893,16,3970.5,82.1,4.119,1,东,116.238253,39.966886
H02894,16,7907.4,149.9,2.379,1,东南,116.164286,39.954244
H02895,3,5245.7,120.5,3.296,1,东南,116.142828,39.769851
H02896,4,5176.5,100.3,0.144,1,东南,116.137404,39.92795
H02897,12,4545.3,100.1,1.507,1,北,116.351518,39.712334
H02898,7,4751.5,94.5,1.265,0,东,116.182193,39.928389
H02899,11,9547.5,156.2,4.936,0,南,116.015359,40.022165
H02900,14,6199.5,130.9,1.158,0,北,116.196559,39.771107
H02901,19,6834.6,139.7,2.775,1,西,116.389069,39.793063
H02902,9,8426.1,143.9,4.144,1,南,116.058011,40.070473
H02903,16,3286.4,58.9,1.916,0,南,116.234607,40.089669
H02904,10,3845.7,77.0,4.244,0,南,116.111598,39.712787
H02905,17,4376.5,71.2,3.231,1,东,116.257253,39.951365
H02906,3,8638.3,145.6,0.589,1,南,116.093369,39.952548
H02907,22,5149.7,89.7,0.39,1,南,116.138303,39.845732
H02908,24,9853.2,158.4,0.691,1,北,116.442228,39.756179
H02909,17,8699.3,153.3,1.954,0,西,116.417956,40.06916
H02910,17,3247.1,67.8,4.63,1,北,116.341322,40.079804
H02911,2,2762.5,57.7,4.654,1,北,116.067364,40.06619
H02912,17,6683.6,143.0,4.274,0,南,116.565158,39.99173
H02913,22,4566.9,88.1,0.209,0,东,116.395521,39.706756
H02914,8,6875.1,144.7,1.826,0,南,116.306507,39.813824
H02915,14,7203.6,141.4,4.662,0,南,116.510213,39.8636
H02916,14,4773.9,94.1,3.023,1,西,116.436942,40.078895
H02917,1,9623.0,159.4,1.595,0,南,116.253069,39.999512
H02918,16,7961.5,141.9,1.891,1,东,116.21956,39.77626
H02919,16,5851.8,109.2,3.115,1,东,116.021033,39.736479
H02920,20,9864.5,153.7,2.67,1,东,116.380598,39.979594
H02921,24,4054.3,86.6,2.098,0,西南,116.215903,39.750124
H02922,20,3119.5,64.9,2.001,0,东南,116.580784,40.09471
H02923,19,8501.1,147.8,2.161,0,南,116.215722,40.087507
H02924,23,3394.4,53.3,1.853,0,东,116.291881,40.041483
H02925,20,4281.4,83.0,1.974,1,北,116.028043,40.063438
H02926,1,6969.4,140.1,3.413,1,南,116.571306,39.760164
H02927,24,7584.4,128.5,2.497,0,南,116.106179,40.034374
H02928,24,4300.6,75.8,0.491,0,东,116.339477,39.847945
H02929,23,7070.8,139.8,1.168,1,北,116.472195,39.953419
H02930,10,6660.6,127.9,1.902,0,南,116.584839,39.858242
H02931,16,4168.0,67.0,0.8,1,东,116.286568,39.735189
H02932,6,2604.3,46.2,4.742,0,西,116.560591,40.015663
H02933,9,2994.9,52.5,4.07,1,东南,116.201912,39.906046
H02934,14,5694.5,115.9,1.981,0,南,116.581495,39.927707
H02935,20,3651.2,72.0,2.878,1,东,116.536343,39.927183
H02936,8,3576.0,70.9,2.126,1,南,116.579032,40.092065
H02937,13,4599.2,98.9,3.385,0,北,116.00315,39.799246
H02938,4,6113.2,131.4,0.14,0,北,116.333706,39.905884
H02939,8,7828.5,139.6,2.225,0,东,116.080169,40.050973
H02940,3,3762.0,67.6,4.817,0,南,116.013855,40.066142
H02941,2,4317.6,77.5,0.246,0,南,116.072338,40.006862
H02942,16,2943.8,46.3,1.39,0,北,116.537165,39.821548
H02943,13,8237.0,154.2,0.856,0,南,116.115531,39.924496
H02944,5,8834.0,159.8,1.063,1,东,116.345896,39.929517
H02945,11,8204.6,142.5,3.863,1,南,116.226346,39.874933
H02946,13,3464.6,54.6,1.236,1,东,116.350225,39.871602
H02947,8,3234.3,55.6,2.053,1,南,116.248629,39.713262
H02948,7,2814.2,53.4,4.563,0,东,116.053331,39.908783
H02949,3,5959.6,126.0,2.318,0,东,116.058728,39.713676
H02950,6,2910.8,56.6,0.662,0,西,116.532439,39.973892
H02951,19,8537.7,150.5,4.769,1,南,116.30233,39.954708
H02952,18,5720.3,118.6,4.857,1,北,116.067859,39.84327
H02953,12,5955.1,125.4,3.811,0,南,116.445346,40.086146
H02954,18,8645.3,156.8,2.404,0,北,116.375357,39.975174
H02955,18,4279.7,89.9,0.249,1,北,116.55511,39.882449
H02956,14,7502.6,136.9,0.548,1,南,116.430093,39.820953
H02957,15,4002.9,86.7,1.892,0,北,116.15909,40.006375
H02958,22,5609.3,104.3,0.842,1,南,116.155541,39.925461
H02959,10,3972.2,73.1,3.179,0,东,116.39765,40.01293
H02960,5,3172.5,59.4,2.803,0,西南,116.159626,39.873783
H02961,19,6071.8,117.8,3.869,1,南,116.411707,40.004896
H02962,10,3871.6,80.4,1.141,1,南,116.151013,39.92458
H02963,15,4951.8,100.2,4.627,1,南,116.154736,39.891065
H02964,7,4759.8,91.9,4.468,0,东,116.068443,39.821574
H02965,22,4552.9,75.6,4.483,0,南,116.092378,39.996643
H02966,11,6307.6,132.2,2.572,0,西,116.065166,39.866953
H02967,5,6611.0,128.5,4.374,1,西南,116.073613,39.829011
H02968,19,8634.8,140.7,2.345,1,南,116.029038,39.952647
H02969,1,8303.9,147.7,4.875,1,南,116.141149,40.009306
H02970,24,3293.4,55.4,0.894,0,南,116.048524,39.734835
H02971,24,9512.3,157.7,0.27,1,南,116.589166,40.090559
H02972,21,3078.2,75.8,4.51,0,北,116.084012,39.843129
H02973,6,6964.3,138.3,3.435,1,南,116.294638,39.780264
H02974,5,7977.7,150.0,2.507,0,南,116.036772,39.985463
H02975,1,3362.4,59.7,2.417,0,南,116.074345,39.935319
H02976,5,6590.9,124.5,3.179,0,南,116.131325,39.840921
H02977,1,8788.9,149.0,2.415,1,东,116.312523,39.958354
H02978,15,5935.3,101.3,4.253,1,东南,116.176955,40.012563
H02979,8,6758.3,124.3,2.794,1,南,116.073643,40.067265
H02980,5,3770.1,88.7,3.401,0,东,116.015758,40.010477
H02981,24,3824.8,58.3,1.174,1,东南,116.031873,40.026732
H02982,14,3428.2,72.0,3.56,0,东,116.355653,39.971527
H02983,4,2566.9,58.8,4.503,0,西,116.412211,39.816453
H02984,10,7721.0,138.2,2.474,1,西南,116.176659,39.73339
H02985,6,3139.2,58.8,4.699,0,南,116.457997,40.012602
H02986,10,9189.1,147.5,1.567,1,南,116.100214,39.799474
H02987,8,4903.9,101.2,0.368,1,南,116.513458,40.030817
H02988,3,5478.1,95.9,1.922,1,南,116.530769,39.853796
H02989,23,4869.1,97.4,2.179,1,东,116.536611,39.927184
H02990,2,8156.9,152.0,2.568,0,南,116.0429,39.804191
H02991,21,3515.2,57.5,3.346,0,南,116.133165,39.772943
H02992,21,3185.9,69.8,3.033,0,北,116.266907,39.886986
H02993,16,5613.9,114.9,4.323,0,南,116.543714,39.703679
H02994,15,7351.7,150.5,1.015,1,西,116.425616,39.77689
H02995,8,2837.5,49.6,4.031,1,南,116.504683,39.768829
H02996,14,6985.3,133.3,3.792,1,南,116.009082,39.786186
H02997,8,5372.9,110.7,3.032,1,南,116.155743,39.813181
H02998,12,5763.8,107.5,0.998,1,东,116.181397,40.036785
H02999,18,5228.3,115.0,1.885,0,南,116.183835,39.79649
H03000,4,5682.7,117.6,3.428,1,西,116.597112,40.019114
H03001,3,3721.2,66.6,2.042,1,南,116.277415,40.069592
H03002,9,4955.4,122.8,1.629,0,东,116.491109,39.847313
H03003,5,6543.6,134.4,2.806,1,西,116.170796,39.991627
H03004,10,7727.1,157.8,4.255,1,北,116.306149,39.823085
H03005,13,2863.8,57.6,3.338,0,西,116.378265,39.740378
H03006,17,2927.8,56.0,4.079,1,北,116.268101,39.980229
H03007,21,9454.5,151.5,0.92,1,南,116.069503,39.818193
H03008,11,3484.2,58.4,4.683,0,东南,116.570462,40.094536
H03009,5,3770.3,66.4,0.207,1,北,116.45373,40.01452
H03010,1,8470.8,153.7,4.477,0,东南,116.209098,40.016421
H03011,12,2819.8,60.2,4.227,0,西,116.430663,39.787552
H03012,13,2971.1,51.5,0.426,0,南,116.325926,39.987256
H03013,7,3477.3,63.2,0.987,0,南,116.486504,40.079702
H03014,19,10461.0,154.4,1.869,1,南,116.129507,39.88215
H03015,20,4507.2,102.0,2.947,1,东,116.513232,39.97216
H03016,7,4059.6,75.8,0.524,0,西,116.107268,40.023952
H03017,15,7072.3,132.0,0.715,0,南,116.142024,39.805614
H03018,11,5444.0,96.4,0.667,1,南,116.523549,39.946743
H03019,21,6486.1,122.1,0.289,1,北,116.097377,39.954458
H03020,23,3116.7,62.6,3.819,1,西,116.530973,39.865945
H03021,1,2980.3,45.3,3.716,0,南,116.421647,39.999412
H03022,18,5201.4,92.3,1.689,1,东,116.051514,39.955786
H03023,5,5996.4,103.8,0.763,0,南,116.259473,40.098197
H03024,12,6232.6,135.1,0.443,0,南,116.357813,39.753613
H03025,6,5469.2,104.4,3.455,1,东南,116.521638,40.042323
H03026,21,5143.8,105.0,4.526,1,南,116.313075,39.907211
H03027,11,3997.5,77.4,2.544,0,东南,116.015089,39.748052
H03028,9,4601.2,93.6,2.015,0,东南,116.288459,40.021795
H03029,8,4776.3,104.9,3.247,1,西,116.195646,39.848216
H03030,6,4069.8,69.8,1.205,0,南,116.062741,39.967462
H03031,11,3454.2,76.1,4.404,0,南,116.413983,40.092027
H03032,12,6708.0,142.5,1.09,0,南,116.306785,39.885319
H03033,15,5448.1,102.6,1.243,1,西,116.055217,39.85234
H03034,17,6906.9,136.3,0.102,0,南,116.011234,39.73877
H03035,21,4676.4,97.0,1.132,0,东南,116.530131,39.904647
H03036,19,7661.8,146.0,0.122,0,南,116.207642,39.767334
H03037,21,3514.9,76.6,0.882,0,南,116.576227,39.750057
H03038,17,7652.2,138.6,1.764,1,北,116.565931,40.096384
H03039,5,5164.5,105.7,3.274,1,西南,116.300731,40.06004
H03040,12,3287.3,65.4,2.918,1,南,116.362523,39.832132
H03041,24,4030.4,75.0,1.636,0,西,116.097242,39.775841
H03042,11,3693.5,70.0,0.518,1,南,116.523351,40.04918
H03043,8,6780.2,130.4,3.197,1,东,116.038745,40.013116
H03044,2,9078.8,152.6,2.702,1,西南,116.039718,39.827622
H03045,3,3632.2,67.2,3.8,1,东,116.038481,39.996753
H03046,15,4601.1,90.3,0.507,1,南,116.309565,39.848775
H03047,19,6273.2,124.3,1.425,0,南,116.389197,39.862878
H03048,24,8280.6,133.6,0.292,1,南,116.044263,40.074849
H03049,20,6110.0,133.4,1.029,0,南,116.432714,39.712237
H03050,10,3050.3,56.4,3.633,1,东,116.400748,39.722268
H03051,18,5976.4,121.8,0.44,0,东,116.576161,39.740204
H03052,4,4241.9,71.3,0.153,0,南,116.571583,40.018955
H03053,6,3545.0,68.7,0.303,0,东,116.14401,39.995299
H03054,13,2927.7,60.2,4.84,0,北,116.228269,40.019808
H03055,11,3009.7,51.6,2.997,0,东南,116.229913,39.717959
H03056,6,6130.8,138.9,2.188,1,东,116.377079,40.043651
H03057,7,7647.5,140.4,2.471,0,南,116.107767,39.833322
H03058,13,3771.6,79.6,4.218,0,西,116.119527,40.007652
H03059,21,5155.0,99.2,0.249,0,南,116.082311,40.07689
H03060,18,6065.5,129.8,3.438,0,南,116.275694,39.913875
H03061,6,4335.8,88.1,4.925,1,南,116.223423,40.099098
H03062,10,7872.3,133.7,1.066,1,东,116.219817,39.770806
H03063,6,3854.1,75.6,1.775,0,东,116.084548,39.798824
H03064,14,5395.5,106.3,0.86,1,东,116.123127,39.846682
H03065,10,3378.7,55.0,4.406,1,东,116.234801,39.793154
H03066,1,3699.4,60.5,4.631,1,东,116.033047,40.058176
H03067,4,4599.1,82.0,1.12,1,南,116.084453,39.886369
H03068,22,3780.2,69.7,1.68,0,东南,116.248627,39.977204
H03069,7,6720.0,123.6,1.643,1,东南,116.013375,39.869058
H03070,22,3949.6,67.7,1.254,1,南,116.08651,40.095736
H03071,6,7836.4,147.1,4.616,1,南,116.353755,39.916516
H03072,19,3403.5,72.2,4.188,1,南,116.300589,39.730259
H03073,7,3984.4,84.7,3.121,1,南,116.248974,39.840351
H03074,2,6832.8,135.2,2.793,1,西,116.394383,39.851032
H03075,3,4510.9,101.1,1.203,0,南,116.452764,39.978084
H03076,15,5324.5,101.9,1.552,0,东,116.275475,39.969527
H03077,1,2627.1,50.4,4.543,1,南,116.162716,39.921689
H03078,23,5169.8,99.1,3.819,1,南,116.316089,40.079459
H03079,13,4533.0,86.9,0.19,1,南,116.351948,39.922583
H03080,5,6478.6,124.8,4.04,0,东南,116.309437,39.709748
H03081,15,8328.3,146.6,3.705,1,东,116.433128,39.854706
H03082,19,9640.5,153.8,4.041,1,南,116.59851,40.067033
H03083,19,3351.7,73.8,4.444,0,南,116.517498,39.857405
H03084,6,8724.6,138.0,0.991,0,南,116.491522,40.008534
H03085,2,7065.7,131.2,2.161,1,南,116.498379,39.743477
H03086,8,4273.4,71.7,1.002,0,东,116.187539,39.993579
H03087,10,4343.1,90.5,2.192,0,南,116.277842,39.912552
H03088,21,3934.9,72.8,3.365,1,南,116.231315,40.080765
H03089,8,3244.0,72.3,1.561,0,南,116.256884,40.08211
H03090,6,3096.5,67.3,4.334,0,北,116.218007,39.898595
H03091,23,7891.3,127.3,2.427,0,南,116.284865,40.045349
H03092,2,6043.9,109.5,4.841,0,东,116.362863,39.96759
H03093,11,2888.1,60.0,3.781,0,北,116.588809,39.854955
H03094,21,4648.7,78.7,1.237,1,南,116.123184,40.010345
H03095,10,4873.4,103.0,3.04,0,南,116.052073,39.899196
H03096,23,8226.8,151.3,1.556,1,北,116.227974,39.879127
H03097,24,5768.7,113.0,0.309,1,南,116.334365,39.946415
H03098,21,8784.1,153.0,0.916,0,东,116.061732,39.783652
H03099,19,4519.3,78.2,1.822,1,南,116.016612,39.744509
H03100,15,4385.5,84.5,0.928,0,北,116.146676,39.912162
H03101,5,3649.2,74.1,3.393,0,南,116.574516,39.844363
H03102,1,5049.3,100.0,3.814,0,东南,116.373612,39.876358
H03103,13,3636.3,73.0,1.348,1,东南,116.548816,39.780267
H03104,21,4639.1,97.9,3.915,0,西南,116.382251,39.814083
H03105,10,8540.5,143.9,3.374,1,东南,116.596134,39.829055
H03106,3,8280.1,137.7,2.364,1,南,116.052112,39.858378
H03107,8,6679.9,153.4,4.564,0,北,116.475952,39.831538
H03108,19,3963.8,75.8,3.299,0,南,116.144713,39.743017
H03109,4,6524.6,120.3,1.103,1,南,116.169803,39.731681
H03110,10,5663.5,109.7,4.146,0,东,116.194628,39.959398
H03111,3,4454.2,82.6,2.536,1,北,116.481923,39.874011
H03112,10,8615.3,153.1,1.882,1,东南,116.202584,39.996176
H03113,21,8939.0,150.1,2.362,1,南,116.148243,39.875996
H03114,13,4122.8,88.3,4.804,0,东,116.477175,39.817761
H03115,1,4782.0,108.4,1.146,0,北,116.45243,40.001807
H03116,8,4972.4,111.5,4.104,0,南,116.258974,39.718126
H03117,3,4226.1,91.1,0.15,1,北,116.455652,39.848221
H03118,12,8786.2,154.1,4.423,1,南,116.465998,39.875932
H03119,1,8895.1,156.2,4.049,1,东,116.310234,39.784238
H03120,12,3515.6,61.8,2.354,0,东南,116.301261,39.929284
H03121,5,9822.4,158.3,2.437,1,北,116.273067,40.081631
H03122,19,6746.2,122.8,1.671,0,南,116.061907,40.055017
H03123,18,2517.2,45.2,4.294,1,南,116.5673,39.810475
H03124,9,5280.6,117.7,2.814,1,北,116.425346,39.731393
H03125,9,3612.5,69.0,0.205,1,南,116.240835,40.072794
H03126,23,4615.3,89.0,3.421,1,北,116.179853,40.063789
H03127,2,3978.3,85.8,3.531,0,西,116.181732,39.967083
H03128,18,3080.5,46.8,3.831,1,南,116.579418,40.097653
H03129,4,3528.1,74.6,4.817,1,南,116.51487,39.727984
H03130,15,7963.9,146.1,4.423,0,西,116.286609,39.838848
H03131,5,8724.6,155.9,1.779,1,北,116.05852,39.894925
H03132,7,3613.5,64.0,3.253,0,西,116.041804,39.842542
H03133,23,6124.7,119.9,3.344,0,南,116.109813,40.011168
H03134,12,3686.2,78.7,1.222,0,北,116.20991,40.05886
H03135,17,4154.4,97.7,0.867,0,西,116.567656,40.062523
H03136,17,4194.3,84.9,2.453,0,东,116.102139,39.729656
H03137,9,3198.2,45.0,2.877,1,南,116.483209,39.809613
H03138,14,4638.2,84.5,3.518,1,东,116.219314,39.796837
H03139,24,5802.3,116.5,2.18,1,东,116.118696,39.745399
H03140,6,5502.0,110.6,0.214,1,西,116.445533,39.871602
H03141,5,7770.5,152.3,1.578,0,南,116.531464,39.973415
H03142,3,3897.1,82.6,0.847,0,东南,116.471188,39.924998
H03143,24,9491.9,153.1,0.468,1,东南,116.285755,39.838
H03144,18,6952.4,142.3,2.906,0,北,116.542436,39.953646
H03145,20,3969.0,82.7,2.931,0,南,116.446984,39.816453
H03146,4,8855.5,149.4,0.342,1,东,116.131657,39.954361
H03147,14,3038.1,49.0,4.02,1,南,116.149656,39.859791
H03148,11,3197.8,66.0,0.608,1,北,116.155165,40.066903
H03149,14,6026.6,118.8,2.966,0,南,116.531462,39.844047
H03150,6,9165.4,158.6,2.552,0,西,116.042751,39.940471
H03151,9,5113.2,107.9,3.095,0,西南,116.360287,39.791945
H03152,1,7943.6,151.3,0.57,1,南,116.575171,40.052697
H03153,2,5702.7,101.9,0.148,0,东南,116.532243,39.823178
H03154,24,5171.5,93.3,4.632,0,西南,116.27235,40.058416
H03155,11,3977.2,95.1,3.93,1,南,116.190102,39.959091
H03156,13,5222.0,102.1,1.156,1,北,116.480478,39.971241
H03157,21,10704.8,156.0,0.321,1,南,116.49968,40.070007
H03158,18,4884.5,109.9,2.483,1,北,116.580833,39.712319
H03159,5,2857.1,49.5,3.956,0,南,116.012336,40.093972
H03160,12,5835.0,126.2,2.214,0,南,116.166489,39.840704
H03161,7,4256.9,87.7,4.07,1,东,116.272048,40.023014
H03162,17,6546.5,139.3,3.813,0,南,116.483151,39.986727
H03163,6,4722.7,87.3,0.461,0,南,116.296139,40.065388
H03164,24,5763.4,123.3,3.565,1,东,116.53362,39.748354
H03165,11,3725.4,53.3,4.214,1,西南,116.017929,40.092548
H03166,12,4086.3,82.4,3.54,0,西南,116.289993,39.869183
H03167,11,3769.7,69.5,2.305,1,南,116.549679,39.950268
H03168,23,3924.5,84.2,0.6,0,北,116.240667,39.93913
H03169,11,6607.0,134.7,2.426,1,东南,116.397093,39.883597
H03170,7,6666.4,141.8,3.565,0,南,116.282834,39.773601
H03171,2,5417.9,118.5,0.607,1,东,116.552709,39.701118
H03172,18,6459.2,130.2,0.36,1,东,116.547882,39.762024
H03173,7,4682.2,104.8,4.927,1,南,116.218547,39.93779
H03174,1,8793.5,156.2,2.252,1,南,116.498973,40.091229
H03175,3,5909.5,112.2,2.662,0,东,116.048755,40.093755
H03176,17,3715.2,72.6,2.306,0,南,116.53614,39.765883
H03177,13,6518.2,136.3,4.015,0,东南,116.454326,39.736768
H03178,22,5048.3,105.4,0.966,0,东,116.257128,39.993969
H03179,8,3589.1,76.0,1.235,1,北,116.325903,39.713277
H03180,22,3138.0,79.5,4.353,0,西,116.417491,39.704452
H03181,3,3459.5,59.9,0.353,0,南,116.317253,39.845447
H03182,18,5002.2,115.2,3.461,0,西南,116.314278,40.085287
H03183,21,5536.3,117.7,0.315,1,南,116.480564,39.710161
H03184,12,5731.6,123.4,2.506,1,南,116.106267,39.707616
H03185,19,8040.1,142.8,3.52,0,西南,116.300609,39.989506
H03186,17,5846.6,113.4,3.168,0,南,116.142433,39.844655
H03187,24,3010.1,52.1,4.479,1,南,116.33736,39.933049
H03188,13,5610.2,111.2,2.219,1,南,116.390731,39.708666
H03189,5,4359.9,106.0,4.761,0,西南,116.511717,39.81766
H03190,5,4230.9,90.1,3.144,0,西,116.180051,39.931209
H03191,16,8318.7,150.3,0.835,0,南,116.14404,39.870516
H03192,4,5035.0,94.9,3.854,1,东南,116.125723,39.828096
H03193,24,4912.0,108.6,4.26,1,南,116.079273,39.792674
H03194,17,7522.8,125.2,1.664,1,东南,116.037863,39.72209
H03195,17,3950.6,78.4,2.406,1,北,116.442982,39.873888
H03196,7,6048.2,127.7,2.96,0,西南,116.558354,39.977749
H03197,14,4962.8,92.0,2.688,1,东,116.301878,39.791061
H03198,15,5681.6,105.5,3.186,1,东南,116.426462,39.915892
H03199,12,7303.7,141.3,2.083,0,北,116.166337,39.734826
H03200,7,4503.5,74.8,0.154,1,东,116.562096,39.930747
H03201,15,3081.0,52.5,1.621,1,东南,116.042624,39.729406
H03202,20,4888.0,91.4,3.394,1,东,116.225155,40.006587
H03203,19,6570.3,131.1,0.392,0,南,116.195974,40.022224
H03204,18,5147.4,107.2,1.708,0,南,116.083634,39.949932
H03205,20,2500.1,46.0,3.678,1,北,116.41575,39.907067
H03206,18,7640.4,145.3,0.306,1,南,116.329887,39.717245
H03207,8,2737.2,48.8,0.639,0,南,116.563432,40.03882
H03208,10,3002.1,48.4,1.005,0,东南,116.238433,40.047052
H03209,14,5862.6,120.1,4.238,0,南,116.563123,39.773235
H03210,4,2983.9,51.1,4.599,1,西,116.439447,39.859928
H03211,24,5892.5,117.3,4.402,1,南,116.593822,40.085882
H03212,2,4257.2,81.9,3.68,1,南,116.587329,39.751999
H03213,8,3678.3,57.4,1.296,0,东,116.397613,39.818584
H03214,22,8119.4,147.2,3.03,0,东南,116.131781,40.056031
H03215,21,6663.1,125.2,3.316,0,南,116.095841,39.703193
H03216,14,8754.7,156.2,3.442,0,北,116.579676,39.878787
H03217,12,4754.9,90.1,3.966,1,西南,116.52163,40.073261
H03218,15,3732.5,69.6,1.072,0,北,116.516129,39.957786
H03219,5,3514.0,64.2,4.77,0,南,116.370189,39.734196
H03220,10,8277.7,157.7,0.664,1,东南,116.146388,39.754334
H03221,9,4470.2,89.5,2.546,1,南,116.423491,39.85891
H03222,17,3268.6,67.3,0.359,0,东南,116.553847,39.876857
H03223,13,8154.3,153.7,2.78,1,南,116.383137,39.885075
H03224,16,4893.6,103.0,2.787,0,南,116.281576,39.897821
H03225,19,4282.0,81.5,1.07,1,北,116.230417,39.989376
H03226,22,4078.3,80.6,2.895,0,西,116.213863,39.822331
H03227,6,4066.6,80.8,1.681,0,西,116.175543,39.887302
H03228,12,3647.5,65.3,2.534,0,东南,116.518255,39.82809
H03229,1,9577.8,158.5,2.029,1,西,116.430719,40.09505
H03230,11,3581.9,67.0,3.365,0,南,116.259876,39.838017
H03231,11,3280.1,59.9,4.95,1,西南,116.286342,39.916111
H03232,21,6491.0,119.1,0.32,1,东,116.061884,39.771832
H03233,15,7329.3,134.2,0.737,1,南,116.118275,39.763317
H03234,5,7415.2,130.9,1.308,1,南,116.455187,39.835844
H03235,3,9232.4,157.8,1.568,0,南,116.331643,39.953707
H03236,2,3166.5,50.7,4.463,1,北,116.078848,40.076479
H03237,23,7305.2,141.8,1.171,0,南,116.21377,39.752757
H03238,16,3811.6,84.9,0.969,0,北,116.581703,39.753956
H03239,12,4939.9,95.7,4.399,0,东南,116.418406,39.944484
H03240,18,3616.2,69.1,2.67,1,南,116.176355,40.0175
H03241,9,2728.9,51.4,0.118,0,北,116.44618,39.83401
H03242,6,3883.2,76.2,3.568,0,东南,116.48813,39.86365
H03243,22,6559.8,115.7,4.522,1,北,116.169722,40.069285
H03244,22,6789.1,120.2,0.915,1,东南,116.354163,39.94863
H03245,4,7036.9,137.7,4.803,1,西南,116.422161,40.066065
H03246,2,4836.3,92.4,1.72,1,东南,116.283728,39.843069
H03247,21,7525.2,125.2,0.874,0,南,116.47485,39.942629
H03248,18,7202.4,150.2,0.952,0,南,116.417524,39.945798
H03249,2,5077.2,106.9,1.615,0,东,116.069642,40.015203
H03250,6,8134.7,152.7,4.265,1,南,116.378658,39.778589
H03251,20,4209.0,65.8,1.106,0,南,116.258571,40.06717
H03252,12,3103.5,56.1,1.673,1,东南,116.501369,39.895925
H03253,24,3306.7,60.2,4.971,1,东南,116.055193,39.757338
H03254,19,2986.0,66.6,2.15,0,北,116.139189,39.735919
H03255,24,4842.0,74.9,2.799,0,东,116.007174,39.818656
H03256,19,8076.0,155.8,2.415,0,北,116.082437,39.847202
H03257,21,4057.3,71.9,1.417,1,东南,116.342218,39.94096
H03258,23,4611.8,84.8,1.741,1,北,116.58217,39.793897
H03259,7,3753.2,94.3,4.675,1,北,116.343543,39.784419
H03260,9,4409.9,84.3,2.451,1,南,116.24506,40.02139
H03261,22,3071.3,71.5,2.302,1,南,116.491067,40.071872
H03262,23,6138.9,115.1,1.98,0,东,116.036622,39.786233
H03263,17,7184.6,144.4,0.877,0,北,116.554781,39.720169
H03264,10,4707.2,105.2,4.245,1,西,116.219938,39.866481
H03265,4,3516.3,66.8,2.722,1,东南,116.040405,39.728055
H03266,6,3355.6,64.0,4.899,1,西南,116.198652,39.890086
H03267,10,6082.1,128.3,2.538,0,东,116.193118,39.706799
H03268,13,5304.9,111.6,3.599,1,南,116.22501,39.771822
H03269,21,6544.6,134.2,0.247,1,西,116.451344,39.765812
H03270,1,7383.9,132.6,2.634,0,南,116.181464,40.013082
H03271,3,6080.2,122.2,4.372,0,东南,116.107751,40.035104
H03272,12,6936.9,119.9,0.52,0,东南,116.485467,39.992437
H03273,20,3411.4,65.1,0.902,1,北,116.237986,40.040744
H03274,7,4116.5,72.5,1.979,1,北,116.453473,39.722959
H03275,8,5892.9,126.4,4.817,0,南,116.523447,39.967577
H03276,24,5666.5,91.7,3.085,1,南,116.168775,39.994305
H03277,15,8068.0,151.4,4.897,0,东,116.43203,39.839789
H03278,18,3154.4,46.2,1.303,1,南,116.531639,39.750586
H03279,3,6157.6,126.6,1.714,0,北,116.579172,39.943711
H03280,18,4206.1,68.9,3.223,0,东,116.00442,40.037822
H03281,5,3187.9,52.4,3.407,1,北,116.189197,39.950597
H03282,19,3201.5,60.3,2.694,0,西,116.228421,40.063388
H03283,10,5284.1,106.7,1.19,0,东,116.166247,40.000109
H03284,18,2855.9,46.5,3.706,0,西南,116.235933,39.798344
H03285,20,7403.8,144.4,4.622,0,南,116.580154,40.059465
H03286,21,6609.6,134.9,3.286,1,南,116.258659,39.867773
H03287,3,2766.6,49.3,3.022,0,北,116.316939,39.899861
H03288,13,6118.7,111.7,2.509,0,南,116.096469,39.915438
H03289,7,2629.1,54.4,4.877,1,西,116.263494,39.756646
H03290,17,3156.0,53.8,0.361,1,北,116.14954,40.037946
H03291,5,7088.3,145.0,0.385,1,南,116.266867,39.826652
H03292,12,4337.2,91.9,3.599,1,南,116.563655,40.058391
H03293,7,3484.2,82.6,4.583,0,北,116.357118,39.739837
H03294,2,4409.1,84.2,4.393,1,东南,116.215639,39.859699
H03295,21,4237.6,79.7,0.929,1,南,116.592806,39.848232
H03296,22,4658.1,95.5,0.467,1,南,116.554105,39.818593
H03297,19,3856.0,65.5,0.229,1,南,116.295558,40.022927
H03298,2,8629.7,159.2,4.667,1,南,116.571465,39.839458
H03299,20,3415.7,82.5,2.12,1,北,116.522848,39.928319
H03300,10,2975.5,48.2,2.941,1,西,116.42567,39.930197
H03301,10,3836.0,89.7,4.841,0,北,116.20578,40.022304
H03302,6,4803.7,107.4,2.05,0,北,116.555983,40.092868
H03303,19,10575.2,156.8,0.276,1,东,116.318429,39.839825
H03304,14,3244.5,64.4,3.712,0,北,116.254516,40.041123
H03305,8,4857.7,106.9,2.915,1,南,116.46998,40.029802
H03306,16,4687.7,99.5,3.574,0,西,116.295987,40.076074
H03307,20,6964.4,131.8,0.293,1,北,116.514642,39.851131
H03308,5,4897.8,95.1,4.213,1,南,116.535637,39.849742
H03309,9,3251.9,74.9,4.612,0,北,116.190533,39.739737
H03310,13,6003.0,123.4,1.574,0,南,116.570953,39.840479
H03311,10,5771.4,113.6,2.694,1,北,116.237726,40.032827
H03312,11,8365.4,155.4,1.587,0,南,116.46909,39.937071
H03313,17,3392.2,64.9,4.033,0,南,116.555633,39.991358
H03314,4,8650.7,150.3,0.188,0,东南,116.550762,40.000767
H03315,24,4656.3,80.7,0.295,1,东南,116.520321,39.906957
H03316,8,3784.1,66.9,0.824,1,南,116.211786,40.041
H03317,15,5852.9,112.4,0.853,1,南,116.540932,39.706167
H03318,6,5671.9,97.1,3.627,1,南,116.166104,39.996185
H03319,6,4306.8,84.9,3.289,1,西南,116.322991,39.89416
H03320,18,5307.2,95.7,2.523,1,南,116.278003,39.73334
H03321,11,2752.9,47.1,1.286,1,南,116.429896,39.801468
H03322,21,6592.5,138.6,3.029,0,北,116.580041,40.032613
H03323,10,4489.6,84.4,4.492,1,东南,116.24109,39.884875
H03324,19,5795.3,117.3,1.329,0,南,116.139643,39.849197
H03325,19,4416.0,96.2,4.227,0,东,116.063836,39.907559
H03326,18,7456.1,152.6,3.084,0,北,116.127513,39.760464
H03327,12,8235.7,147.9,3.98,1,南,116.04758,40.012395
H03328,17,4159.2,86.1,1.927,1,西,116.287107,39.916522
H03329,7,6608.4,128.6,2.305,0,南,116.267522,39.971733
H03330,22,6324.5,121.8,1.147,1,北,116.316888,39.975861
H03331,8,7552.9,144.3,4.897,1,东,116.343131,39.959771
H03332,11,7335.7,136.7,3.236,1,南,116.179353,39.712933
H03333,20,3470.3,69.2,2.325,0,东,116.324353,40.067374
H03334,14,5897.6,128.3,4.941,1,西南,116.21086,39.879634
H03335,12,3277.3,66.9,0.262,1,北,116.106175,40.084753
H03336,9,3132.4,78.3,4.575,0,北,116.599981,39.829231
H03337,9,4133.3,86.7,1.137,1,北,116.479777,40.091565
H03338,15,3577.9,66.4,2.601,0,南,116.529409,40.007405
H03339,21,5961.1,112.3,4.726,0,南,116.013006,39.996341
H03340,10,5680.4,110.6,2.339,1,南,116.122472,39.88353
H03341,3,5371.7,120.6,3.043,1,西,116.525649,39.769248
H03342,5,9004.9,155.9,3.689,1,东南,116.364013,39.854784
H03343,11,2699.7,48.2,3.364,0,东,116.521828,40.081394
H03344,12,8158.1,146.7,3.341,1,北,116.410178,39.708982
H03345,7,6059.7,140.4,3.864,0,北,116.240441,40.050694
H03346,14,5229.5,102.2,3.666,1,西,116.193722,39.983884
H03347,6,6632.7,139.7,1.133,0,西南,116.418038,39.849315
H03348,4,3258.6,71.5,3.761,0,东,116.392775,39.734436
H03349,16,2438.0,47.1,0.788,0,西,116.331448,39.981531
H03350,14,6284.4,121.7,2.193,1,南,116.277915,39.961693
H03351,14,2892.8,51.1,0.704,0,东南,116.445394,39.748725
H03352,1,4060.0,74.4,0.363,1,东,116.440433,39.990332
H03353,20,5590.8,113.1,1.558,0,西南,116.4763,39.737521
H03354,18,5111.2,104.3,3.136,1,南,116.503812,39.784992
H03355,1,7129.4,142.3,0.332,0,西,116.524426,39.998579
H03356,22,7999.4,134.5,4.881,1,东,116.068238,39.911165
H03357,13,5810.2,132.9,4.649,0,北,116.129106,39.783303
H03358,21,4035.5,83.2,3.827,1,南,116.471145,40.097274
H03359,11,2966.0,48.0,1.106,0,南,116.461882,39.789786
H03360,15,4844.6,86.0,1.626,1,南,116.201615,39.81524
H03361,3,3307.0,70.9,4.758,0,北,116.093267,39.848761
H03362,17,7564.8,125.6,0.422,0,东南,116.254599,39.830701
H03363,18,3670.8,90.5,2.757,0,东,116.488929,39.730708
H03364,11,7180.9,125.5,0.433,1,西,116.046796,39.970958
H03365,12,3058.1,57.7,1.864,0,东,116.550582,39.836446
H03366,20,5190.3,121.6,3.964,0,南,116.363494,39.725202
H03367,21,3385.1,52.0,2.961,1,东南,116.021315,39.806848
H03368,17,9061.2,150.5,2.382,0,南,116.501057,39.924778
H03369,7,6568.6,155.4,2.779,1,北,116.560678,39.774064
H03370,4,3047.8,54.2,4.112,1,北,116.290769,40.069491
H03371,20,7924.5,155.6,2.431,0,南,116.365906,39.857803
H03372,19,3951.6,75.4,1.605,1,东,116.06154,39.776518
H03373,15,5365.6,104.2,1.454,0,南,116.178562,39.935481
H03374,13,6190.5,119.0,4.512,1,东,116.125264,40.011804
H03375,17,6386.2,134.1,4.749,1,东,116.016966,39.763402
H03376,17,8049.1,145.3,0.515,1,南,116.321775,40.086419
H03377,6,6486.6,136.0,4.898,0,南,116.099211,40.066117
H03378,6,7064.1,142.7,4.592,0,东,116.146274,39.833605
H03379,18,4615.4,96.3,4.732,0,东,116.267468,39.769113
H03380,1,3149.9,69.9,0.645,1,北,116.377637,39.906107
H03381,4,3672.8,77.6,3.692,1,南,116.159706,39.735987
H03382,10,6329.1,124.8,3.999,1,南,116.029913,39.777717
H03383,22,3193.6,54.9,3.109,0,南,116.516801,40.044595
H03384,4,4600.9,94.3,1.004,0,东,116.239921,39.800199
H03385,5,6949.7,138.0,4.636,0,西,116.578683,39.750246
H03386,23,7267.3,143.7,2.392,0,南,116.184968,39.996985
H03387,23,8224.3,157.9,0.712,1,南,116.558588,40.045729
H03388,4,6186.4,114.1,1.002,1,南,116.44169,40.046964
H03389,18,9560.0,142.0,2.23,1,东南,116.06996,40.046234
H03390,6,2854.8,52.4,1.983,0,北,116.495117,39.77581
H03391,12,7124.6,147.6,0.479,1,北,116.422114,39.858546
H03392,21,8832.1,151.2,4.069,1,东,116.011574,40.096956
H03393,18,4219.4,83.6,4.785,0,东南,116.171174,40.080848
H03394,6,3568.7,77.5,0.481,0,东,116.482743,39.976095
H03395,11,4599.5,97.3,4.619,0,东南,116.443477,40.048546
H03396,1,4117.3,101.9,4.79,1,南,116.340568,39.853836
H03397,16,3577.2,64.2,0.55,0,南,116.307616,39.822015
H03398,12,8242.9,140.8,1.162,1,西南,116.241766,39.942879
H03399,10,4174.6,91.0,4.484,1,北,116.42646,39.741831
H03400,1,7247.7,153.6,4.438,1,东,116.105913,39.829976
H03401,21,5701.1,134.5,4.444,1,北,116.264114,40.06773
H03402,8,6538.4,126.5,0.408,1,西,116.245927,39.76325
H03403,24,2572.8,45.2,2.832,0,东,116.41483,40.032135
H03404,17,2843.9,55.7,2.134,0,南,116.403469,39.735318
H03405,16,4350.1,67.7,1.62,1,西南,116.12515,39.764619
H03406,6,7470.8,149.8,4.47,0,南,116.005922,39.808622
H03407,24,5639.8,115.1,3.424,1,南,116.488126,39.914321
H03408,4,5593.0,114.3,4.759,1,西,116.146381,39.86113
H03409,21,3308.0,49.0,2.118,0,东南,116.155225,39.951215
H03410,5,3277.3,73.5,2.827,1,南,116.53618,40.057539
H03411,3,3183.5,66.6,1.535,1,西,116.473727,39.796299
H03412,23,8496.6,146.8,2.977,1,东,116.406906,40.009414
H03413,23,4469.1,90.6,3.859,0,南,116.381309,40.056879
H03414,20,8516.9,155.0,4.735,1,北,116.50114,39.765157
H03415,18,4395.9,73.2,2.455,1,东,116.152182,39.857519
H03416,15,6127.6,135.5,3.299,1,西南,116.192003,39.76145
H03417,19,6195.4,119.5,1.674,1,西,116.263856,39.987947
H03418,18,6123.4,123.7,4.556,1,东南,116.463149,39.869768
H03419,11,3710.1,86.8,1.408,0,西南,116.007828,39.72428
H03420,18,3506.6,56.1,4.74,1,南,116.056053,39.963087
H03421,15,7019.4,126.9,2.08,0,西,116.209958,40.013055
H03422,6,9405.5,157.3,1.005,0,东,116.325817,39.968457
H03423,24,4708.1,105.5,2.035,0,南,116.581556,39.926664
H03424,17,7884.9,156.2,0.31,1,北,116.527692,39.818744
H03425,3,6554.9,127.5,4.872,1,南,116.547099,39.786189
H03426,8,5559.7,123.7,1.652,0,东,116.2089,39.788392
H03427,10,4789.7,83.5,1.542,1,东,116.326775,39.876611
H03428,24,5838.0,116.7,3.023,1,南,116.333233,39.761819
H03429,21,4215.1,94.0,4.609,1,北,116.459751,40.02776
H03430,13,4134.7,95.9,4.062,1,西,116.394896,39.807936
H03431,10,2904.3,51.2,1.238,0,西,116.133194,40.00257
H03432,10,7191.9,145.6,4.036,0,东,116.538177,39.865878
H03433,2,4260.1,103.9,4.454,1,南,116.550708,39.720619
H03434,6,7157.0,138.6,0.263,1,南,116.122747,39.878685
H03435,3,3415.8,66.4,3.026,0,南,116.101629,39.702805
H03436,20,7285.3,136.3,3.66,1,南,116.419924,39.990605
H03437,8,4918.0,109.0,3.259,1,北,116.22632,40.005326
H03438,16,2821.5,53.2,3.029,0,北,116.370213,39.827232
H03439,9,5168.8,115.4,1.274,1,西南,116.450026,40.016942
H03440,2,4318.9,80.0,1.328,0,东南,116.275622,40.04585
H03441,7,4428.6,93.2,0.903,0,南,116.333074,39.737313
H03442,12,3898.4,72.0,0.406,0,东南,116.197342,40.077945
H03443,1,7144.6,143.4,3.383,0,西,116.415412,39.820447
H03444,10,2858.3,50.2,1.449,1,北,116.077569,39.720181
H03445,1,3222.8,60.9,2.644,1,东,116.557404,39.716918
H03446,8,5150.5,110.1,1.039,0,南,116.220505,39.83901
H03447,2,3892.0,71.6,1.394,0,东南,116.213597,39.99065
H03448,1,5839.2,114.3,4.468,0,南,116.340268,40.059282
H03449,14,2964.1,46.2,2.742,1,南,116.082134,39.800606
H03450,23,7180.4,133.6,2.628,1,南,116.068819,39.850016
H03451,8,3006.5,54.8,3.276,1,东南,116.247722,39.731745
H03452,8,5087.9,114.5,4.912,1,东,116.583548,39.792426
H03453,20,2904.2,56.2,4.237,0,东,116.097253,39.78422
H03454,7,2996.6,56.0,2.225,0,南,116.571037,39.948904
H03455,2,5585.8,113.5,3.495,1,东,116.590782,39.712142
H03456,3,6543.3,112.4,0.773,1,东,116.476522,40.072472
H03457,22,5259.6,101.9,0.286,0,西,116.450476,40.007166
H03458,17,3328.5,61.7,2.308,1,北,116.235997,39.852731
H03459,4,7743.5,129.6,0.195,1,东,116.381266,39.938168
H03460,22,3127.8,51.2,3.526,1,西,116.29212,39.767208
H03461,16,6803.7,138.4,4.071,0,西,116.357219,39.965817
H03462,15,5520.0,114.9,4.972,0,西南,116.275763,39.861586
H03463,6,6230.1,120.3,3.089,1,东南,116.414315,39.873121
H03464,3,7526.6,143.3,3.206,1,南,116.45733,40.086221
H03465,2,4123.3,67.8,2.161,1,东南,116.130733,39.942916
H03466,22,6695.6,114.4,3.255,1,南,116.224037,40.078994
H03467,16,5006.3,111.2,2.264,1,西,116.238748,39.807741
H03468,9,4432.6,90.0,4.891,1,南,116.49177,39.951719
H03469,3,5821.1,117.8,3.994,1,西,116.227101,39.871675
H03470,18,6848.2,138.8,3.739,0,南,116.569114,39.953099
H03471,13,5943.8,108.9,1.623,1,西,116.075037,39.82627
H03472,21,3592.9,68.1,4.892,1,西,116.205406,39.856829
H03473,15,5178.8,103.1,4.887,1,东,116.401119,39.991706
H03474,14,8897.3,135.9,0.673,0,东,116.406981,40.089464
H03475,7,3268.5,56.8,4.662,1,东,116.588736,39.883137
H03476,12,5192.1,105.3,0.288,0,西南,116.293777,39.854863
H03477,1,7712.1,150.5,3.854,0,东,116.294901,39.749462
H03478,2,5215.2,100.8,1.406,1,南,116.20965,39.752391
H03479,12,3729.4,72.0,2.205,0,南,116.545768,39.796056
H03480,7,5591.2,92.9,0.175,1,西,116.104797,39.942944
H03481,17,3669.8,73.6,3.909,0,南,116.589731,39.832586
H03482,13,4502.5,87.9,3.175,0,南,116.393508,39.998029
H03483,17,4800.9,106.2,3.983,0,西南,116.084267,39.83119
H03484,22,7438.0,138.6,4.45,1,南,116.539724,39.831071
H03485,22,10609.1,155.5,0.296,0,东,116.109597,40.041263
H03486,3,3197.2,63.8,0.904,0,南,116.328516,39.839888
H03487,23,5427.6,109.3,3.668,0,东南,116.276388,39.890666
H03488,21,4316.6,73.5,2.728,1,南,116.482537,40.073865
H03489,1,2866.6,49.2,2.092,0,东南,116.276531,39.880284
H03490,13,3627.8,76.2,2.677,0,北,116.265427,40.033143
H03491,18,4589.8,89.8,2.711,1,西,116.053936,39.720541
H03492,24,8248.3,155.2,0.146,0,西,116.053084,39.78131
H03493,23,4223.5,63.4,2.032,0,东南,116.356914,39.901447
H03494,6,4320.4,93.0,0.104,0,西,116.382428,39.953721
H03495,11,7665.4,151.0,2.649,0,南,116.34512,39.727197
H03496,13,3268.3,50.9,0.579,1,北,116.488887,39.987858
H03497,17,4160.5,83.5,2.392,1,西南,116.203945,39.846816
H03498,14,6246.9,124.4,2.647,0,南,116.120911,40.082535
H03499,10,6372.4,125.7,0.481,0,东南,116.191158,39.834799
H03500,14,3587.0,81.3,4.841,0,西,116.238274,39.798862
H03501,7,3404.4,57.5,3.284,0,南,116.050554,39.828589
H03502,13,8621.6,148.6,2.269,1,东,116.343806,39.762435
H03503,10,3711.7,82.0,4.662,0,北,116.513981,39.830645
H03504,14,3180.3,49.9,0.836,0,西,116.100399,39.763626
H03505,16,5522.0,112.2,3.78,1,东南,116.267743,39.948985
H03506,14,5164.4,116.5,1.695,1,南,116.401813,39.776967
H03507,1,4219.1,90.0,3.578,0,南,116.533766,39.782144
H03508,13,4215.3,88.6,2.608,0,南,116.489238,39.800983
H03509,15,4182.1,83.0,4.773,0,西,116.066108,40.066812
H03510,19,7356.2,116.5,3.364,1,南,116.079694,39.892286
H03511,18,3004.1,52.8,2.833,1,南,116.434099,39.770405
H03512,22,5336.3,99.9,0.292,1,西南,116.464725,40.026266
H03513,10,8123.7,155.3,3.498,1,北,116.02231,39.750039
H03514,6,6148.9,124.2,1.649,0,北,116.224398,39.937591
H03515,19,5887.2,124.0,1.624,0,南,116.557823,39.873973
H03516,7,3474.4,54.2,1.553,1,南,116.322537,40.030779
H03517,18,3858.7,74.9,4.121,1,南,116.357036,40.000191
H03518,7,7558.7,141.3,4.242,1,南,116.240623,40.084237
H03519,6,7246.9,133.0,0.395,1,西,116.266578,40.059637
H03520,1,5005.2,116.2,3.841,0,北,116.182108,39.951407
H03521,19,7020.2,139.6,0.896,0,南,116.138516,39.740588
H03522,13,3445.5,55.5,0.817,1,南,116.325542,40.069625
H03523,12,7309.6,149.5,4.278,0,东,116.328258,39.78359
H03524,14,6587.7,120.3,0.665,1,东南,116.18905,40.019025
H03525,8,4777.6,108.3,4.874,0,西,116.380797,39.701716
H03526,9,5381.7,109.7,4.172,1,南,116.286687,40.04257
H03527,6,3266.6,57.2,3.047,1,南,116.056225,39.854033
H03528,1,6789.9,118.1,0.498,1,南,116.276607,39.896083
H03529,11,6745.5,131.2,1.094,1,南,116.575928,39.772618
H03530,18,3988.1,94.7,3.925,0,南,116.568458,39.710808
H03531,18,3994.5,88.7,1.064,0,南,116.536129,39.791924
H03532,23,4360.7,83.7,3.803,0,南,116.094029,40.073049
H03533,1,5414.6,126.7,4.755,0,北,116.429658,39.939908
H03534,8,6505.8,125.1,1.018,1,南,116.069374,39.798655
H03535,18,5081.6,117.6,4.062,0,南,116.307926,39.775244
H03536,22,4011.0,78.7,2.466,0,南,116.160049,39.972807
H03537,4,9424.2,154.9,0.949,0,南,116.165279,40.026293
H03538,23,6873.6,137.5,2.147,1,北,116.54912,39.818225
H03539,17,5291.3,115.3,1.184,0,南,116.523039,39.718759
H03540,8,6344.4,133.8,1.962,0,南,116.265686,39.711748
H03541,1,3925.0,77.6,3.98,1,南,116.455413,40.019131
H03542,23,3344.2,55.0,3.448,1,西南,116.190193,39.974319
H03543,3,3125.6,48.2,0.354,1,东,116.301944,40.034983
H03544,9,4200.1,93.9,3.216,0,东,116.414835,40.020701
H03545,20,6025.3,118.8,2.592,1,北,116.433761,39.934705
H03546,3,4160.2,75.1,3.044,1,西,116.21588,39.927662
H03547,8,3289.0,59.9,0.282,0,东,116.185929,39.872343
H03548,4,3614.4,68.7,2.705,0,北,116.455665,39.962248
H03549,3,7061.5,140.8,0.918,1,西南,116.538379,39.912251
H03550,1,6405.5,131.3,4.881,1,南,116.550511,39.975958
H03551,24,5706.0,99.6,1.435,0,南,116.144947,40.051436
H03552,1,3412.2,76.7,2.401,1,北,116.577131,39.711165
H03553,13,7759.5,138.6,2.578,1,西,116.34429,39.889879
H03554,16,6492.8,121.5,1.155,0,西,116.239261,39.935372
H03555,1,6652.2,140.3,3.6,0,南,116.362431,39.90196
H03556,8,2696.5,53.3,0.771,0,北,116.460162,39.998773
H03557,6,3232.8,67.3,2.387,1,南,116.469237,40.082087
H03558,9,4081.2,80.5,0.115,0,南,116.223699,39.777245
H03559,9,6987.2,132.9,2.325,1,西南,116.358042,40.061984
H03560,23,5619.2,110.0,0.2,1,西南,116.090155,39.762298
H03561,24,8632.9,145.4,1.438,0,南,116.129143,40.033025
H03562,22,4914.9,107.0,4.892,0,南,116.344618,39.999387
H03563,1,6791.0,143.5,1.653,0,西,116.189262,40.078045
H03564,12,3640.2,76.8,0.338,1,西,116.026091,39.718626
H03565,23,8912.9,138.8,3.864,0,南,116.179775,40.009717
H03566,13,3424.4,67.0,3.489,0,北,116.395857,39.74163
H03567,18,4281.5,93.6,3.46,1,南,116.393299,39.971665
H03568,24,3755.3,68.0,3.423,0,南,116.186859,40.064409
H03569,9,5522.3,115.7,3.971,0,南,116.356181,40.063282
H03570,11,9053.6,154.2,0.922,1,东,116.579478,40.000722
H03571,22,2725.2,45.4,2.108,1,南,116.232229,39.838832
H03572,11,4620.5,94.5,1.524,1,北,116.211416,39.866755
H03573,3,5215.9,100.2,0.81,0,南,116.128758,39.888045
H03574,5,5812.7,113.5,1.799,1,西,116.030114,39.74849
H03575,5,3573.1,54.5,0.648,0,南,116.198786,39.826807
H03576,21,8254.2,148.6,0.867,1,南,116.212423,39.87167
H03577,8,4166.0,89.4,3.785,0,东南,116.242551,39.917244
H03578,7,4411.4,98.3,0.548,0,北,116.387633,40.046402
H03579,21,4432.2,82.5,4.309,1,南,116.005746,39.805288
H03580,16,6544.3,138.7,3.944,0,南,116.594797,39.733404
H03581,4,4511.5,97.7,0.85,0,东,116.508723,39.713259
H03582,10,8261.5,143.9,0.854,1,南,116.423943,40.029183
H03583,5,4997.7,121.3,1.347,1,北,116.234765,39.813309
H03584,11,3450.1,65.6,4.339,1,西,116.503232,39.838167
H03585,3,5532.8,104.1,0.445,0,北,116.544932,39.774863
H03586,7,6987.4,147.4,2.237,1,西,116.390015,39.911352
H03587,14,4250.8,82.6,4.498,0,西,116.272367,39.701953
H03588,5,3132.9,68.6,4.781,1,南,116.156824,39.726633
H03589,24,3511.6,59.1,1.198,0,南,116.386908,39.966928
H03590,18,6221.0,135.5,1.233,0,东南,116.567207,39.91291
H03591,13,3160.6,56.1,3.602,0,西,116.283249,40.021364
H03592,11,5746.2,113.7,2.42,0,西,116.440739,39.910918
H03593,5,3212.5,65.0,2.477,0,南,116.079919,39.81795
H03594,10,8154.2,140.6,1.638,1,南,116.377871,40.057618
H03595,1,5953.2,115.1,0.968,1,北,116.370652,40.060544
H03596,6,6268.4,121.4,0.429,0,东,116.321128,40.058336
H03597,10,6391.9,120.4,0.586,1,南,116.223222,39.993078
H03598,20,4202.2,76.1,2.579,0,东,116.0577,39.787856
H03599,12,6872.6,130.4,1.95,1,西南,116.292089,40.065857
H03600,6,2993.9,50.0,2.341,1,东,116.186567,40.062635
H03601,11,8342.9,144.8,0.734,1,西,116.096096,40.07448
H03602,10,5529.6,124.8,2.182,0,北,116.129088,39.709213
H03603,10,3902.6,68.2,2.0,1,南,116.278457,40.025246
H03604,7,3701.7,64.8,2.098,1,东,116.525808,39.783683
H03605,9,7820.1,153.3,1.962,0,北,116.019281,39.880575
H03606,23,8756.6,148.2,1.34,0,东南,116.209618,39.904376
H03607,9,7739.0,150.2,4.571,1,南,116.123278,39.998433
H03608,22,5929.8,109.2,0.229,0,南,116.023555,39.713182
H03609,15,4602.8,86.0,1.49,0,东,116.584333,40.040743
H03610,8,3681.7,82.3,3.679,0,南,116.51991,39.994898
H03611,22,7639.8,140.7,2.961,0,南,116.052849,39.813866
H03612,13,6353.2,133.5,4.978,1,北,116.227765,39.726428
H03613,17,3055.3,54.4,4.464,1,北,116.308414,39.86269
H03614,18,8975.6,158.7,2.551,1,东南,116.223559,39.756029
H03615,3,8428.1,154.7,2.629,1,东南,116.056879,39.813596
H03616,1,5033.7,112.4,0.611,1,南,116.257625,39.790554
H03617,1,7739.0,152.0,0.919,0,南,116.308575,39.877399
H03618,5,3382.7,68.6,3.436,0,东,116.541149,39.931285
H03619,6,3276.9,63.4,0.653,1,西南,116.254264,40.027144
H03620,20,4148.1,81.0,0.743,1,东,116.465359,39.967651
H03621,5,4782.2,108.4,3.252,0,南,116.402733,39.709189
H03622,22,4032.5,86.2,3.972,1,西南,116.424258,39.76212
H03623,12,4218.0,72.1,4.2,1,南,116.149618,40.072259
H03624,6,6568.1,142.7,2.949,0,东,116.186563,40.095149
H03625,2,4097.4,72.7,4.009,1,北,116.47848,39.990612
H03626,10,2992.4,58.3,0.599,0,东,116.166832,40.085288
H03627,9,7624.5,146.4,0.358,0,东,116.215959,39.770219
H03628,17,4832.1,95.0,0.354,1,西,116.504963,40.018387
H03629,1,3005.8,49.3,2.447,0,东,116.170333,40.004229
H03630,21,6117.4,113.3,2.689,0,西,116.380347,39.959156
H03631,17,8636.1,145.1,0.739,1,南,116.298402,40.075258
H03632,11,3981.7,79.9,2.233,1,南,116.221517,39.956676
H03633,5,5471.9,105.0,3.634,1,南,116.009762,39.939422
H03634,7,6905.7,141.4,4.402,1,东南,116.365108,39.769965
H03635,14,6158.5,120.4,3.926,1,南,116.468462,39.904782
H03636,22,9342.3,154.2,1.175,1,东,116.403079,39.962084
H03637,5,3697.8,75.1,4.258,1,西南,116.37952,39.987964
H03638,6,5403.7,117.9,4.471,0,北,116.067343,39.867322
H03639,20,3124.0,51.4,4.904,1,东南,116.131551,39.72925
H03640,9,6403.7,113.2,2.871,1,东,116.26963,39.936705
H03641,12,6550.4,122.2,2.201,1,东南,116.129539,39.763849
H03642,18,7729.5,138.6,4.245,1,西,116.228052,39.868566
H03643,15,3845.2,75.2,0.675,0,南,116.28836,39.843267
H03644,1,3810.5,59.2,0.453,1,西南,116.150035,40.032353
H03645,11,9784.6,153.6,3.532,0,东南,116.035406,39.986506
H03646,17,3020.9,49.1,2.477,0,西,116.579713,40.019291
H03647,6,8762.5,151.0,0.601,0,南,116.213485,40.027568
H03648,7,7554.4,152.3,0.812,0,东南,116.536755,39.717681
H03649,3,3329.0,56.0,0.464,1,西南,116.040885,40.000318
H03650,1,7789.0,134.8,2.723,1,西,116.039581,39.845525
H03651,11,5114.4,120.6,2.999,0,西,116.051254,39.905636
H03652,18,3728.7,61.8,4.197,1,北,116.096365,39.894486
H03653,22,6814.3,129.0,4.374,0,东南,116.086354,39.997834
H03654,22,5427.6,118.7,3.086,1,南,116.417244,39.964533
H03655,14,5094.9,95.9,1.745,1,南,116.211907,40.024296
H03656,1,3450.3,59.3,2.753,1,北,116.080127,39.837784
H03657,13,3477.9,58.2,0.41,1,南,116.398605,39.717814
H03658,14,7933.8,135.7,3.788,0,西,116.020255,40.041784
H03659,7,3985.5,76.8,2.105,0,东南,116.225499,39.901871
H03660,5,5532.9,108.6,1.698,1,南,116.561045,40.057632
H03661,12,9187.8,151.6,0.665,0,东南,116.372772,40.04878
H03662,4,4676.7,108.4,0.908,0,南,116.528206,39.783476
H03663,8,6169.0,108.9,1.891,0,东,116.286817,39.824958
H03664,7,4290.4,99.1,1.693,0,西,116.014095,40.038552
H03665,18,8494.5,151.5,0.506,0,南,116.002984,39.969525
H03666,9,3790.4,84.2,1.499,0,北,116.584423,40.016519
H03667,6,3167.6,51.5,0.681,1,南,116.067598,39.747289
H03668,13,5762.7,124.6,0.42,0,南,116.413901,39.717127
H03669,1,6615.3,131.7,1.802,0,东南,116.314266,39.738174
H03670,23,3948.2,83.4,3.632,1,南,116.486577,39.795213
H03671,14,5622.7,91.1,0.122,1,东,116.195221,40.00036
H03672,21,7422.1,141.0,0.863,0,南,116.059458,39.736365
H03673,2,4157.1,72.9,4.188,0,南,116.252173,40.010841
H03674,14,6427.2,121.4,3.564,1,东,116.379953,39.837317
H03675,4,5255.2,115.0,4.854,0,东,116.497534,39.959277
H03676,1,5168.8,100.5,0.965,0,北,116.055371,40.020666
H03677,3,9192.2,160.0,1.194,0,南,116.046513,39.918459
H03678,16,8437.5,156.7,1.741,0,北,116.571877,39.898669
H03679,10,2780.4,57.1,2.911,0,南,116.388667,39.767528
H03680,6,3239.5,59.7,2.62,0,南,116.051136,39.911046
H03681,6,4435.9,88.5,2.007,1,南,116.256708,39.806106
H03682,12,7763.4,134.2,3.41,1,南,116.568998,40.014422
H03683,17,3607.2,73.0,2.659,1,北,116.315936,40.087768
H03684,12,5491.2,108.3,2.78,0,南,116.147663,40.02718
H03685,14,8160.4,145.7,4.871,1,东南,116.187694,39.978282
H03686,13,2983.8,51.0,1.588,0,南,116.324275,40.069462
H03687,17,6297.6,115.1,1.931,1,东,116.481775,39.789611
H03688,6,5639.8,122.7,4.316,0,南,116.394846,40.012512
H03689,5,4845.3,100.5,1.149,1,北,116.335725,39.773055
H03690,1,3378.2,67.8,1.26,0,西,116.534295,39.88116
H03691,23,6274.4,108.8,1.441,1,西,116.026979,40.08771
H03692,2,4305.3,81.7,4.916,1,南,116.452086,39.96486
H03693,5,4503.0,87.6,0.228,0,东,116.026314,39.954543
H03694,3,7067.3,131.2,2.299,1,东南,116.312068,39.767657
H03695,20,9705.3,159.6,1.467,0,西,116.06699,39.814163
H03696,6,3458.7,68.2,0.143,1,南,116.591144,39.748274
H03697,22,3043.6,59.3,2.03,0,北,116.067516,39.736807
H03698,10,6402.1,121.4,2.926,1,东,116.552665,39.924471
H03699,4,5121.9,100.6,3.661,1,西南,116.193259,39.902602
H03700,5,4000.3,76.1,1.077,0,南,116.261697,40.01614
H03701,7,4717.3,81.8,2.837,1,东,116.082158,39.977829
H03702,12,7393.2,138.0,3.163,0,南,116.136785,39.834881
H03703,16,3553.4,71.2,2.845,0,南,116.450344,39.91446
H03704,12,8630.3,144.3,2.225,1,南,116.40901,39.937473
H03705,21,5720.4,133.4,4.863,1,南,116.335931,39.904562
H03706,10,6706.4,141.1,1.493,0,南,116.470617,39.962056
H03707,8,4153.5,87.9,1.723,0,南,116.512857,39.909421
H03708,9,5127.4,106.6,0.469,0,西,116.47726,39.76563
H03709,20,7669.1,146.4,2.984,1,南,116.521301,39.936727
H03710,3,2804.4,61.1,3.171,0,西,116.405074,39.731435
H03711,3,4619.2,98.7,1.664,1,南,116.520616,39.853741
H03712,18,5147.6,101.6,2.609,0,北,116.040265,40.090423
H03713,21,8857.9,156.1,1.454,1,西,116.352919,40.093135
H03714,11,3000.0,52.1,2.061,0,南,116.268286,39.787492
H03715,7,6863.0,118.2,1.301,1,东南,116.456709,40.09426
H03716,11,3187.0,72.0,2.058,1,北,116.440067,39.999229
H03717,6,4060.7,88.9,2.207,0,南,116.288634,39.953166
H03718,8,5255.1,119.9,0.58,0,南,116.430199,39.793197
H03719,15,5077.7,84.8,0.913,1,南,116.085797,39.881632
H03720,4,4143.7,68.5,0.217,1,南,116.109922,39.736897
H03721,24,3425.5,61.8,4.447,0,南,116.57207,40.086346
H03722,22,3437.4,68.4,3.057,1,南,116.325657,40.000525
H03723,11,4258.6,84.6,2.835,1,北,116.036003,40.066403
H03724,1,8128.5,155.5,0.472,0,北,116.264696,39.952866
H03725,2,6426.3,130.0,2.908,1,西,116.511722,39.805918
H03726,23,7624.3,130.0,1.694,1,南,116.398318,40.085852
H03727,5,3246.4,53.6,1.52,1,南,116.14042,39.843105
H03728,10,3641.7,70.3,1.725,0,南,116.361351,40.070411
H03729,3,2918.0,60.1,2.122,1,南,116.404447,39.782983
H03730,12,4328.2,80.9,3.275,1,南,116.532889,40.086721
H03731,22,5978.2,107.8,3.69,1,南,116.359317,40.076254
H03732,16,6717.1,117.1,1.405,1,东,116.35838,39.824363
H03733,4,3607.1,63.0,4.727,1,南,116.133022,39.918384
H03734,12,3026.9,53.0,2.965,1,南,116.298809,39.773306
H03735,22,10668.0,155.2,1.24,1,南,116.156915,39.950074
H03736,20,5392.3,98.5,0.485,1,西,116.348842,39.726559
H03737,19,6706.0,125.7,3.858,1,东南,116.472073,39.983428
H03738,15,7989.1,148.9,1.249,1,北,116.015197,40.061531
H03739,6,4700.8,94.9,2.453,1,南,116.010816,39.860092
H03740,17,2805.8,46.6,1.857,0,北,116.308299,40.025256
H03741,13,5267.2,100.9,2.443,1,南,116.034698,39.711012
H03742,12,5629.5,119.8,4.723,0,东南,116.157581,39.779963
H03743,5,6076.1,103.8,0.216,1,南,116.206338,39.857306
H03744,15,4862.3,111.4,1.923,0,东,116.415288,40.03215
H03745,7,7346.8,133.2,2.084,1,西,116.516185,40.077655
H03746,12,3034.5,51.8,1.24,1,南,116.422237,40.014781
H03747,18,6307.2,136.8,2.591,0,北,116.369342,39.912722
H03748,19,3269.7,54.9,4.976,0,西,116.230888,40.028386
H03749,22,4253.6,81.8,2.142,1,西,116.308873,39.75348
H03750,20,7778.5,147.9,3.66,0,南,116.313758,39.875979
H03751,18,3233.3,61.9,3.483,0,西,116.227085,39.834772
H03752,16,7783.3,128.1,0.422,1,南,116.134761,39.712677
H03753,15,4629.4,96.4,3.377,0,东,116.380413,40.059703
H03754,7,6325.2,138.6,1.763,0,北,116.143261,39.711239
H03755,5,4907.0,115.9,4.627,0,南,116.452405,39.728166
H03756,17,5338.1,88.7,1.355,1,南,116.138402,40.070706
H03757,12,3705.6,75.0,3.956,1,南,116.313191,40.025346
H03758,17,8886.7,156.7,0.706,0,东南,116.347165,39.955116
H03759,14,6706.7,131.6,1.196,0,北,116.198381,40.004482
H03760,8,3391.7,63.8,0.896,0,东南,116.167386,40.009946
H03761,9,6423.8,125.9,2.409,0,南,116.556101,39.726827
H03762,14,7165.8,134.5,3.789,0,南,116.434618,40.066357
H03763,23,4660.7,88.5,1.37,0,北,116.413638,40.039244
H03764,24,2908.8,47.6,2.267,1,东,116.418402,39.934981
H03765,24,4423.3,84.6,2.637,0,南,116.267791,39.943804
H03766,7,2536.1,48.7,2.158,1,北,116.188824,40.09048
H03767,21,6267.3,116.2,1.405,1,南,116.45636,40.064764
H03768,20,2708.4,55.0,3.821,0,南,116.481795,39.74093
H03769,22,4888.2,104.2,3.054,0,北,116.500259,39.97004
H03770,21,7172.6,139.3,1.932,1,东,116.454384,40.063593
H03771,6,7943.8,139.5,2.895,1,东南,116.466342,40.025805
H03772,4,3759.8,82.6,0.981,1,西,116.482813,39.948031
H03773,18,6173.7,105.5,2.73,0,南,116.133161,39.991594
H03774,3,4009.1,74.3,2.737,1,北,116.072187,40.078315
H03775,1,5718.3,107.5,4.875,1,东,116.120994,39.942457
H03776,2,3681.8,85.1,3.722,0,北,116.511191,39.872944
H03777,18,3874.2,65.3,4.585,1,南,116.428489,40.012071
H03778,16,3872.5,77.6,3.537,1,西,116.446106,39.834289
H03779,15,4238.4,100.8,4.96,0,北,116.505209,39.890513
H03780,18,5295.6,114.4,4.818,0,东,116.122538,39.923053
H03781,13,3943.0,82.4,4.165,0,北,116.332974,39.739496
H03782,12,6281.4,117.2,0.864,0,东,116.528095,40.044101
H03783,24,3183.2,49.2,3.67,0,东南,116.29103,39.956858
H03784,13,6932.3,137.8,3.784,1,东,116.073309,39.792395
H03785,15,3039.5,56.2,1.555,1,北,116.574062,39.795681
H03786,16,6012.4,117.0,1.544,1,北,116.156743,39.861654
H03787,23,7554.9,135.4,4.546,1,北,116.422334,39.952867
H03788,17,4022.1,66.9,4.63,0,西,116.18976,40.094813
H03789,5,2702.5,48.5,3.558,0,东,116.388731,39.990173
H03790,24,5737.2,131.4,4.029,1,南,116.195008,39.797033
H03791,12,3550.8,79.8,1.835,0,西,116.314208,39.717689
H03792,13,3498.2,68.6,0.589,0,北,116.438229,40.034059
H03793,7,5237.5,115.3,2.965,1,南,116.05688,39.761553
H03794,6,3758.3,101.3,4.469,0,西,116.436537,39.781929
H03795,15,5047.8,97.9,1.019,1,南,116.546636,40.063758
H03796,20,4140.1,96.5,3.307,0,西,116.229176,39.996685
H03797,23,3003.7,59.7,0.941,0,南,116.257879,39.709954
H03798,13,7115.7,134.7,0.75,0,南,116.534029,39.78084
H03799,17,6607.4,120.7,1.875,1,南,116.072104,39.739817
H03800,9,2783.1,55.0,4.783,1,南,116.300359,39.720882
H03801,6,7398.9,138.2,2.255,1,东,116.034859,39.879289
H03802,1,8001.9,155.1,4.706,1,北,116.362302,39.859505
H03803,17,4645.9,83.8,1.769,0,南,116.475732,40.045741
H03804,24,4798.4,87.4,0.156,1,南,116.129835,39.827572
H03805,22,5876.9,109.2,2.868,1,南,116.479579,39.930011
H03806,5,8948.4,158.5,4.268,1,南,116.567036,39.804375
H03807,4,5733.2,116.0,0.236,0,南,116.125317,39.955481
H03808,6,7583.3,134.4,2.442,1,东,116.181436,40.050542
H03809,13,6906.2,130.3,0.864,0,西,116.066006,39.704213
H03810,5,3152.9,72.2,4.397,1,东,116.40047,39.953088
H03811,9,6197.6,119.0,3.029,1,东南,116.271634,40.077047
H03812,3,7762.3,151.5,1.986,0,北,116.479561,39.814642
H03813,9,4155.5,74.9,4.469,0,东南,116.110248,39.829523
H03814,5,4438.3,91.2,0.668,1,南,116.064526,39.973452
H03815,9,3981.9,72.3,1.135,1,西南,116.346354,39.957938
H03816,24,5651.5,103.9,0.625,0,东,116.528239,40.022638
H03817,21,6604.4,125.0,4.557,1,南,116.59944,39.942164
H03818,3,5665.5,131.5,4.3,1,北,116.206008,40.094686
H03819,20,6824.8,146.1,0.154,0,北,116.540759,39.955169
H03820,21,3828.3,76.6,4.452,0,东南,116.064183,39.773665
H03821,12,6752.7,144.5,2.654,0,北,116.529738,39.894667
H03822,24,3243.2,65.6,4.826,0,南,116.478333,39.751892
H03823,19,6064.8,112.5,2.432,1,东,116.394885,39.99087
H03824,9,5963.9,123.1,2.132,0,南,116.193259,40.057425
H03825,8,2974.4,66.1,3.124,0,西,116.498417,39.850504
H03826,2,3996.1,98.5,4.577,1,北,116.319393,39.731755
H03827,12,4889.0,100.5,0.422,0,东,116.564554,39.920376
H03828,13,3825.2,62.1,1.481,0,北,116.232972,40.040452
H03829,15,9043.5,146.4,3.756,1,东,116.290932,40.067643
H03830,20,7556.3,148.3,4.473,1,北,116.070146,40.038621
H03831,19,7633.9,157.7,3.827,0,东,116.299305,39.783347
H03832,22,3607.9,69.1,2.857,0,南,116.561839,40.012118
H03833,23,2726.1,47.2,3.162,0,西南,116.441336,39.937462
H03834,8,7806.5,149.0,2.978,1,北,116.376094,39.904391
H03835,24,8678.6,145.7,2.257,1,西,116.342874,39.8496
H03836,16,5240.2,104.4,0.32,1,西南,116.302094,40.068805
H03837,24,3543.1,56.0,4.647,1,东南,116.104244,40.004111
H03838,23,5132.9,94.4,0.237,0,南,116.344389,40.051642
H03839,23,8307.8,146.9,1.646,0,北,116.490567,40.033182
H03840,17,5766.6,125.9,3.214,1,北,116.515565,39.768942
H03841,5,5461.7,117.6,4.362,0,东南,116.198528,39.993289
H03842,1,3587.4,78.0,3.414,1,北,116.455781,40.073254
H03843,19,7875.9,153.7,2.446,0,南,116.120052,40.014954
H03844,17,2637.5,56.9,4.2,1,西,116.515037,39.702466
H03845,18,5765.9,102.6,1.805,0,南,116.149043,39.938732
H03846,8,6363.3,148.3,3.617,0,北,116.481738,39.739618
H03847,13,8214.8,137.5,0.784,1,南,116.40776,39.932318
H03848,3,4085.1,96.7,4.712,0,西,116.571936,40.000489
H03849,23,4303.0,76.8,4.37,0,南,116.539729,40.025223
H03850,19,4689.9,88.8,2.33,1,东,116.341976,40.049968
H03851,10,7776.5,143.4,4.993,1,东,116.555193,40.026855
H03852,14,9041.2,140.8,4.42,0,南,116.054846,39.905626
H03853,15,6596.7,118.5,2.663,0,北,116.005987,40.09581
H03854,24,6953.2,126.6,1.692,0,南,116.315432,40.037523
H03855,2,6272.6,131.0,0.963,1,南,116.448273,40.061388
H03856,9,5341.5,112.5,2.321,0,东,116.312768,39.884534
H03857,21,3379.3,69.5,0.94,1,南,116.557836,39.764599
H03858,1,4224.9,93.4,3.927,1,东南,116.591805,39.738533
H03859,14,7020.6,132.3,1.929,1,西南,116.070464,39.885372
H03860,13,6895.9,123.4,3.655,1,东,116.322765,39.954549
H03861,11,4348.6,95.4,4.41,0,南,116.024365,39.711355
H03862,8,9396.9,156.8,0.365,0,东,116.121281,39.942661
H03863,19,9990.5,154.1,2.381,0,西南,116.067207,40.088214
H03864,4,8177.1,151.5,2.664,1,西南,116.220292,40.06689
H03865,24,3218.0,60.4,2.599,1,东,116.326263,39.99062
H03866,17,3915.1,83.9,4.973,1,北,116.263757,39.763412
H03867,2,7969.4,147.5,3.242,1,东南,116.476929,39.976532
H03868,4,8752.9,148.0,0.609,1,南,116.550441,39.941447
H03869,3,3346.9,69.4,3.579,0,西南,116.294198,39.968317
H03870,8,5736.7,107.4,0.434,1,东南,116.347655,40.043359
H03871,17,8508.8,133.5,1.572,1,东,116.181897,40.039031
H03872,9,3158.8,62.7,1.908,0,南,116.254892,39.706316
H03873,9,4947.1,112.3,3.33,0,西,116.153309,39.824167
H03874,11,3166.0,58.1,2.301,1,北,116.4225,39.729979
H03875,23,6780.7,132.9,2.258,0,南,116.152379,39.958873
H03876,14,8496.9,156.3,0.764,1,南,116.272996,39.706921
H03877,23,4096.8,81.9,1.421,0,西,116.196968,40.038142
H03878,18,3239.2,75.5,3.579,0,北,116.538897,39.813829
H03879,24,3229.6,53.8,4.249,0,东南,116.014886,39.892344
H03880,3,6415.0,110.6,0.993,1,东南,116.589213,39.985754
H03881,18,10103.6,155.3,1.407,1,南,116.138859,39.812572
H03882,3,4254.3,69.4,0.426,1,北,116.399562,40.061754
H03883,22,4056.3,75.4,3.603,0,南,116.011726,40.067009
H03884,9,6939.2,137.1,0.996,1,东南,116.251912,39.706561
H03885,3,3254.8,54.9,1.401,1,东南,116.486881,39.755056
H03886,1,4788.5,98.7,2.246,0,西,116.268958,39.94585
H03887,11,6453.2,126.6,4.21,1,东,116.153527,39.876303
H03888,23,5215.9,114.8,1.546,0,南,116.288075,39.965229
H03889,16,4380.0,96.2,1.785,1,东,116.549692,39.799278
H03890,4,3233.2,60.4,1.126,0,西,116.36036,40.038302
H03891,9,6013.5,117.7,1.413,1,东,116.49608,40.017792
H03892,17,4472.3,85.0,1.275,1,北,116.387004,39.8686
H03893,11,5277.4,108.5,3.738,1,西南,116.012647,39.92671
H03894,9,5345.9,122.3,2.888,0,东,116.025975,39.91971
H03895,23,5041.9,93.3,2.176,0,北,116.330163,39.945548
H03896,11,9537.5,143.8,4.527,1,南,116.207766,40.094922
H03897,17,6010.0,126.4,1.376,0,西,116.004394,39.744701
H03898,3,6417.4,119.9,1.927,1,东南,116.53481,39.764243
H03899,17,8258.2,159.4,2.946,0,北,116.203352,39.837485
H03900,19,5608.6,110.5,2.842,0,南,116.259726,40.043117
H03901,24,6841.8,119.7,1.126,0,东,116.068973,39.980674
H03902,12,8021.5,132.1,2.906,0,东,116.044221,40.086155
H03903,10,3197.7,58.8,4.782,1,南,116.312919,39.886906
H03904,23,5472.9,107.5,2.228,1,东南,116.419511,39.939306
H03905,7,6977.1,150.7,4.786,1,西,116.204039,40.00154
H03906,10,3500.0,57.0,0.699,1,南,116.178154,39.944098
H03907,23,3864.9,86.1,2.32,0,西,116.391798,40.08857
H03908,11,3358.1,55.2,1.177,1,西,116.071513,39.85151
H03909,21,4233.4,76.0,1.512,1,东,116.243363,39.990272
H03910,18,8595.2,145.4,1.641,1,东,116.086869,40.014047
H03911,6,7441.9,147.6,4.163,1,南,116.02436,39.719884
H03912,4,7642.4,154.9,2.147,0,北,116.534115,39.947937
H03913,14,5500.8,126.0,4.628,0,北,116.362704,40.04274
H03914,19,5570.1,103.4,1.697,0,南,116.028454,39.898934
H03915,12,6000.2,109.4,0.962,1,南,116.571335,39.916034
H03916,3,7077.6,124.3,1.077,0,南,116.128079,39.747205
H03917,12,8046.7,139.3,1.771,1,南,116.076982,39.995709
H03918,19,3551.4,74.0,4.297,1,西,116.218364,39.890432
H03919,17,7881.3,144.8,2.829,1,南,116.185553,39.82118
H03920,4,2751.6,47.2,4.925,0,南,116.373212,40.063322
H03921,19,6911.0,148.2,4.854,0,南,116.365306,39.873496
H03922,14,6983.4,151.6,2.879,1,北,116.503491,39.719828
H03923,20,3207.7,51.8,3.882,1,西,116.23734,39.897134
H03924,4,6062.5,112.4,1.642,0,西南,116.000729,39.717719
H03925,14,3769.1,72.1,4.764,0,南,116.396483,40.086704
H03926,8,6186.5,111.7,3.265,1,西,116.434254,40.003974
H03927,22,4913.2,103.7,4.196,0,南,116.33791,39.827869
H03928,7,4543.0,74.9,0.577,1,南,116.049579,40.03889
H03929,10,4482.4,72.2,1.174,1,南,116.579386,40.068756
H03930,11,5439.2,110.2,0.579,0,东,116.170618,39.998698
H03931,2,2944.0,59.0,2.98,1,北,116.386227,39.798869
H03932,4,5144.5,102.5,3.587,0,南,116.005164,39.708336
H03933,2,3773.2,73.6,3.561,0,北,116.272817,39.974191
H03934,11,3680.3,75.0,4.355,0,南,116.395872,40.069965
H03935,19,3185.5,66.5,4.567,0,东,116.5339,39.906492
H03936,7,4025.1,86.8,3.393,1,西,116.377348,40.028573
H03937,5,7874.4,148.0,2.24,0,东,116.010161,39.969772
H03938,14,5998.0,125.8,3.394,1,南,116.404287,39.707892
H03939,10,6579.2,124.8,3.751,1,西,116.574639,39.980947
H03940,1,3001.6,49.3,3.535,1,北,116.136137,40.020675
H03941,23,3772.7,79.9,4.892,0,北,116.296587,39.860429
H03942,12,6843.2,121.6,3.524,1,南,116.472689,39.933296
H03943,1,4296.4,85.2,4.134,0,南,116.490963,40.027748
H03944,13,4990.5,104.9,0.436,1,东,116.289931,39.996569
H03945,5,3195.7,67.4,3.827,0,北,116.411166,39.746791
H03946,21,4142.2,98.7,4.118,0,北,116.201003,40.048519
H03947,21,4689.1,96.3,3.371,0,东南,116.403989,39.833641
H03948,13,4789.2,100.7,4.944,1,东,116.306181,40.085938
H03949,6,3157.0,60.0,4.018,1,东,116.23451,40.027209
H03950,19,4131.4,74.5,1.559,0,南,116.287596,40.066269
H03951,23,5869.6,109.8,0.589,0,南,116.328538,39.774019
H03952,12,3227.8,56.6,3.889,1,西,116.142026,40.010945
H03953,9,7349.1,154.6,4.816,0,西,116.500201,39.734793
H03954,22,2847.5,48.9,0.129,1,东,116.540986,39.890395
H03955,10,5849.7,119.3,0.652,0,东南,116.255511,39.736395
H03956,6,4821.8,98.7,3.193,1,北,116.3372,39.835241
H03957,11,3310.9,56.6,2.966,1,南,116.014606,40.065986
H03958,4,5082.9,108.8,4.318,1,南,116.195628,39.746301
H03959,2,7829.4,135.2,4.99,1,南,116.036541,39.919413
H03960,24,6137.9,117.0,1.633,1,北,116.289497,39.954832
H03961,4,7852.5,151.4,4.85,1,西南,116.371397,39.811519
H03962,2,4195.9,82.6,1.429,0,北,116.2446,40.001677
H03963,3,3760.8,79.7,4.694,0,西,116.326575,39.797678
H03964,2,7838.1,140.2,0.828,1,东南,116.414894,40.000058
H03965,6,4393.9,99.6,4.889,0,南,116.509424,39.948917
H03966,24,7885.1,149.6,1.826,1,南,116.507703,39.928275
H03967,17,2639.8,55.1,3.612,0,南,116.494156,39.982198
H03968,21,7872.8,144.6,0.802,0,南,116.498192,39.77787
H03969,9,4823.3,96.3,1.464,0,西,116.038343,39.837194
H03970,20,3591.3,76.4,1.869,0,东,116.530508,39.969807
H03971,20,7419.0,140.6,0.867,0,南,116.560144,39.876982
H03972,24,3389.2,52.5,3.706,0,南,116.150916,40.069048
H03973,19,3609.4,76.1,2.328,0,西,116.484444,39.886149
H03974,12,7248.7,151.7,3.492,0,西南,116.230145,40.045694
H03975,24,8459.3,140.9,0.997,1,南,116.190487,39.790347
H03976,21,5872.0,117.4,0.651,0,南,116.346381,39.955784
H03977,19,6939.5,129.0,0.923,0,北,116.083528,39.899598
H03978,4,6602.5,124.9,0.858,1,北,116.337158,40.03139
H03979,19,3217.9,59.5,2.435,1,北,116.594268,39.875804
H03980,16,6465.2,118.9,1.377,1,北,116.050061,39.856225
H03981,6,3124.1,53.7,0.418,0,南,116.024253,39.959852
H03982,5,3805.9,85.6,0.479,1,东,116.466049,39.715063
H03983,6,7737.5,138.1,3.807,1,南,116.586947,40.088687
H03984,13,4947.6,90.3,0.289,1,东,116.347936,39.953812
H03985,18,7470.1,144.1,3.792,1,南,116.068534,39.782604
H03986,21,6474.9,122.7,4.692,1,西,116.021065,39.755483
H03987,1,4065.2,57.5,2.61,1,东,116.003189,39.883719
H03988,10,4382.4,85.1,2.29,0,东,116.264274,39.883146
H03989,10,9187.6,151.4,1.565,1,南,116.068982,39.8646
H03990,1,6765.3,134.8,0.32,0,南,116.459527,40.029143
H03991,6,7071.6,149.2,4.549,0,南,116.22919,39.867012
H03992,1,3657.5,77.6,4.926,1,南,116.113183,39.728901
H03993,16,8093.8,145.2,1.629,0,东,116.153716,39.989503
H03994,22,7372.4,139.7,1.832,1,北,116.359758,40.022155
H03995,10,5018.1,114.7,3.298,0,南,116.452416,39.705628
H03996,2,2657.9,57.7,0.159,0,南,116.582677,39.783487
H03997,10,3662.2,77.5,2.074,0,东,116.194237,39.776861
H03998,23,4572.2,93.2,1.958,1,北,116.496334,39.892865
H03999,6,5031.1,109.6,2.487,1,北,116.25676,39.704982
H04000,3,3521.0,58.9,4.949,0,南,116.04279,39.739681
H04001,9,7486.9,141.7,1.164,1,北,116.34004,39.858027
H04002,6,6011.4,116.1,2.617,0,北,116.109888,39.760121
H04003,10,7611.2,155.7,3.296,1,西,116.470313,39.841635
H04004,18,3071.4,46.8,0.623,1,东,116.239055,39.905716
H04005,12,4490.5,110.1,4.986,0,东,116.245281,39.757616
H04006,6,2875.6,52.2,1.769,0,南,116.123835,39.886567
H04007,9,2859.7,56.5,0.181,1,南,116.445474,39.888617
H04008,20,6461.3,133.6,4.697,1,东,116.190096,39.754743
H04009,6,3172.4,56.1,2.309,1,南,116.591471,39.965857
H04010,4,8546.7,151.1,0.898,0,南,116.004761,40.037994
H04011,19,8169.6,145.9,2.705,0,南,116.554007,40.065081
H04012,4,3048.4,60.8,3.862,0,北,116.37879,40.066842
H04013,1,5232.4,104.5,0.857,0,东南,116.17095,40.062985
H04014,6,3560.2,84.5,3.673,0,南,116.079084,39.941851
H04015,13,3823.6,74.9,0.592,0,南,116.325288,40.034029
H04016,7,3664.5,74.8,4.442,0,南,116.308572,39.832204
H04017,21,3912.1,55.7,0.521,1,东,116.368864,39.865932
H04018,5,3020.5,52.7,0.445,0,北,116.193977,39.961715
H04019,10,4071.8,95.2,2.657,0,南,116.51402,39.772824
H04020,19,5619.9,116.3,0.885,0,南,116.406705,39.737462
H04021,9,6910.5,138.3,0.372,1,东,116.271352,39.701758
H04022,24,8979.3,157.5,1.663,1,东南,116.292426,39.883406
H04023,16,3608.2,80.7,4.231,0,北,116.574607,39.73918
H04024,5,3468.5,70.7,4.987,0,南,116.305707,40.08278
H04025,23,7484.8,141.3,2.23,1,南,116.344933,39.887874
H04026,17,3662.5,65.8,1.936,1,南,116.486866,39.849738
H04027,22,6356.8,114.7,1.988,0,南,116.015293,39.902662
H04028,12,5218.9,113.1,0.135,1,西,116.490606,39.742289
H04029,8,6701.4,126.7,2.452,1,西,116.05186,40.00329
H04030,22,4258.5,90.1,3.485,1,北,116.08332,39.894839
H04031,13,8004.0,146.5,4.982,1,南,116.430539,39.988012
H04032,24,6936.1,134.2,4.282,0,西南,116.387577,40.061609
H04033,9,5674.6,121.1,2.204,1,西南,116.553346,39.7196
H04034,2,3097.2,49.2,1.139,1,南,116.420313,39.756072
H04035,4,3556.9,56.5,1.858,1,东,116.576348,39.824736
H04036,18,3442.6,86.9,3.011,0,北,116.567204,39.725422
H04037,4,8042.2,154.0,1.336,0,南,116.367486,39.822658
H04038,18,3387.0,69.9,4.306,1,西南,116.421613,39.790039
H04039,10,6218.7,124.3,1.222,1,东南,116.459052,39.823001
H04040,8,6920.2,144.2,4.958,0,西,116.229913,39.867811
H04041,4,4728.6,105.4,2.161,1,北,116.499976,40.003004
H04042,9,5628.1,105.5,0.464,1,西,116.14347,40.061998
H04043,20,4698.7,86.6,1.102,1,北,116.277909,39.958639
H04044,3,6060.1,116.4,4.573,1,北,116.076988,39.821347
H04045,11,4000.9,87.2,4.638,1,东,116.066492,39.754346
H04046,16,5493.1,112.5,0.854,0,北,116.042658,39.99202
H04047,6,6803.0,135.1,2.109,1,北,116.543383,39.843545
H04048,18,9215.1,156.3,4.047,0,南,116.052393,39.817575
H04049,13,6804.0,125.8,2.485,1,南,116.141702,40.064467
H04050,12,4381.4,84.8,1.914,0,南,116.002273,39.700793
H04051,4,5516.4,111.1,4.865,1,东,116.295798,39.799064
H04052,5,6775.7,141.2,4.924,1,西,116.419363,39.899487
H04053,17,2776.9,54.5,4.87,0,北,116.493297,39.722236
H04054,9,5136.8,112.0,2.531,0,南,116.582544,39.986977
H04055,11,7169.3,114.4,0.543,1,南,116.156857,40.082447
H04056,9,4714.9,88.2,1.728,0,东,116.467368,39.994267
H04057,19,5056.1,103.5,4.179,0,南,116.521132,40.017681
H04058,10,6007.3,120.4,1.027,1,北,116.011077,40.051072
H04059,15,3092.0,49.5,0.188,1,南,116.514031,40.040548
H04060,15,5586.9,104.8,2.121,0,东,116.031027,40.037218
H04061,4,3642.7,73.1,4.787,1,西,116.016937,40.076008
H04062,10,7040.5,136.6,4.252,1,东南,116.038566,39.808099
H04063,11,5863.7,97.7,0.227,1,北,116.056057,39.938344
H04064,10,6550.7,121.3,1.284,1,南,116.126,40.089444
H04065,16,7118.3,136.0,2.824,1,东,116.581514,39.787201
H04066,15,3543.9,66.1,4.034,1,南,116.261018,39.801683
H04067,19,8736.7,157.1,1.567,0,东,116.590387,39.936304
H04068,17,6276.7,125.4,2.087,0,北,116.117883,39.980809
H04069,20,3375.5,57.6,1.397,0,南,116.267812,39.932873
H04070,16,3233.1,62.8,4.467,0,西,116.133109,39.762028
H04071,20,3930.6,80.1,4.469,0,东南,116.007177,39.844332
H04072,19,6376.7,121.6,0.941,0,南,116.102648,39.941063
H04073,11,3397.2,63.7,1.314,1,东南,116.447578,40.084283
H04074,9,6872.3,124.4,2.599,0,东南,116.238507,39.955043
H04075,7,3341.9,67.1,4.59,1,西南,116.134374,40.058929
H04076,10,3000.4,47.3,4.211,0,西,116.161619,39.967193
H04077,21,8363.9,144.0,4.865,0,东南,116.191863,40.061046
H04078,3,8208.6,158.8,4.567,1,西南,116.475051,39.771386
H04079,23,5697.1,113.8,1.799,0,西南,116.08338,39.859349
H04080,5,2832.9,54.2,0.358,0,西南,116.082248,39.737254
H04081,4,3665.4,67.8,3.447,1,南,116.276981,39.710267
H04082,13,7427.9,131.9,0.689,0,南,116.234565,39.813286
H04083,3,4015.4,70.8,2.713,1,南,116.040982,40.064696
H04084,22,6259.9,130.9,0.494,0,北,116.516943,39.828504
H04085,4,7577.3,132.0,1.694,1,南,116.042867,39.823558
H04086,23,6734.7,129.3,4.093,1,东,116.205364,39.80838
H04087,4,7676.5,144.6,3.766,1,南,116.59407,39.882464
H04088,8,3944.6,82.1,4.148,0,北,116.088128,39.907597
H04089,5,6799.3,120.0,0.837,0,西南,116.215686,39.95417
H04090,13,6120.1,129.5,2.7,0,南,116.101136,39.840558
H04091,3,2818.6,51.0,4.019,0,西,116.088069,40.099936
H04092,6,3730.8,83.2,3.406,0,东,116.426397,39.737209
H04093,9,7323.0,140.4,0.661,0,南,116.502003,39.996502
H04094,3,7326.9,142.9,0.586,1,西,116.163208,39.707802
H04095,3,6459.5,123.0,1.449,1,东南,116.12954,39.875279
H04096,9,4947.0,110.0,0.486,0,南,116.053661,39.710744
H04097,6,3796.4,75.9,0.43,1,东,116.465986,39.834512
H04098,11,4231.7,90.3,1.724,0,南,116.262347,40.049553
H04099,14,2817.8,47.0,4.702,0,南,116.519342,40.077453
H04100,9,3231.5,58.4,1.299,1,南,116.406612,39.71016
H04101,3,5904.0,115.8,4.567,1,东,116.491894,40.008056
H04102,5,6248.7,120.5,4.63,1,东,116.592355,40.042161
H04103,3,6570.9,139.0,2.983,0,南,116.531186,40.011502
H04104,14,3042.0,49.2,0.51,0,南,116.233912,39.726258
H04105,8,3980.5,88.3,1.158,1,西,116.329307,39.994239
H04106,5,3020.8,55.0,0.351,1,南,116.288266,39.704027
H04107,22,3751.2,83.8,3.455,1,北,116.132299,39.781796
H04108,20,7091.8,126.1,4.832,1,南,116.047995,39.928413
H04109,8,6239.6,117.4,1.403,1,南,116.033662,39.936965
H04110,17,8002.3,143.6,1.342,0,南,116.182977,39.735019
H04111,12,6547.5,114.9,3.088,0,东,116.19654,40.091916
H04112,20,7176.0,137.3,1.505,1,西,116.260758,39.841446
H04113,10,2783.7,45.0,1.897,1,南,116.591893,39.703961
H04114,17,3406.1,46.9,2.022,1,南,116.211782,39.727062
H04115,19,5025.7,115.6,4.845,0,东,116.352585,39.864379
H04116,15,4161.3,85.1,1.434,0,东,116.522756,39.953473
H04117,23,4442.8,91.4,3.696,0,北,116.259476,39.737039
H04118,19,7831.6,126.0,1.178,1,西,116.069554,40.044968
H04119,14,6523.8,151.2,3.884,1,西,116.278256,39.703498
H04120,23,6269.8,119.1,3.397,1,南,116.166918,39.770555
H04121,12,3077.1,53.8,4.295,1,南,116.487678,40.064012
H04122,16,7700.3,133.0,0.867,1,南,116.033703,39.769889
H04123,18,5624.7,111.5,2.516,1,南,116.262523,39.749299
H04124,5,4497.1,79.3,0.654,1,南,116.310998,39.722004
H04125,13,6569.2,107.3,0.735,0,南,116.010341,40.039824
H04126,1,3923.1,92.2,4.386,1,南,116.523844,39.739906
H04127,13,3352.9,58.9,4.183,1,南,116.083452,39.736832
H04128,11,5796.4,113.6,3.459,0,西,116.468112,40.086481
H04129,18,7758.3,147.1,1.801,1,南,116.235317,39.750606
H04130,16,3032.3,46.5,3.191,1,南,116.343059,39.857859
H04131,2,6527.9,124.1,1.402,0,西,116.00692,39.831775
H04132,7,5719.2,116.8,4.437,1,东,116.444133,39.953434
H04133,1,7346.2,148.1,0.726,1,南,116.246076,40.097191
H04134,2,4372.3,90.1,0.428,0,北,116.437018,40.043574
H04135,13,2748.1,57.2,3.865,0,南,116.383852,40.035822
H04136,3,10161.4,159.5,2.871,1,南,116.260819,40.02397
H04137,16,7713.4,143.6,0.299,1,南,116.237223,40.018165
H04138,5,4061.3,86.8,3.802,0,北,116.209758,39.999631
H04139,17,6413.7,129.4,3.368,1,南,116.084049,39.77083
H04140,24,3033.4,64.4,3.467,1,北,116.406619,39.700833
H04141,5,8518.3,147.5,2.208,1,西,116.222748,40.085758
H04142,4,8265.9,144.8,0.568,1,南,116.269226,39.884276
H04143,22,6883.9,140.6,0.391,0,西南,116.222069,40.087039
H04144,10,5648.0,94.7,0.787,1,东,116.322917,40.083009
H04145,17,3444.6,70.2,2.846,1,南,116.368548,39.852692
H04146,18,7455.1,156.6,0.384,1,西,116.158666,39.75621
H04147,1,5390.7,89.9,4.353,0,南,116.136668,39.86383
H04148,13,5240.2,93.5,0.137,0,南,116.374833,39.967712
H04149,11,5630.6,113.1,4.459,0,南,116.031597,40.024624
H04150,16,7164.8,127.1,0.918,1,南,116.072881,39.924297
H04151,2,7015.4,130.1,3.833,1,南,116.283056,40.082977
H04152,23,6302.4,127.6,1.298,0,西,116.28359,39.755911
H04153,3,3357.4,66.5,3.414,0,南,116.197129,39.905288
H04154,5,4651.4,90.3,1.888,1,北,116.222748,40.070881
H04155,22,6089.5,107.3,0.271,0,西,116.142752,40.078509
H04156,19,8217.1,155.6,1.735,1,南,116.206008,39.740679
H04157,10,8427.1,158.7,0.357,0,南,116.457491,39.947618
H04158,23,6183.8,116.6,3.316,1,西,116.583236,39.935379
H04159,13,8585.4,158.6,2.169,0,南,116.142778,39.971846
H04160,8,4273.8,92.9,0.285,0,西,116.295246,39.711528
H04161,12,5932.1,115.0,2.421,1,东,116.50043,39.99868
H04162,21,5021.3,90.0,4.634,1,东南,116.424519,39.883912
H04163,13,9274.8,156.5,3.999,0,东,116.513986,39.825014
H04164,13,3268.2,55.6,4.606,1,南,116.550447,39.815294
H04165,16,7510.8,130.7,0.108,1,东,116.200398,40.06281
H04166,1,4349.0,93.0,1.142,1,西,116.402348,40.082526
H04167,12,2993.6,57.0,1.719,0,南,116.058648,40.068983
H04168,15,7609.3,152.0,2.317,1,北,116.192934,39.996611
H04169,18,3395.2,67.8,1.65,1,南,116.441624,40.013779
H04170,5,5362.3,110.5,1.966,1,东,116.286455,39.996133
H04171,23,5805.6,120.0,2.333,1,北,116.551711,39.865473
H04172,19,6856.2,147.9,4.535,1,南,116.104352,39.723587
H04173,6,5178.9,115.9,4.997,1,南,116.532404,39.74079
H04174,1,4267.9,75.3,0.526,0,南,116.182354,39.756899
H04175,14,8202.0,159.7,0.387,0,北,116.568707,39.791125
H04176,13,2635.1,54.4,4.509,1,南,116.364752,39.752988
H04177,5,4248.2,83.9,2.236,0,北,116.49281,40.041538
H04178,17,2862.6,55.4,0.835,0,北,116.104289,40.062974
H04179,2,4778.3,101.9,3.027,1,北,116.437688,39.839758
H04180,16,5496.8,110.7,0.937,1,东,116.161147,39.949496
H04181,24,3716.6,58.7,1.041,0,南,116.077936,39.717987
H04182,7,5956.7,116.4,1.625,0,东,116.510102,40.012004
H04183,7,2953.2,62.2,1.872,1,西,116.564298,39.945562
H04184,19,3435.1,77.6,4.014,1,东南,116.406848,39.774408
H04185,7,4693.8,95.0,3.7,0,东南,116.073632,39.911453
H04186,13,7242.4,136.9,3.339,0,南,116.515766,39.803931
H04187,19,3671.8,72.6,3.765,1,南,116.38124,39.822308
H04188,19,5239.2,104.3,1.249,1,东南,116.48036,39.986894
H04189,11,7041.4,139.1,4.756,0,南,116.121645,39.911184
H04190,12,5087.3,98.8,3.567,0,东,116.013873,39.742085
H04191,4,4869.6,97.6,1.252,1,东南,116.433143,39.885558
H04192,5,6001.8,122.0,1.386,0,东,116.220365,39.743399
H04193,5,7273.7,142.5,2.107,0,北,116.175449,39.96513
H04194,5,6971.0,129.2,0.701,0,北,116.238435,40.020131
H04195,19,2777.7,49.3,4.974,0,北,116.476659,40.048633
H04196,16,6192.7,135.5,0.455,0,西,116.442177,39.744609
H04197,19,4434.8,83.1,0.379,1,北,116.273988,39.880764
H04198,13,4762.1,91.8,0.994,0,东南,116.168348,39.787118
H04199,6,3810.9,61.3,4.103,0,南,116.142821,40.069633
H04200,17,3804.1,63.9,2.638,1,东南,116.277629,39.960498
H04201,14,7026.1,134.5,4.061,0,南,116.288447,40.072265
H04202,2,6294.4,129.0,4.02,0,东,116.307728,40.051049
H04203,6,8246.5,156.3,3.77,1,南,116.034335,40.068808
H04204,23,4778.0,107.2,4.088,0,西,116.331671,39.746648
H04205,23,8262.9,141.4,2.401,0,东,116.286786,39.977438
H04206,14,4050.9,86.8,3.6,1,北,116.297482,39.713078
H04207,3,3954.0,91.7,1.013,0,西,116.421007,39.73062
H04208,10,7505.0,150.9,2.645,0,西南,116.091295,39.770764
H04209,12,5753.7,117.6,3.101,0,北,116.105418,39.833841
H04210,23,2471.1,45.0,4.751,1,北,116.461095,40.097251
H04211,22,6836.2,126.7,3.495,0,南,116.016663,39.999641
H04212,15,3736.5,68.0,1.34,0,南,116.14887,40.058583
H04213,24,6311.4,109.2,1.118,0,北,116.069519,40.030787
H04214,18,7828.8,135.1,2.251,1,南,116.033087,39.962674
H04215,23,3124.7,58.7,4.555,0,西,116.514907,39.850652
H04216,1,5306.0,116.0,2.261,0,南,116.303555,39.858948
H04217,20,6729.4,121.3,0.602,1,北,116.028883,39.96272
H04218,7,4675.8,109.3,4.48,1,南,116.579341,39.793463
H04219,9,2779.2,49.7,3.521,1,东南,116.452507,39.995609
H04220,5,3865.9,83.0,4.81,1,西,116.084172,40.06686
H04221,24,3728.8,70.8,0.562,1,南,116.163885,39.801629
H04222,5,5064.1,104.7,2.691,1,南,116.505184,40.039896
H04223,3,4821.8,104.8,1.736,1,东南,116.219608,39.719703
H04224,9,5115.8,107.2,2.859,1,西,116.463502,39.710598
H04225,2,8071.1,142.4,4.365,0,东南,116.469587,39.89616
H04226,3,5091.3,95.7,2.757,1,南,116.144264,40.032747
H04227,5,6457.1,134.4,3.199,0,南,116.242628,39.923274
H04228,13,3173.4,57.6,2.341,1,西,116.166954,39.720114
H04229,6,4858.9,97.5,1.272,1,西,116.005608,39.800085
H04230,11,6775.5,113.6,3.785,1,北,116.086677,40.076573
H04231,7,6865.6,136.3,4.803,1,南,116.180643,39.871186
H04232,22,6046.1,123.0,2.762,1,南,116.29177,39.743001
H04233,4,2908.7,46.9,1.837,0,南,116.213035,39.90692
H04234,5,4087.4,87.6,4.576,0,北,116.05671,39.957188
H04235,15,4678.4,94.4,2.662,0,东,116.02587,39.973283
H04236,18,3982.7,74.8,3.448,0,北,116.022076,40.008856
H04237,20,4929.0,110.3,0.602,0,东,116.249374,39.738426
H04238,10,2876.7,56.1,4.433,0,南,116.505779,39.750434
H04239,22,2642.2,45.5,3.92,0,南,116.440155,39.997157
H04240,10,3082.3,63.6,1.977,0,南,116.187854,39.8317
H04241,24,8306.5,155.8,0.91,0,西南,116.175179,39.775213
H04242,6,3707.9,85.8,2.086,1,南,116.55789,39.835609
H04243,3,8672.6,153.3,0.725,1,南,116.214827,39.952571
H04244,17,8246.9,150.8,3.139,0,东,116.159642,39.984807
H04245,3,5272.3,105.3,1.956,1,西南,116.089871,39.934599
H04246,15,5039.8,83.5,4.124,1,东南,116.150629,39.924128
H04247,23,4581.4,95.0,2.506,1,南,116.371772,39.935757
H04248,22,6812.4,137.6,4.703,1,西南,116.573283,39.929134
H04249,10,3479.2,65.9,1.799,1,东南,116.231763,39.754118
H04250,16,2823.2,53.8,4.802,1,西,116.035277,39.91937
H04251,10,5859.8,125.5,3.645,0,东南,116.39489,39.984031
H04252,1,7786.8,147.9,2.615,0,南,116.437877,39.897452
H04253,15,5723.6,111.1,3.039,0,西南,116.552871,40.024206
H04254,11,6548.0,128.3,1.485,1,西,116.581918,39.831586
H04255,23,7385.4,137.6,2.941,1,南,116.180291,39.912828
H04256,18,9428.8,157.0,3.447,1,南,116.079359,39.719305
H04257,5,8271.9,145.3,4.314,1,南,116.540956,39.870149
H04258,1,3274.9,62.4,3.193,1,北,116.435227,39.793714
H04259,2,5312.9,105.1,2.257,1,西,116.484261,39.848744
H04260,8,3300.1,58.9,0.872,0,西南,116.414856,40.074464
H04261,20,9113.3,157.3,3.435,0,南,116.362418,39.971924
H04262,1,7865.5,139.9,0.788,0,南,116.432094,39.995555
H04263,2,4999.4,106.9,1.871,1,北,116.316033,39.974945
H04264,19,9566.4,148.3,0.877,1,东南,116.436996,40.001311
H04265,16,6075.4,121.0,4.034,1,东,116.219003,40.022422
H04266,3,5083.2,101.1,1.423,0,南,116.027345,39.817418
H04267,21,4892.0,107.6,4.132,1,南,116.498547,39.808698
H04268,3,8042.6,138.3,2.806,1,西,116.060684,39.839799
H04269,24,7988.6,141.3,1.519,1,西南,116.398905,39.935569
H04270,18,2648.0,53.2,4.405,0,南,116.557603,39.735092
H04271,15,7428.6,130.6,0.187,0,东南,116.036496,40.036596
H04272,13,5131.8,115.9,2.368,1,南,116.06077,39.748595
H04273,24,9437.5,151.4,0.552,1,南,116.553719,39.85647
H04274,1,4370.8,76.4,4.967,1,南,116.389191,40.062307
H04275,3,5182.6,105.1,0.726,0,西南,116.39609,39.809252
H04276,12,3652.8,59.9,0.457,0,南,116.242597,40.085466
H04277,18,3056.1,54.7,0.381,0,南,116.053843,39.950593
H04278,6,3055.6,59.2,1.026,1,南,116.56745,39.855415
H04279,16,6708.4,134.6,2.766,0,东,116.156082,39.907141
H04280,8,7381.3,142.0,0.599,1,西,116.394776,40.043384
H04281,20,3634.9,71.1,2.209,0,北,116.359815,39.929176
H04282,11,4980.5,119.5,4.702,0,北,116.237344,39.734427
H04283,9,6478.1,130.2,0.995,0,西,116.258244,39.951222
H04284,3,3647.4,84.4,3.934,1,南,116.227846,39.963287
H04285,19,3834.6,78.3,3.105,1,南,116.187333,39.790607
H04286,23,8072.9,149.4,4.502,1,南,116.544814,39.867332
H04287,10,7990.4,146.5,3.881,0,南,116.153734,39.918723
H04288,18,5663.3,118.6,2.043,1,东,116.426225,39.860027
H04289,12,7466.0,144.6,2.402,1,东,116.486643,39.933628
H04290,12,3241.4,77.6,4.815,0,西,116.182511,39.766857
H04291,17,3953.0,68.1,0.12,1,南,116.457699,39.962473
H04292,20,3738.0,76.7,4.826,0,南,116.282613,39.860784
H04293,19,5492.3,115.7,0.446,0,南,116.113035,39.880411
H04294,18,4925.0,96.9,3.554,0,南,116.059047,39.90342
H04295,14,4860.3,98.8,0.696,0,西南,116.587921,39.805599
H04296,4,5371.9,109.1,1.595,0,南,116.035686,39.874129
H04297,8,5609.0,101.2,4.584,1,南,116.383254,39.932209
H04298,6,3250.6,62.9,1.841,1,东,116.510907,39.918736
H04299,8,3556.2,75.1,0.839,1,南,116.585072,39.920623
H04300,7,2849.0,59.5,4.502,0,东,116.020164,39.819851
H04301,12,7438.5,135.4,4.689,0,东,116.44128,39.76272
H04302,13,5456.0,110.8,3.711,1,南,116.08494,39.990699
H04303,1,6072.9,117.5,3.249,0,东南,116.297326,40.095127
H04304,12,8031.0,147.5,1.185,0,西南,116.128038,39.741558
H04305,22,6813.8,129.9,0.897,1,南,116.248043,39.750275
H04306,13,7389.6,146.3,3.688,0,北,116.387676,39.964054
H04307,9,5797.2,116.9,0.985,1,北,116.556752,39.927087
H04308,5,3048.7,59.6,2.282,1,西,116.12243,39.753828
H04309,18,8029.8,137.8,2.38,1,南,116.300551,40.04958
H04310,22,4317.2,91.5,1.664,0,东南,116.372213,39.780521
H04311,1,8312.1,153.4,3.982,1,东,116.176006,40.029536
H04312,7,5178.7,104.7,1.059,1,东,116.518708,39.860111
H04313,7,7588.3,137.3,0.464,1,南,116.480232,39.929023
H04314,23,4689.1,115.1,4.936,0,北,116.317118,40.013781
H04315,12,8065.0,150.3,2.328,1,南,116.245029,39.831336
H04316,7,6960.9,143.9,0.675,0,东,116.199254,39.750522
H04317,5,7425.6,150.4,0.114,0,东,116.19693,39.725997
H04318,22,3292.7,78.4,0.28,0,北,116.479243,39.851385
H04319,9,3800.8,63.5,0.468,0,东,116.283041,39.951076
H04320,14,8119.6,144.0,4.307,0,南,116.541913,39.976212
H04321,2,3680.5,72.3,4.785,0,南,116.2484,40.078143
H04322,8,2334.2,52.7,3.584,0,西,116.553079,39.982601
H04323,14,5423.3,106.4,1.33,0,南,116.036397,39.94964
H04324,12,2893.8,46.5,2.702,0,南,116.05918,39.866027
H04325,3,4914.2,105.9,4.583,0,南,116.434995,40.003943
H04326,2,3987.1,77.5,3.981,1,东南,116.152286,39.712504
H04327,23,6853.2,127.8,2.257,0,南,116.385132,39.954064
H04328,18,5636.0,113.7,1.717,0,南,116.220155,40.072624
H04329,19,5911.0,124.9,1.209,0,西,116.355642,40.051159
H04330,16,3143.5,53.0,1.619,0,西,116.3621,40.021991
H04331,12,5510.4,121.5,4.062,0,东,116.206371,39.758999
H04332,14,4961.2,111.8,2.552,1,西,116.448251,39.792855
H04333,20,6120.8,133.4,3.82,0,西,116.303894,39.90817
H04334,14,3656.4,82.7,1.679,0,西南,116.580532,39.879828
H04335,5,6651.7,124.0,1.43,1,东南,116.447402,40.093662
H04336,22,8405.3,142.8,2.297,1,西,116.060318,39.805918
H04337,22,3114.3,56.3,2.348,1,南,116.288854,39.747759
H04338,12,7841.4,153.0,1.095,1,西南,116.598175,40.005474
H04339,7,3912.4,76.7,2.916,1,北,116.160981,39.991313
H04340,12,3269.6,77.3,3.575,0,北,116.499836,39.953146
H04341,12,5724.1,109.3,0.764,1,东南,116.363536,39.887516
H04342,20,7094.4,115.5,4.502,1,南,116.282215,39.966263
H04343,21,3907.6,73.8,3.12,1,南,116.593927,39.851574
H04344,21,7103.9,152.4,0.25,1,南,116.346385,39.883928
H04345,2,4932.6,98.1,3.244,1,西,116.483152,39.998917
H04346,20,3064.2,53.4,2.442,0,南,116.131694,39.740956
H04347,20,3203.1,55.7,3.294,0,北,116.569393,39.937216
H04348,3,9508.8,148.5,2.261,0,东,116.055484,39.882729
H04349,23,8336.9,147.8,4.496,1,东南,116.019422,39.928936
H04350,11,7469.8,134.5,0.496,1,北,116.419733,39.994385
H04351,19,6537.1,130.5,4.433,0,南,116.096271,39.79552
H04352,12,7994.1,152.3,1.279,1,北,116.514528,39.886863
H04353,23,8803.1,143.5,0.628,1,东,116.081156,39.849825
H04354,8,2831.0,47.6,4.265,1,南,116.160016,39.843468
H04355,20,7345.4,132.8,2.055,1,南,116.496017,39.970527
H04356,11,3707.3,59.0,0.137,1,西,116.191476,39.772572
H04357,19,7686.9,143.3,2.28,1,西,116.084381,39.986732
H04358,21,4443.8,94.9,3.885,0,南,116.398162,39.830595
H04359,17,4754.3,107.1,3.759,0,东南,116.310887,40.045225
H04360,11,5057.0,103.7,0.93,1,北,116.154642,39.763348
H04361,7,4125.3,87.4,4.587,1,南,116.401561,39.886794
H04362,3,3561.9,65.5,1.235,0,西,116.050238,39.8962
H04363,6,8519.9,150.7,0.373,0,西,116.378099,39.908305
H04364,5,8949.1,159.1,2.174,1,西,116.543403,40.053229
H04365,5,5759.1,119.1,1.007,1,南,116.31407,39.859969
H04366,11,3089.6,53.4,1.138,0,北,116.413647,40.033033
H04367,2,7098.1,138.7,4.862,1,北,116.402222,40.034498
H04368,13,4852.0,102.2,0.952,1,西,116.030772,39.848728
H04369,14,7659.4,141.6,4.577,0,东,116.460218,40.087306
H04370,18,4439.0,96.7,3.452,0,东,116.533827,39.961378
H04371,21,3762.3,57.0,2.462,1,南,116.308797,39.758677
H04372,6,7083.9,136.3,1.57,1,西,116.123862,39.783828
H04373,19,2980.2,62.0,4.282,0,南,116.330625,39.879196
H04374,10,3327.7,55.9,3.539,1,东,116.54326,39.79876
H04375,6,6964.9,131.5,1.669,1,东南,116.04844,39.902279
H04376,11,7353.9,131.3,1.782,1,东,116.321134,39.719683
H04377,23,4127.7,91.0,4.72,1,南,116.557578,39.745664
H04378,4,7133.9,151.6,1.506,1,北,116.183133,40.049481
H04379,8,4546.9,83.0,1.778,1,南,116.439206,40.094033
H04380,4,5491.9,107.7,3.012,1,东南,116.199924,40.095407
H04381,1,4178.8,76.0,1.427,1,西,116.023637,39.754044
H04382,23,5942.4,102.1,2.613,1,东,116.111361,40.052102
H04383,11,2678.5,50.9,1.697,0,北,116.45318,40.00619
H04384,5,3173.4,55.8,3.183,0,南,116.46788,40.061611
H04385,14,3239.0,53.0,0.786,0,北,116.084534,39.72347
H04386,10,6932.9,120.4,0.906,1,东南,116.364804,39.982406
H04387,21,8040.7,151.7,1.686,0,南,116.541208,39.936058
H04388,4,5363.4,109.7,3.293,0,东南,116.140194,39.971002
H04389,7,5811.3,109.5,4.563,1,南,116.099557,40.054639
H04390,21,3704.2,57.4,1.528,1,南,116.587078,40.094188
H04391,2,7567.1,151.0,4.682,0,西南,116.284535,40.073528
H04392,11,2990.7,47.9,1.873,1,南,116.285498,39.88933
H04393,5,2482.7,48.5,0.634,0,南,116.35261,39.868036
H04394,9,2453.7,49.4,3.9,0,东,116.408693,39.731873
H04395,11,3729.8,68.4,2.538,0,西,116.076871,39.992492
H04396,16,5503.4,117.2,1.964,1,西,116.368677,39.882039
H04397,11,3904.9,73.6,0.531,1,南,116.341533,39.978944
H04398,3,3911.6,93.4,4.493,0,西南,116.207246,39.835968
H04399,22,6423.5,113.2,2.397,1,西南,116.032191,40.082794
H04400,12,4123.6,83.1,2.395,1,南,116.152598,39.762339
H04401,4,8338.6,147.8,2.123,1,东,116.003682,39.925454
H04402,19,2925.8,62.9,1.242,1,北,116.386945,39.723837
H04403,5,7033.8,123.8,0.466,1,东,116.37053,40.08286
H04404,12,4971.3,102.9,1.437,0,南,116.408129,39.895548
H04405,19,2462.7,49.5,4.447,0,北,116.282032,39.705151
H04406,4,3091.7,67.9,1.033,0,西,116.542381,40.083595
H04407,11,4599.8,96.4,0.106,0,南,116.366312,39.782614
H04408,12,3375.7,87.6,2.384,0,北,116.547961,39.892217
H04409,4,7403.8,144.3,0.547,0,西,116.243937,40.056604
H04410,11,5928.4,121.0,4.769,0,东南,116.400957,39.71463
H04411,9,8005.4,151.4,2.514,0,南,116.013682,39.739352
H04412,4,7192.7,129.0,1.141,0,西,116.240611,39.928375
H04413,11,4954.9,95.7,2.511,1,南,116.58818,39.902622
H04414,23,3540.8,59.0,0.141,1,南,116.146308,39.939593
H04415,21,5622.7,121.1,2.89,0,东,116.28691,40.053935
H04416,20,8301.3,153.9,2.008,0,北,116.540851,40.089295
H04417,11,7648.6,146.6,1.653,0,东,116.534236,39.975545
H04418,11,5170.5,119.5,3.612,0,南,116.179527,39.702648
H04419,9,5044.2,110.3,1.229,1,西南,116.126719,39.863542
H04420,15,4438.8,87.7,4.019,1,南,116.572294,39.995504
H04421,10,5817.7,103.8,0.515,0,南,116.113702,39.908405
H04422,12,5874.7,113.5,4.213,1,东南,116.254437,40.019823
H04423,9,6781.0,135.9,1.775,0,东,116.392221,39.711442
H04424,18,3034.2,62.4,2.41,0,西南,116.249948,39.864051
H04425,10,7147.2,131.4,3.7,1,西,116.099881,39.893801
H04426,10,4366.6,93.2,0.218,0,东南,116.285068,39.733103
H04427,4,6268.1,118.2,4.677,1,北,116.019727,40.082319
H04428,16,4501.9,101.2,1.528,0,西,116.324587,39.920614
H04429,23,3089.9,50.8,0.439,0,南,116.150987,39.755543
H04430,9,7805.7,145.9,2.258,0,南,116.195856,39.93375
H04431,18,4998.1,94.8,2.354,1,东南,116.579092,39.850339
H04432,18,3805.7,72.1,3.061,1,北,116.355942,39.956438
H04433,10,7200.8,131.0,0.759,0,南,116.341009,40.02521
H04434,19,6354.2,130.4,1.321,1,北,116.148425,40.025383
H04435,9,8216.7,143.7,1.64,1,东,116.062904,39.795215
H04436,5,6305.2,140.3,1.05,1,北,116.318409,39.971844
H04437,5,4753.7,99.7,1.717,0,南,116.054875,39.794467
H04438,8,4049.1,80.0,0.866,0,西,116.433996,39.861395
H04439,1,5305.8,113.2,3.511,0,东,116.190744,39.896503
H04440,15,10463.0,154.9,3.649,0,西南,116.136835,40.05598
H04441,12,6802.5,143.7,0.966,1,北,116.380485,40.077647
H04442,18,8187.7,151.6,3.973,1,南,116.081223,40.053701
H04443,9,5563.8,114.0,0.856,1,南,116.162913,40.06359
H04444,20,5615.9,116.7,3.05,1,南,116.26546,40.046687
H04445,10,3614.0,75.9,2.84,0,西,116.112201,39.825149
H04446,2,5488.9,112.3,3.271,0,南,116.361681,40.031768
H04447,14,7178.0,127.3,1.139,1,南,116.354292,40.019333
H04448,11,8823.0,147.6,0.162,1,南,116.270215,40.086418
H04449,9,4281.9,91.9,0.562,1,南,116.069443,40.025357
H04450,19,7661.9,147.6,3.101,1,西南,116.468662,39.89097
H04451,19,6962.6,136.7,2.622,1,西南,116.590122,39.810373
H04452,3,3028.5,56.3,2.872,0,南,116.591361,39.818539
H04453,18,6990.0,140.0,1.029,0,北,116.054718,39.924774
H04454,12,7596.5,156.6,1.831,1,北,116.561444,39.727072
H04455,14,4661.6,108.7,3.232,0,西,116.195582,39.906014
H04456,6,4677.4,85.8,2.779,1,南,116.114069,39.933537
H04457,14,6997.4,151.9,4.601,1,东,116.521655,39.969914
H04458,20,3475.0,77.6,1.619,1,北,116.234274,39.774335
H04459,16,10290.4,155.9,4.342,0,南,116.084209,39.831775
H04460,12,6211.5,129.2,0.822,0,西,116.525922,39.875224
H04461,12,5854.4,121.3,3.29,0,南,116.453641,39.788101
H04462,10,4290.1,101.7,2.016,0,东南,116.376095,39.707517
H04463,14,6160.5,126.9,0.852,1,南,116.220555,39.907421
H04464,4,3863.6,77.5,1.55,1,西南,116.397106,39.928507
H04465,12,2925.5,49.5,2.174,0,东南,116.248262,40.073738
H04466,22,7070.3,122.1,4.084,1,东南,116.007621,39.786311
H04467,4,6112.4,122.7,4.504,1,北,116.252098,39.919805
H04468,6,4471.8,99.1,2.292,0,西,116.14957,39.921387
H04469,11,6491.6,131.0,4.62,1,南,116.421386,39.83113
H04470,12,4702.0,101.3,1.9,0,南,116.263683,39.776039
H04471,22,5977.8,111.6,4.313,0,东南,116.270062,40.031737
H04472,5,9182.0,158.3,1.177,1,南,116.222927,40.0508
H04473,2,4149.0,89.2,3.448,0,南,116.348616,39.810111
H04474,22,3599.5,69.6,1.23,0,东,116.424057,39.822558
H04475,6,3636.2,81.7,4.075,1,西南,116.047039,39.763403
H04476,17,7338.1,143.4,2.749,1,东南,116.566524,39.878268
H04477,7,3722.6,66.3,4.125,0,东,116.245962,39.828912
H04478,9,4791.8,95.1,1.528,1,东南,116.192297,39.909455
H04479,20,7680.5,140.2,4.943,1,东南,116.087931,39.780979
H04480,22,3872.9,86.7,4.805,0,北,116.32907,39.790639
H04481,1,6147.1,143.3,1.581,0,东,116.454299,39.714778
H04482,2,3590.1,62.5,1.967,1,东南,116.258833,40.077644
H04483,6,4152.9,77.9,3.838,1,南,116.217453,40.013685
H04484,5,2894.5,63.1,4.133,1,北,116.28011,39.923127
H04485,18,4812.6,92.7,2.489,0,南,116.435055,40.062385
H04486,17,8708.4,159.4,0.352,1,南,116.592078,39.707115
H04487,20,3928.7,80.6,3.223,0,南,116.282887,40.047579
H04488,19,8172.1,149.9,3.168,1,东南,116.229624,39.921945
H04489,5,9237.2,157.4,3.842,1,南,116.290368,39.784075
H04490,10,4452.5,94.1,3.479,0,南,116.333214,39.876001
H04491,12,7548.9,148.8,1.491,1,西,116.228216,39.751187
H04492,22,5535.7,99.5,0.488,0,西,116.011712,40.073096
H04493,8,3681.8,76.7,0.282,1,南,116.566601,40.094485
H04494,1,4731.6,116.3,3.182,0,南,116.284567,40.071673
H04495,14,6984.7,122.4,0.623,0,东,116.169062,40.001114
H04496,15,3825.7,80.7,0.2,0,西,116.345674,39.70911
H04497,4,4739.5,98.1,4.918,0,东南,116.460061,40.0695
H04498,16,3076.6,58.3,0.27,1,南,116.397432,39.894349
H04499,2,3830.6,76.5,4.828,1,北,116.039439,39.714809
H04500,5,8010.6,144.2,3.189,0,南,116.280209,40.097432
H04501,2,6995.2,130.0,2.172,0,北,116.31183,39.850617
H04502,8,3248.7,49.6,1.874,1,南,116.287606,39.710956
H04503,3,4977.4,101.1,0.465,0,南,116.430543,40.011271
H04504,5,4149.8,78.4,0.519,0,东南,116.061918,39.934665
H04505,1,4613.2,105.9,3.997,0,南,116.339614,40.078721
H04506,17,8380.3,155.9,2.729,0,北,116.159351,40.069318
H04507,18,6876.3,141.5,4.115,1,南,116.513192,39.978508
H04508,20,5068.2,93.4,0.209,0,西,116.194646,40.094019
H04509,21,5487.6,123.5,4.858,0,北,116.504274,39.70955
H04510,16,3621.3,56.9,0.641,1,东,116.437024,40.086158
H04511,8,3152.2,52.8,3.501,1,南,116.094834,39.940559
H04512,24,8441.2,141.2,0.174,1,东,116.248203,39.957994
H04513,24,3209.7,54.2,4.753,1,北,116.013448,39.716469
H04514,20,3667.8,57.8,2.926,0,东南,116.050907,39.933575
H04515,20,8477.4,137.8,0.868,1,南,116.321941,39.931446
H04516,23,8920.2,152.8,3.886,1,东,116.152995,39.951534
H04517,9,4667.8,92.8,3.186,1,东南,116.006028,39.75402
H04518,1,5084.9,101.2,3.645,0,南,116.020094,40.094082
H04519,21,3685.1,86.5,1.545,0,北,116.486778,39.747695
H04520,16,3332.2,62.2,2.228,1,南,116.543713,39.988599
H04521,16,7336.6,126.2,2.062,1,南,116.045932,40.088235
H04522,10,7110.0,132.0,0.298,0,东南,116.226687,39.867418
H04523,8,8293.7,143.0,1.229,1,南,116.168807,40.058203
H04524,20,4700.4,101.1,3.861,1,南,116.467419,39.833227
H04525,8,5020.7,96.8,1.819,0,东,116.101924,39.921086
H04526,24,3960.5,81.0,3.746,0,南,116.269551,39.817483
H04527,19,3149.0,53.2,0.878,1,东,116.465433,39.728789
H04528,10,5604.5,106.9,1.88,1,东,116.086359,40.075533
H04529,7,3549.0,74.9,0.177,0,东南,116.235113,40.052608
H04530,22,7159.0,135.9,2.999,0,北,116.370634,40.000885
H04531,14,6682.8,125.5,0.939,1,南,116.488923,40.077955
H04532,6,4343.9,79.2,0.945,0,东,116.5859,39.923651
H04533,6,8037.2,152.9,1.732,0,南,116.093327,39.839187
H04534,23,5352.6,112.3,0.131,1,东南,116.572716,39.854436
H04535,9,9595.6,159.4,2.74,1,西南,116.037555,39.997202
H04536,18,7877.2,147.1,3.073,1,南,116.228037,39.792556
H04537,7,5980.1,122.1,2.724,1,北,116.548093,39.918706
H04538,9,7023.9,139.1,4.675,1,南,116.272912,39.812245
H04539,21,2950.6,56.7,4.318,0,北,116.572905,39.822841
H04540,20,2830.4,47.5,4.438,0,南,116.202232,40.042912
H04541,7,7262.8,132.4,3.744,0,南,116.051671,39.841797
H04542,8,8191.7,144.2,2.945,1,东南,116.59808,40.056704
H04543,24,8614.1,151.4,2.176,0,东,116.228113,39.849842
H04544,5,5361.9,107.8,1.907,0,东,116.423544,39.849357
H04545,3,5521.4,109.8,4.479,0,西,116.249167,40.039437
H04546,5,4352.0,107.5,4.848,0,北,116.275657,39.89002
H04547,8,3512.1,64.4,2.341,0,东南,116.355768,39.901143
H04548,8,3054.2,52.5,4.333,0,东,116.065953,40.011451
H04549,24,8239.8,156.1,4.943,1,西,116.474277,40.012513
H04550,5,7755.4,144.5,2.946,1,南,116.082045,40.075245
H04551,3,3248.2,67.3,3.918,0,东,116.012208,39.762038
H04552,8,2796.3,50.1,4.922,1,南,116.394545,39.86599
H04553,20,2766.3,45.4,1.994,1,西南,116.175692,39.920853
H04554,2,9742.9,153.5,2.541,1,东南,116.325178,40.04545
H04555,10,4791.7,102.8,2.366,0,东南,116.536428,39.98765
H04556,1,2528.2,45.7,4.612,0,北,116.341481,39.718246
H04557,13,6959.4,128.3,2.981,1,西,116.496734,40.093188
H04558,2,5718.9,118.8,3.08,1,东南,116.532059,39.982439
H04559,4,3785.7,88.3,2.356,0,东,116.582171,40.082976
H04560,2,9361.6,153.1,0.186,0,西南,116.011103,39.782458
H04561,9,5049.7,109.5,1.427,1,北,116.383418,39.977004
H04562,1,3155.5,69.5,4.393,0,南,116.199696,39.732579
H04563,10,5078.2,106.4,3.632,1,东,116.001651,39.736959
H04564,1,4468.3,102.0,2.419,0,南,116.556309,39.758673
H04565,22,7984.1,147.3,3.258,0,东,116.194436,39.944049
H04566,10,4054.5,79.7,2.382,0,东南,116.554329,39.919241
H04567,12,3181.0,55.5,3.051,1,南,116.535971,40.010755
H04568,19,6664.6,132.1,3.325,1,南,116.244195,39.766068
H04569,12,8944.4,137.5,1.839,1,南,116.140708,39.902073
H04570,7,3375.2,70.1,4.206,1,西南,116.380888,39.997863
H04571,15,5725.5,114.0,3.78,1,西南,116.464366,39.773455
H04572,16,5416.0,101.3,0.69,0,东,116.159464,39.858963
H04573,24,8862.2,151.8,3.327,0,南,116.484893,39.790342
H04574,1,3483.6,71.1,1.482,0,北,116.210873,39.906309
H04575,8,7686.0,138.8,0.133,1,东,116.514214,39.884106
H04576,22,5353.0,106.2,0.566,1,西,116.410639,40.010718
H04577,21,5604.9,117.6,4.017,1,西,116.428766,39.714209
H04578,18,8180.0,147.7,1.162,0,东,116.42039,39.980358
H04579,17,4157.6,73.8,2.058,1,南,116.581428,39.753413
H04580,9,4034.0,72.5,2.166,0,东,116.023535,39.958919
H04581,22,4234.1,89.3,3.299,0,南,116.492437,39.78854
H04582,19,9131.8,155.7,4.922,0,南,116.204006,39.887684
H04583,23,5853.7,113.3,4.316,1,南,116.27046,39.826652
H04584,5,4813.3,98.9,4.041,0,南,116.4148,39.797535
H04585,15,4024.0,67.4,2.601,1,南,116.348073,39.91592
H04586,17,3911.5,72.6,2.605,0,东南,116.43817,40.089606
H04587,12,3060.3,53.8,1.06,0,南,116.041594,39.861939
H04588,11,4506.9,83.8,1.71,1,西南,116.035751,40.087009
H04589,20,4019.2,95.4,0.876,0,南,116.499659,39.841991
H04590,10,6042.7,111.9,3.678,1,东,116.393922,40.022041
H04591,24,3802.3,74.5,2.786,0,北,116.33209,39.956156
H04592,1,4533.1,87.4,0.621,1,南,116.335856,40.062194
H04593,18,7421.8,144.0,4.87,1,南,116.281113,39.841755
H04594,18,7453.2,149.9,1.726,1,南,116.238571,39.830233
H04595,11,5369.9,111.9,2.493,1,南,116.094118,39.708305
H04596,8,5087.4,116.7,4.014,1,西,116.339626,39.716107
H04597,1,2976.1,54.0,4.984,1,南,116.343749,40.014858
H04598,19,3506.0,63.7,3.528,0,北,116.274021,39.951785
H04599,5,7311.1,146.8,0.72,0,北,116.564318,40.043886
H04600,10,3503.1,73.0,4.898,0,西南,116.013668,39.814686
H04601,6,8081.8,136.0,0.813,1,西,116.006323,39.818476
H04602,13,7502.7,143.5,0.138,0,南,116.567603,39.887081
H04603,7,4346.8,102.2,4.162,1,西南,116.551997,39.905702
H04604,5,5348.1,113.3,2.298,0,东,116.577715,39.799933
H04605,18,4098.7,88.0,4.752,0,东,116.390398,40.081659
H04606,13,4306.2,71.8,0.101,1,南,116.395578,40.084102
H04607,6,2713.8,47.3,3.26,0,南,116.418408,39.985169
H04608,1,3588.9,70.5,4.855,0,东,116.109146,39.800536
H04609,6,4361.7,87.1,0.86,1,南,116.285429,39.722451
H04610,21,7166.5,128.4,0.45,1,南,116.53607,39.922842
H04611,15,6790.6,144.5,4.746,1,南,116.536926,40.013212
H04612,24,9236.2,152.8,3.606,1,南,116.092745,39.700886
H04613,12,9651.3,159.7,2.213,0,西,116.150262,39.946089
H04614,7,7513.5,148.6,0.777,1,南,116.127985,39.884912
H04615,14,5471.0,120.8,0.2,0,西,116.32269,39.824528
H04616,7,5402.3,107.3,0.183,1,东南,116.261778,39.706186
H04617,2,4766.8,100.3,1.054,0,东南,116.523523,39.732227
H04618,14,8196.6,147.8,3.134,0,北,116.08403,39.764555
H04619,16,6658.8,124.5,2.699,1,南,116.585089,40.025368
H04620,10,7160.0,136.9,2.745,1,东,116.278512,39.835269
H04621,12,3199.6,46.9,3.787,0,东,116.120586,39.715061
H04622,12,3139.1,59.6,1.987,1,北,116.163177,39.878238
H04623,19,7827.6,141.1,2.581,1,南,116.120244,39.757723
H04624,8,4905.8,107.8,3.669,0,南,116.398775,39.907256
H04625,15,6143.8,126.9,3.056,0,东,116.202615,39.811733
H04626,5,7400.0,158.4,3.791,0,南,116.148981,39.729465
H04627,12,5670.0,109.1,3.567,1,东,116.085662,39.778755
H04628,23,7757.0,137.9,2.412,0,南,116.051318,39.98982
H04629,20,4741.9,94.2,1.165,1,南,116.488059,39.925368
H04630,23,5405.8,118.7,3.95,0,南,116.592686,39.78318
H04631,23,4133.9,88.4,2.102,0,东,116.17322,39.879835
H04632,15,6437.3,138.1,3.177,1,北,116.291045,39.914315
H04633,1,5854.3,122.9,1.517,0,北,116.196783,40.066816
H04634,8,4726.1,99.9,0.207,1,西,116.224901,39.858107
H04635,14,5985.2,113.6,4.401,1,南,116.316615,39.999852
H04636,11,7096.7,135.3,2.787,0,南,116.198428,39.768436
H04637,7,9234.4,159.6,1.368,1,南,116.485569,39.909297
H04638,2,2734.8,51.8,3.375,0,东,116.306861,39.748497
H04639,8,3667.8,79.5,3.155,0,东南,116.52875,40.059774
H04640,4,7734.8,137.5,0.324,1,北,116.153132,39.718256
H04641,9,2938.3,52.9,0.102,0,南,116.511356,40.057267
H04642,13,8281.7,141.8,3.477,1,北,116.014359,40.005163
H04643,23,3665.4,61.0,3.863,1,东南,116.305975,39.877089
H04644,1,3536.4,65.0,3.107,1,西南,116.561411,40.02541
H04645,9,3649.5,81.5,4.126,1,东,116.553305,40.000108
H04646,5,6673.3,140.7,0.131,0,南,116.301847,39.933868
H04647,2,9029.7,151.1,4.143,0,南,116.039493,39.825498
H04648,2,3227.7,60.6,3.822,1,南,116.394381,39.87471
H04649,14,3848.3,69.2,3.666,1,西,116.213891,39.865439
H04650,24,7140.9,126.8,4.921,1,南,116.262181,40.083841
H04651,8,6862.7,130.8,4.629,0,东南,116.177626,39.951556
H04652,21,2897.2,50.4,1.228,1,南,116.590207,40.003783
H04653,22,8002.7,146.8,3.16,1,东,116.103772,39.841977
H04654,19,3930.8,71.5,3.998,1,东,116.267409,40.094235
H04655,24,3882.1,69.3,3.558,0,北,116.178599,40.026151
H04656,16,8944.2,146.6,1.945,1,西,116.128466,39.847001
H04657,24,4537.3,79.1,0.145,1,南,116.596021,39.778987
H04658,18,3638.3,64.6,2.82,1,南,116.174962,40.02924
H04659,23,4288.7,94.5,1.12,1,北,116.386181,39.925142
H04660,1,4274.6,106.5,0.662,0,北,116.506958,39.802639
H04661,24,5180.6,103.9,3.141,1,南,116.381993,39.732516
H04662,20,3471.3,63.6,3.658,1,西南,116.158322,39.734364
H04663,24,5688.9,111.8,4.992,1,西,116.43647,40.014585
H04664,9,5467.2,108.0,0.269,0,东南,116.22652,39.79734
H04665,6,3996.4,68.0,1.59,1,南,116.039965,40.0241
H04666,21,2868.1,47.1,3.255,1,西,116.532102,39.950962
H04667,24,5434.3,101.3,2.771,1,南,116.354306,39.854066
H04668,10,5450.3,105.4,3.498,1,东,116.339098,40.029287
H04669,3,3766.4,71.4,4.842,1,南,116.334064,40.084948
H04670,13,5072.1,101.2,4.186,1,南,116.139872,39.93126
H04671,3,7570.5,145.6,2.75,1,东南,116.378045,40.060168
H04672,23,7561.1,155.6,1.855,0,东南,116.501869,40.042291
H04673,3,6767.7,129.9,0.264,0,北,116.124171,39.7656
H04674,20,3153.6,49.9,1.552,1,东,116.464147,40.017283
H04675,19,3420.2,80.2,3.12,0,南,116.343557,39.925837
H04676,23,7951.9,153.4,3.695,0,南,116.226328,39.940485
H04677,24,5542.8,107.8,2.567,1,南,116.234773,40.063698
H04678,11,5664.3,110.4,0.112,1,东,116.054714,39.932948
H04679,14,3348.5,61.7,2.806,1,东,116.04134,39.791994
H04680,14,6937.1,133.2,3.697,0,南,116.424338,39.73789
H04681,12,8100.9,144.2,2.717,1,东,116.210858,39.819962
H04682,19,4392.9,88.4,2.651,0,南,116.012046,39.928307
H04683,21,7196.0,132.4,3.226,1,南,116.528743,39.85469
H04684,3,4217.9,84.0,1.975,0,东,116.043456,39.989904
H04685,10,8445.9,150.9,1.126,1,北,116.215185,40.089388
H04686,17,8763.1,155.2,4.66,1,南,116.491887,39.985666
H04687,16,5386.5,118.8,3.235,0,西南,116.275699,39.934087
H04688,24,2755.0,46.1,1.508,1,北,116.103325,39.937006
H04689,4,4237.5,84.6,1.663,0,东,116.332384,40.035281
H04690,3,3065.5,58.1,4.626,1,西南,116.23088,39.92778
H04691,7,4992.0,79.0,0.113,1,西,116.017393,39.980546
H04692,8,4169.1,80.1,2.956,1,南,116.595224,40.093887
H04693,7,6131.1,125.9,2.609,0,南,116.580126,39.932373
H04694,24,5307.3,100.8,0.954,0,西南,116.038977,39.956922
H04695,23,3971.5,67.8,4.469,1,南,116.051832,39.797763
H04696,6,6025.0,136.3,3.143,0,南,116.373704,39.711755
H04697,9,6666.0,142.6,4.35,1,南,116.450435,39.73627
H04698,13,3329.8,68.3,1.388,1,南,116.501404,39.966851
H04699,17,8344.4,136.4,1.944,1,西,116.313946,39.926838
H04700,14,3267.9,66.8,3.357,0,西,116.394866,39.793455
H04701,2,2855.9,48.6,3.465,1,南,116.311042,39.880488
H04702,20,7191.5,131.0,0.701,1,南,116.144662,40.056521
H04703,12,8275.7,146.5,2.558,1,南,116.489261,39.861316
H04704,11,3061.8,49.2,3.264,1,南,116.220086,39.927682
H04705,6,4687.0,92.8,0.361,0,东,116.209599,40.096893
H04706,9,3358.7,68.8,0.498,1,西,116.220846,39.953736
H04707,16,2939.9,66.5,2.18,0,北,116.428219,39.917156
H04708,16,6557.2,126.8,1.489,0,东,116.317739,39.968679
H04709,12,2515.9,51.9,3.744,0,西,116.338217,40.004577
H04710,20,4318.5,93.0,2.846,0,北,116.015073,39.88086
H04711,13,4821.5,108.0,4.445,1,西,116.407644,40.090865
H04712,18,3954.0,82.1,3.832,1,东,116.48261,39.868552
H04713,6,2889.7,53.0,1.309,1,西,116.313511,39.704702
H04714,17,7511.2,145.2,4.242,1,南,116.535292,39.82979
H04715,4,3031.1,51.9,2.235,0,南,116.576244,39.728747
H04716,18,3253.5,63.6,4.723,1,南,116.59016,39.729982
H04717,1,2940.7,48.2,3.152,0,南,116.00732,40.092912
H04718,24,7352.9,137.3,1.219,1,南,116.560718,39.826212
H04719,12,8426.8,151.9,0.972,1,东,116.501668,39.839384
H04720,4,8298.3,147.3,3.415,0,北,116.001217,39.790485
H04721,15,6038.1,121.3,3.471,0,南,116.316218,39.95655
H04722,21,5917.6,122.8,0.665,0,南,116.450673,40.008113
H04723,24,8032.6,139.3,4.921,1,南,116.19156,39.998582
H04724,7,3753.8,71.8,3.564,1,南,116.54624,39.937357
H04725,8,4507.3,89.2,1.657,1,北,116.448699,39.932326
H04726,6,3990.8,77.3,0.876,0,北,116.58429,39.990997
H04727,9,5066.1,104.3,3.527,0,东南,116.094889,39.949574
H04728,21,4923.2,95.7,4.122,1,西南,116.096187,39.923151
H04729,2,4384.3,85.6,2.098,0,北,116.427339,39.71694
H04730,1,8650.9,152.3,0.368,1,西,116.131655,39.96275
H04731,20,4114.8,71.9,1.549,1,东,116.440633,39.883567
H04732,4,6822.4,147.1,1.741,0,东,116.401221,40.027015
H04733,23,3537.5,71.0,4.485,0,西,116.542534,39.929474
H04734,2,9016.2,153.1,2.745,1,南,116.021804,39.713604
H04735,4,7814.5,155.2,2.933,1,南,116.466225,40.00855
H04736,10,4207.7,80.1,0.459,1,东,116.444788,39.906569
H04737,23,7676.5,144.4,2.247,1,东,116.1119,39.901231
H04738,5,3384.9,69.5,0.53,0,南,116.15746,39.950665
H04739,14,5098.2,97.5,3.94,1,南,116.239112,39.765419
H04740,1,6551.1,128.4,4.002,1,东,116.245299,39.997593
H04741,10,3845.2,76.5,2.836,0,东南,116.339992,40.000955
H04742,3,5715.2,117.9,3.83,1,南,116.282479,40.08325
H04743,9,4737.3,96.1,1.146,1,北,116.351859,39.971049
H04744,23,8548.2,149.6,1.081,1,北,116.585888,39.903
H04745,5,5665.6,109.6,4.823,1,南,116.054618,39.903363
H04746,22,7983.0,139.5,0.128,0,西,116.298033,40.097771
H04747,19,5934.9,119.9,0.568,1,西,116.025233,39.742189
H04748,11,3568.8,74.9,0.53,0,南,116.204958,39.999019
H04749,4,7199.7,128.4,0.348,0,西南,116.584827,39.990336
H04750,2,4444.7,88.1,4.493,0,东,116.591384,40.094198
H04751,3,3220.6,45.6,3.377,1,西,116.091463,39.884644
H04752,12,3917.5,85.5,3.348,1,北,116.001821,39.745876
H04753,7,6628.0,144.7,4.41,0,东南,116.535947,40.04719
H04754,9,4061.6,78.6,2.325,0,南,116.215236,39.957517
H04755,5,6515.0,117.3,0.64,0,南,116.05833,39.805241
H04756,11,8588.1,145.9,0.432,1,西,116.103696,40.099167
H04757,24,7009.2,124.4,1.521,1,南,116.213068,39.999997
H04758,20,7908.7,147.5,0.745,0,南,116.197988,39.808554
H04759,23,3471.8,49.0,4.752,1,东南,116.033636,39.79324
H04760,24,6997.3,134.6,4.491,1,南,116.237232,40.036967
H04761,14,4582.6,81.4,0.837,0,西南,116.088091,39.981211
H04762,7,6625.6,123.3,2.901,1,东,116.296551,40.062628
H04763,13,3207.0,63.8,1.942,0,南,116.404342,39.733559
H04764,5,3374.1,62.1,3.092,1,东南,116.503519,39.814518
H04765,5,8033.6,132.8,1.436,0,东,116.438713,39.721575
H04766,6,3460.8,65.5,0.356,0,西,116.486176,39.773931
H04767,10,6448.4,125.4,4.116,0,南,116.071459,39.872801
H04768,15,2973.3,45.2,0.719,1,南,116.3454,39.797334
H04769,2,3114.9,56.9,2.378,0,东,116.469048,39.943531
H04770,23,3326.4,64.4,4.497,0,西,116.121997,39.801112
H04771,6,7875.7,136.8,1.614,1,南,116.457033,40.044922
H04772,12,3091.4,51.7,2.954,0,西,116.031395,39.720623
H04773,23,7974.1,147.5,4.481,1,东,116.458171,39.948042
H04774,23,7632.6,120.1,4.109,1,南,116.066032,39.882095
H04775,5,7074.9,134.2,2.635,1,东,116.227374,40.026785
H04776,3,5160.2,99.3,2.501,0,南,116.22844,39.767059
H04777,15,5549.7,106.5,2.149,1,西南,116.435437,40.071973
H04778,16,4796.0,87.1,2.592,1,东,116.226657,39.926081
H04779,4,4066.2,90.2,2.708,0,东,116.226608,40.087643
H04780,24,5082.7,110.0,3.755,0,东南,116.571957,39.973847
H04781,19,7357.0,128.8,2.716,1,北,116.055704,39.972017
H04782,1,9081.7,159.9,3.196,1,南,116.202692,39.999342
H04783,23,5811.6,125.5,4.815,0,北,116.2818,39.868859
H04784,14,9125.7,146.5,0.942,1,南,116.377272,40.034941
H04785,11,3336.7,54.6,1.049,0,南,116.150815,39.868347
H04786,1,3970.1,82.1,2.672,1,东,116.464773,39.837548
H04787,14,3275.1,68.0,3.775,0,南,116.296627,39.924772
H04788,21,4452.4,93.0,0.753,1,东,116.214287,39.951213
H04789,9,6416.5,122.0,2.878,1,东南,116.119156,39.929801
H04790,19,9563.6,157.0,4.415,1,南,116.216707,40.014973
H04791,22,3152.4,59.7,4.648,0,南,116.302799,39.884792
H04792,5,3827.7,90.9,2.72,0,北,116.396948,39.89634
H04793,2,3608.7,76.9,4.855,0,北,116.176118,40.07542
H04794,20,8233.2,149.0,0.746,0,东,116.116918,39.760071
H04795,9,3087.4,64.0,3.225,0,南,116.274332,39.716676
H04796,4,7392.7,129.4,1.12,1,北,116.085525,39.782007
H04797,17,6233.2,116.2,0.786,0,西南,116.551033,39.804632
H04798,4,5102.3,99.4,4.752,0,南,116.131678,39.871274
H04799,11,7767.2,148.8,4.239,1,东南,116.421899,39.84535
H04800,12,4865.9,92.4,3.347,1,南,116.339661,40.091665
H04801,24,8030.9,138.6,1.183,0,东南,116.502862,39.95353
H04802,23,7682.3,142.1,1.896,0,南,116.189086,39.80423
H04803,20,4045.9,85.9,2.813,1,南,116.060937,40.041726
H04804,4,5691.8,125.4,2.697,0,东南,116.312751,39.856241
H04805,10,2549.4,45.5,1.238,0,东南,116.514202,40.011003
H04806,5,6665.9,132.7,0.291,0,南,116.533442,39.789552
H04807,20,3624.5,70.7,0.711,0,南,116.202001,39.921512
H04808,18,5262.5,88.5,2.123,1,南,116.153264,39.753154
H04809,16,3916.8,87.2,4.968,0,南,116.533557,39.710077
H04810,4,2556.9,50.8,3.837,0,西,116.44415,39.754546
H04811,20,3448.3,79.2,4.289,0,南,116.527336,40.077531
H04812,13,6530.4,115.5,2.803,1,南,116.526066,40.026769
H04813,1,6362.7,131.0,1.548,1,南,116.527217,39.740822
H04814,9,3554.2,73.5,1.628,0,西,116.202259,39.852155
H04815,17,4869.2,100.9,0.751,1,南,116.563236,40.044463
H04816,19,6147.8,124.4,0.907,0,南,116.095146,39.735436
H04817,1,3779.2,77.1,4.837,0,东南,116.317727,40.016958
H04818,17,8317.9,145.6,4.15,0,南,116.322456,39.717302
H04819,10,8109.1,136.7,1.984,1,南,116.081292,39.761243
H04820,6,3916.3,63.0,3.014,1,东南,116.085749,39.952118
H04821,9,5953.0,122.4,4.77,1,南,116.561222,39.985802
H04822,10,3912.5,80.8,4.987,1,西,116.462898,39.927553
H04823,17,5073.8,110.1,0.693,0,西南,116.465139,39.953523
H04824,8,6439.2,128.0,0.835,1,东,116.317278,39.908013
H04825,19,3633.1,60.5,1.308,1,南,116.468556,39.920234
H04826,20,4595.2,97.8,1.02,0,南,116.462882,39.802354
H04827,2,2691.4,50.4,0.862,0,南,116.496667,39.907249
H04828,16,2763.7,50.7,2.519,0,南,116.365889,39.712672
H04829,3,9766.9,156.4,3.559,0,南,116.124055,40.073885
H04830,21,5744.3,116.7,2.995,0,西南,116.21266,39.968655
H04831,5,7241.7,137.4,1.152,1,南,116.010779,39.716343
H04832,24,4210.8,70.5,0.835,1,北,116.0524,40.05758
H04833,18,8586.1,137.1,0.341,1,南,116.284856,39.703476
H04834,1,4529.9,99.0,4.571,1,西,116.566793,39.866917
H04835,17,7476.9,125.6,0.76,0,西南,116.045903,39.956899
H04836,20,3990.2,73.9,3.564,1,南,116.54031,39.765914
H04837,4,4544.3,91.1,2.238,1,南,116.374003,39.99159
H04838,11,8436.9,148.4,3.867,1,南,116.482541,40.00685
H04839,24,3755.1,62.4,0.164,0,南,116.446163,39.887167
H04840,15,5265.6,106.7,3.234,0,南,116.45089,39.82831
H04841,8,4236.8,91.7,3.836,0,东,116.432804,39.894014
H04842,8,4878.4,90.6,3.972,0,东,116.158809,39.944076
H04843,6,5513.1,116.0,0.179,1,北,116.363205,39.943533
H04844,7,6137.5,115.7,0.702,1,南,116.285077,39.966103
H04845,22,4977.4,117.9,4.853,1,东,116.464033,39.705334
H04846,16,5527.5,111.2,0.847,0,西,116.169739,39.800189
H04847,4,8590.4,153.3,2.242,1,南,116.177146,39.971512
H04848,14,2897.4,65.5,3.611,0,南,116.555556,39.954925
H04849,10,6312.8,112.2,0.668,1,西,116.204641,39.715804
H04850,19,2958.1,63.7,3.512,0,南,116.24199,39.956928
H04851,12,3619.3,80.3,2.709,1,南,116.425644,39.738507
H04852,8,3215.5,53.3,2.38,1,东,116.122461,39.77303
H04853,22,5542.4,110.2,1.824,1,南,116.068793,39.812922
H04854,20,7541.3,137.2,1.16,1,东南,116.147067,39.907932
H04855,20,3072.9,55.6,0.214,1,南,116.581067,39.937407
H04856,12,6420.9,134.8,4.758,1,南,116.292258,39.759848
H04857,12,6353.9,140.1,3.637,1,南,116.255668,39.72493
H04858,23,4784.6,84.9,1.814,1,南,116.467417,39.879368
H04859,10,6912.8,129.7,4.264,1,北,116.191724,39.842151
H04860,22,3622.0,71.0,4.385,0,东,116.101103,39.773258
H04861,9,4744.8,107.7,4.082,0,南,116.189091,39.788952
H04862,20,9818.8,159.6,0.309,0,南,116.178886,40.002164
H04863,17,4815.1,99.5,2.946,0,北,116.276392,39.871274
H04864,3,8015.2,154.7,2.289,1,北,116.148656,39.944849
H04865,18,6673.8,128.5,4.547,0,南,116.348494,39.899153
H04866,19,3784.5,66.0,4.436,0,南,116.471151,39.991794
H04867,1,5594.4,114.1,2.474,0,南,116.484534,39.732077
H04868,24,6366.1,113.4,2.705,1,东,116.011035,39.953565
H04869,4,6092.8,122.1,0.178,1,东,116.528325,40.033004
H04870,22,4608.7,98.4,1.859,0,南,116.598809,39.781203
H04871,13,7426.7,147.7,4.329,0,西,116.567478,40.058158
H04872,4,3452.8,55.7,0.172,1,东南,116.389987,40.032236
H04873,3,3438.5,62.8,3.4,0,西,116.011368,40.016487
H04874,3,4925.0,94.2,4.827,1,南,116.046687,39.722314
H04875,18,3665.2,68.9,2.1,1,西,116.304613,39.790093
H04876,15,5336.8,107.4,0.809,1,南,116.42783,39.795882
H04877,21,3855.2,74.5,0.447,0,南,116.234428,39.806406
H04878,23,6571.8,131.0,3.922,1,南,116.437348,39.998657
H04879,18,7168.4,153.9,3.32,0,南,116.196488,39.886202
H04880,15,8717.4,145.4,1.317,1,南,116.287928,39.902558
H04881,2,4508.7,99.3,1.288,0,北,116.188968,39.75483
H04882,5,5462.6,104.9,1.894,1,北,116.124277,40.032677
H04883,3,3844.0,84.4,3.376,0,南,116.260848,39.792007
H04884,24,6487.9,115.3,3.459,1,东南,116.392416,40.071406
H04885,8,6403.5,143.7,2.259,1,北,116.324068,39.905402
H04886,16,4859.1,94.3,1.633,1,东,116.459845,39.994098
H04887,1,6966.4,147.6,2.055,1,北,116.372732,40.08545
H04888,23,3727.3,89.3,4.621,0,北,116.59306,39.823658
H04889,15,7500.6,145.7,3.77,0,南,116.37448,39.939852
H04890,4,6877.9,103.3,0.438,1,南,116.058805,39.913455
H04891,24,4225.4,72.8,2.563,0,南,116.101137,40.044091
H04892,24,4198.2,84.1,1.437,1,西,116.126496,39.79929
H04893,20,3224.8,56.1,2.706,1,北,116.558368,39.939623
H04894,2,7746.3,143.4,0.172,0,东,116.291777,40.018616
H04895,16,3634.8,72.8,3.991,1,南,116.577976,40.054302
H04896,15,5182.0,112.6,0.185,0,北,116.335425,39.834165
H04897,4,4824.4,119.0,3.769,0,北,116.389195,40.001541
H04898,5,8091.3,145.3,1.573,1,东,116.342529,39.774134
H04899,7,5134.4,91.4,1.848,1,西,116.043581,39.774304
H04900,9,5416.3,112.5,4.271,1,东,116.560773,39.863644
H04901,13,2856.3,46.5,2.339,0,北,116.034474,39.835175
H04902,20,3296.1,76.9,3.55,0,南,116.229767,39.716341
H04903,15,4128.6,71.3,3.844,0,南,116.151232,39.961015
H04904,12,3645.3,63.3,2.436,1,南,116.215607,39.830048
H04905,24,7310.9,139.8,1.608,1,北,116.366838,39.989265
H04906,21,7803.5,147.9,2.818,0,北,116.028507,39.951248
H04907,11,5284.9,104.7,4.045,1,北,116.204057,40.091695
H04908,1,4121.8,98.0,2.81,1,西,116.263865,39.74403
H04909,15,3444.4,72.2,2.91,0,东,116.437416,39.838709
H04910,6,7400.8,149.3,2.871,1,南,116.020181,39.852288
H04911,14,8851.0,158.4,4.549,1,南,116.478089,39.855249
H04912,5,6089.7,126.3,2.667,0,东,116.189588,39.932405
H04913,23,7672.6,138.2,1.862,0,东南,116.184003,40.004666
H04914,12,6179.8,134.6,3.581,1,东南,116.034492,39.933984
H04915,8,5644.6,118.5,4.577,1,北,116.166655,39.98069
H04916,5,9339.5,159.8,4.615,0,南,116.166518,39.953763
H04917,21,4601.0,81.3,3.484,1,南,116.017421,39.875267
H04918,2,2715.3,49.8,3.428,0,北,116.184883,40.022176
H04919,12,6190.1,109.0,3.193,1,西,116.300084,39.909712
H04920,19,7566.8,139.1,0.195,1,南,116.372806,39.978255
H04921,1,6948.9,129.9,2.23,1,南,116.418474,39.864726
H04922,4,9191.7,155.0,1.462,1,东南,116.063649,39.984634
H04923,5,4281.7,78.7,1.916,1,南,116.166469,39.767537
H04924,23,8075.9,150.7,2.475,0,南,116.527689,39.946927
H04925,24,8083.9,148.8,0.265,0,北,116.360458,39.916162
H04926,14,3355.2,58.5,1.784,1,南,116.47572,39.972416
H04927,22,2625.4,45.0,2.406,0,北,116.329121,39.843827
H04928,17,9639.8,157.3,2.294,1,南,116.571273,39.884907
H04929,12,3845.9,78.9,2.227,1,西,116.26313,39.920102
H04930,22,2737.2,47.6,4.161,0,北,116.483325,40.013959
H04931,17,3134.8,66.6,3.529,0,南,116.395065,39.728114
H04932,9,3648.7,78.6,4.958,0,南,116.256016,40.010079
H04933,24,4071.8,73.9,4.118,0,北,116.323507,40.05798
H04934,11,3874.6,77.2,2.679,0,东南,116.42008,39.953186
H04935,12,8366.2,147.9,3.114,0,东南,116.545817,39.933954
H04936,7,6244.3,136.2,1.334,0,南,116.147125,39.788857
H04937,6,6698.9,144.2,3.263,0,东,116.471614,40.021945
H04938,8,6816.4,129.9,2.862,1,南,116.195638,39.844248
H04939,16,7697.2,133.6,2.814,1,西,116.033468,40.071255
H04940,3,3744.8,72.2,0.929,0,南,116.246555,40.070792
H04941,19,3462.9,69.4,3.046,0,南,116.270227,40.023331
H04942,18,5325.8,105.6,3.056,0,南,116.469911,39.96101
H04943,9,6367.1,124.7,4.711,1,东,116.510417,40.0474
H04944,20,4904.8,91.3,2.8,0,南,116.059219,40.062368
H04945,10,7845.3,142.8,4.649,1,东南,116.4667,39.8377
H04946,16,3496.9,60.4,1.477,1,西,116.373968,40.037049
H04947,14,2908.1,54.6,1.72,0,西,116.579126,39.887213
H04948,13,3293.2,52.5,1.235,1,南,116.551583,39.871386
H04949,24,4751.4,92.7,0.221,1,西,116.411094,39.819562
H04950,16,3172.7,60.5,2.17,0,南,116.081137,39.939645
H04951,24,3651.7,57.1,0.951,0,南,116.228166,40.034523
H04952,9,4305.9,97.8,2.512,0,南,116.309032,39.784611
H04953,3,6574.1,128.5,3.071,1,南,116.212655,39.922977
H04954,3,8919.9,143.9,2.583,1,东,116.147364,39.916327
H04955,24,6641.6,137.6,1.416,0,南,116.546146,39.812543
H04956,3,6821.1,134.6,2.458,1,东,116.45153,39.889502
H04957,20,7493.6,144.7,4.365,0,东南,116.355784,39.945142
H04958,13,3854.5,67.1,0.479,0,南,116.20728,40.014381
H04959,12,6214.1,116.2,2.708,1,南,116.254466,39.914902
H04960,24,5568.8,133.1,2.465,0,北,116.588231,39.791044
H04961,17,5024.9,106.4,2.841,1,北,116.317147,39.775274
H04962,11,4710.3,87.0,0.48,1,南,116.371883,39.785543
H04963,4,3388.9,61.2,1.34,1,北,116.155857,39.801965
H04964,21,5067.7,102.4,1.326,1,南,116.294071,39.754307
H04965,17,7023.4,129.1,2.009,1,西,116.017501,39.985545
H04966,18,8093.2,148.8,2.142,1,北,116.343397,39.773132
H04967,18,9123.0,153.1,0.958,1,南,116.513252,39.959121
H04968,16,3811.0,65.4,2.168,0,南,116.025667,39.795864
H04969,23,3154.3,48.4,1.499,0,南,116.573291,40.058863
H04970,20,5179.9,110.6,3.688,0,东,116.589392,39.920148
H04971,15,6197.6,124.4,3.24,1,北,116.585946,39.75117
H04972,17,3916.0,70.2,4.511,1,西,116.309465,39.97578
H04973,15,5596.5,92.2,0.222,1,南,116.152173,39.86615
H04974,11,6484.9,122.8,1.58,1,南,116.10108,39.965758
H04975,21,8372.9,149.8,2.439,1,南,116.076894,39.884898
H04976,20,7060.5,127.5,0.714,0,南,116.529391,39.92737
H04977,14,3841.4,72.2,3.46,0,北,116.088537,40.038344
H04978,14,2856.9,52.1,2.915,1,南,116.353279,39.944459
H04979,24,7568.8,141.1,0.59,1,南,116.049103,39.763383
H04980,21,3170.8,54.9,1.633,0,西,116.171527,39.841996
H04981,21,8770.5,157.3,4.854,1,东,116.597308,39.74226
H04982,18,9137.8,153.2,2.033,0,南,116.54014,40.025166
H04983,23,3646.7,67.9,1.775,0,北,116.165942,39.963039
H04984,16,3212.6,50.8,1.284,1,南,116.180712,39.7273
H04985,24,4733.5,80.5,0.635,1,东,116.120479,39.895752
H04986,2,3123.6,55.5,0.332,1,南,116.397698,39.769542
H04987,8,3518.9,63.9,1.805,1,南,116.110256,39.855174
H04988,22,8078.7,141.5,2.888,0,西,116.211812,39.94581
H04989,22,7075.7,136.3,2.337,0,北,116.558784,39.990989
H04990,13,4337.2,86.8,2.303,0,北,116.555478,40.02374
H04991,12,7772.1,131.2,0.869,1,北,116.266121,40.087626
H04992,2,4306.9,95.6,1.335,0,北,116.438816,39.898229
H04993,10,5037.3,119.2,0.778,0,北,116.288925,39.746912
H04994,10,5563.1,120.7,2.273,1,东,116.355316,39.732221
H04995,20,4928.0,99.3,3.373,1,西,116.052503,39.713635
H04996,1,3384.8,52.6,0.571,1,南,116.30976,40.084894
H04997,4,9249.3,159.6,2.313,1,北,116.139725,40.064032
H04998,2,5995.2,106.1,0.475,0,南,116.183564,39.97906
H04999,8,3218.3,62.9,1.424,0,北,116.42188,39.983017
H05000,14,7000.9,132.8,1.445,0,南,116.347427,40.036952
